timestamp,loop_hz,mode,speed_pwm,steer_deg,yaw_deg,roll_deg,pitch_deg,car_x,car_y,lane_anchor,target_x,lateral_err_px,lane_confidence,active_sign,yolo_labels
16:55:57.923,0.7,MANUAL,0,0,0.0,0.0,0.0,4.17,6.89,,320.0,0.0,0.0,,
16:55:58.944,10.7,MANUAL,0,0,0.0,0.0,0.0,4.17,6.89,RIGHT_LANE_ONLY,224.8,-95.2,0.5,,
16:55:59.948,10.8,MANUAL,0,0,0.0,0.0,0.0,4.17,6.89,RIGHT_LANE_ONLY,225.0,-95.0,0.5,,
16:56:00.951,11.1,MANUAL,0,0,0.0,0.0,0.0,4.17,6.89,RIGHT_LANE_ONLY,225.1,-94.9,0.5,,
16:56:02.027,11.7,MANUAL,0,0,0.0,0.0,0.0,4.17,6.89,RIGHT_LANE_ONLY,225.1,-94.9,0.5,,
16:56:03.038,10.6,MANUAL,0,0,0.0,0.0,0.0,4.17,6.89,RIGHT_LANE_ONLY,225.2,-94.8,0.5,,
16:56:04.132,10.6,MANUAL,0,0,0.0,0.0,0.0,4.17,6.89,RIGHT_LANE_ONLY,225.2,-94.8,0.5,,
16:56:05.155,10.6,MANUAL,0,0,0.0,0.0,0.0,4.17,6.89,RIGHT_LANE_ONLY,225.2,-94.8,0.5,,
16:56:06.230,10.7,MANUAL,0,0,0.0,0.0,0.0,4.17,6.89,RIGHT_LANE_ONLY,225.2,-94.8,0.5,,
16:56:07.279,9.2,MANUAL,0,0,0.0,0.0,0.0,4.17,6.89,RIGHT_LANE_ONLY,225.2,-94.8,0.5,,
16:56:08.305,10.8,MANUAL,0,0,0.0,0.0,0.0,4.17,6.89,RIGHT_LANE_ONLY,225.1,-94.9,0.5,,
16:56:09.368,10.7,MANUAL,0,0,0.0,0.0,0.0,4.17,6.89,RIGHT_LANE_ONLY,225.1,-94.9,0.5,,
16:56:10.382,11.3,MANUAL,0,0,0.0,0.0,0.0,4.17,6.89,RIGHT_LANE_ONLY,225.2,-94.8,0.5,,
16:56:11.413,10.1,MANUAL,0,0,0.0,0.0,0.0,4.17,6.89,RIGHT_LANE_ONLY,225.2,-94.8,0.5,,
16:56:12.445,11.0,MANUAL,0,0,0.0,0.0,0.0,4.17,6.89,RIGHT_LANE_ONLY,225.2,-94.8,0.5,,
16:56:13.455,11.2,MANUAL,0,0,0.0,0.0,0.0,4.17,6.89,RIGHT_LANE_ONLY,225.2,-94.8,0.5,,
16:56:14.534,11.6,MANUAL,0,0,0.0,0.0,0.0,4.17,6.89,RIGHT_LANE_ONLY,225.1,-94.9,0.5,,
16:56:15.539,10.2,MANUAL,0,0,0.0,0.0,0.0,4.17,6.89,RIGHT_LANE_ONLY,225.1,-94.9,0.5,,
16:56:16.577,10.6,MANUAL,0,0,0.0,0.0,0.0,4.17,6.89,RIGHT_LANE_ONLY,225.1,-94.9,0.5,,
16:56:17.619,10.7,MANUAL,0,0,0.0,0.0,0.0,4.17,6.89,RIGHT_LANE_ONLY,225.1,-94.9,0.5,,
16:56:18.650,10.7,MANUAL,0,0,0.0,0.0,0.0,4.17,6.89,RIGHT_LANE_ONLY,225.0,-95.0,0.5,,
16:56:19.670,10.8,MANUAL,0,0,0.0,0.0,0.0,4.17,6.89,CENTER_DUAL,348.3,28.3,1.0,,
16:56:20.729,12.3,MANUAL,0,0,0.0,0.0,0.0,4.17,6.89,CENTER_DUAL,349.4,29.4,1.0,,
16:56:21.734,11.4,MANUAL,0,0,0.0,0.0,0.0,4.17,6.89,CENTER_DUAL,347.6,27.6,1.0,,
16:56:22.793,11.0,MANUAL,0,0,0.0,0.0,0.0,4.17,6.89,CENTER_DUAL,346.5,26.5,1.0,,
16:56:23.880,10.9,MANUAL,0,0,0.0,0.0,0.0,4.17,6.89,CENTER_DUAL,345.9,25.9,1.0,,
16:56:24.891,11.6,MANUAL,0,0,0.0,0.0,0.0,4.17,6.89,CENTER_DUAL,345.6,25.6,1.0,,
16:56:25.912,11.3,MANUAL,0,0,0.0,0.0,0.0,4.17,6.89,CENTER_DUAL,345.4,25.4,1.0,,
16:56:26.987,11.6,MANUAL,0,0,0.0,0.0,0.0,4.17,6.89,CENTER_DUAL,345.2,25.2,1.0,,
16:56:28.022,8.3,MANUAL,0,0,0.0,0.0,0.0,4.17,6.89,CENTER_DUAL,345.1,25.1,1.0,,
16:56:29.078,9.2,MANUAL,0,0,0.0,0.0,0.0,4.17,6.89,CENTER_DUAL,345.0,25.0,1.0,,
16:56:30.107,9.1,MANUAL,0,0,0.0,0.0,0.0,4.17,6.89,CENTER_DUAL,344.9,24.9,1.0,,
16:56:31.144,8.1,MANUAL,0,0,0.0,0.0,0.0,4.17,6.89,CENTER_DUAL,344.8,24.8,1.0,,
16:56:32.183,8.1,MANUAL,0,0,0.0,0.0,0.0,4.17,6.89,CENTER_DUAL,344.7,24.7,1.0,,
16:56:33.206,8.1,MANUAL,0,0,0.0,0.0,0.0,4.17,6.89,CENTER_DUAL,344.7,24.7,1.0,,
16:56:34.225,9.2,MANUAL,0,0,0.0,0.0,0.0,4.17,6.89,CENTER_DUAL,344.7,24.7,1.0,,
16:56:35.243,7.9,MANUAL,0,0,0.0,0.0,0.0,4.17,6.89,CENTER_DUAL,344.7,24.7,1.0,,
16:56:36.278,8.5,MANUAL,0,0,0.0,0.0,0.0,4.17,6.89,CENTER_DUAL,344.7,24.7,1.0,,
16:56:37.324,9.2,MANUAL,0,0,0.0,0.0,0.0,4.17,6.89,CENTER_DUAL,344.7,24.7,1.0,,
16:56:38.368,9.3,MANUAL,0,0,0.0,0.0,0.0,4.17,6.89,CENTER_DUAL,344.6,24.6,1.0,,
16:56:39.406,9.3,MANUAL,0,0,0.0,0.0,0.0,4.17,6.89,CENTER_DUAL,344.6,24.6,1.0,,
16:56:40.427,8.0,MANUAL,0,0,0.0,0.0,0.0,4.17,6.89,CENTER_DUAL,344.5,24.5,1.0,,
16:56:41.441,9.1,MANUAL,0,0,0.0,0.0,0.0,4.17,6.89,CENTER_DUAL,344.4,24.4,1.0,,
16:56:42.510,8.0,MANUAL,0,0,0.0,0.0,0.0,4.17,6.89,CENTER_DUAL,344.4,24.4,1.0,,
16:56:43.524,9.0,MANUAL,0,0,0.0,0.0,0.0,4.17,6.89,CENTER_DUAL,344.4,24.4,1.0,,
16:56:44.592,9.2,MANUAL,0,0,0.0,0.0,0.0,4.17,6.89,CENTER_DUAL,344.4,24.4,1.0,,
16:56:45.622,9.3,MANUAL,0,0,0.0,0.0,0.0,4.17,6.89,CENTER_DUAL,344.5,24.5,1.0,,
16:56:46.645,7.9,MANUAL,0,0,0.0,0.0,0.0,4.17,6.89,CENTER_DUAL,344.6,24.6,1.0,,
16:56:47.683,9.3,MANUAL,0,0,0.0,0.0,0.0,4.17,6.89,CENTER_DUAL,344.6,24.6,1.0,,
16:56:48.741,9.0,MANUAL,0,0,0.0,0.0,0.0,4.17,6.89,CENTER_DUAL,344.5,24.5,1.0,,
16:56:49.755,8.1,MANUAL,0,0,0.0,0.0,0.0,4.17,6.89,CENTER_DUAL,344.3,24.3,1.0,,
16:56:50.835,9.0,MANUAL,0,0,0.0,0.0,0.0,4.17,6.89,CENTER_DUAL,344.3,24.3,1.0,,
16:56:51.909,9.1,MANUAL,0,0,0.0,0.0,0.0,4.17,6.89,CENTER_DUAL,344.3,24.3,1.0,,
16:56:52.979,8.1,MANUAL,0,0,0.0,0.0,0.0,4.17,6.89,CENTER_DUAL,344.3,24.3,1.0,,
16:56:54.025,8.0,MANUAL,0,0,0.0,0.0,0.0,4.17,6.89,CENTER_DUAL,344.4,24.4,1.0,,
16:56:55.089,8.0,MANUAL,0,0,0.0,0.0,0.0,4.17,6.89,CENTER_DUAL,344.4,24.4,1.0,,
16:56:56.099,9.0,MANUAL,0,0,0.0,0.0,0.0,4.17,6.89,CENTER_DUAL,344.4,24.4,1.0,,
16:56:57.146,9.3,MANUAL,0,0,0.0,0.0,0.0,4.17,6.89,CENTER_DUAL,344.9,24.9,1.0,,
16:56:58.260,8.1,MANUAL,0,0,0.0,0.0,0.0,4.17,6.89,CENTER_DUAL,346.5,26.5,1.0,,
16:56:59.281,8.0,MANUAL,0,0,0.0,0.0,0.0,4.17,6.89,CENTER_DUAL,346.5,26.5,1.0,,
16:57:00.293,8.1,MANUAL,0,0,0.0,0.0,0.0,4.17,6.89,CENTER_DUAL,346.5,26.5,1.0,,
16:57:01.306,9.2,MANUAL,0,0,0.0,0.0,0.0,4.17,6.89,CENTER_DUAL,346.4,26.4,1.0,,
16:57:02.308,9.0,MANUAL,0,0,0.0,0.0,0.0,4.17,6.89,CENTER_DUAL,347.2,27.2,1.0,,
16:57:03.415,9.2,MANUAL,0,0,0.0,0.0,0.0,4.17,6.89,CENTER_DUAL,348.2,28.2,1.0,,
16:57:04.527,8.0,MANUAL,0,0,0.0,0.0,0.0,4.17,6.89,CENTER_DUAL,353.1,33.1,1.0,,
16:57:05.622,9.3,MANUAL,0,0,0.0,0.0,0.0,4.17,6.89,CENTER_DUAL,374.9,54.9,1.0,,
16:57:06.688,8.0,MANUAL,0,0,0.0,0.0,0.0,4.17,6.89,RIGHT_LANE_ONLY,207.6,-112.4,0.5,,
16:57:07.802,9.3,MANUAL,0,0,0.0,0.0,0.0,4.17,6.89,RIGHT_LANE_ONLY,203.9,-116.1,0.5,,
16:57:08.927,7.1,MANUAL,0,0,0.0,0.0,0.0,4.17,6.89,RIGHT_LANE_ONLY,202.6,-117.4,0.5,,
16:57:10.003,7.9,MANUAL,0,0,0.0,0.0,0.0,4.17,6.89,RIGHT_LANE_ONLY,201.9,-118.1,0.5,,
16:57:11.041,9.1,MANUAL,0,0,0.0,0.0,0.0,4.17,6.89,RIGHT_LANE_ONLY,201.7,-118.3,0.5,,
16:57:12.100,9.2,MANUAL,0,0,0.0,0.0,0.0,4.17,6.89,RIGHT_LANE_ONLY,201.6,-118.4,0.5,,
16:57:13.190,8.0,MANUAL,0,0,0.0,0.0,0.0,4.17,6.89,RIGHT_LANE_ONLY,201.3,-118.7,0.5,,
16:57:14.240,8.1,MANUAL,0,0,0.0,0.0,0.0,4.17,6.89,RIGHT_LANE_ONLY,201.1,-118.9,0.5,,
16:57:15.316,8.1,MANUAL,0,0,0.0,0.0,0.0,4.17,6.89,RIGHT_LANE_ONLY,201.3,-118.7,0.5,,
16:57:16.360,9.2,MANUAL,0,0,0.0,0.0,0.0,4.17,6.89,RIGHT_LANE_ONLY,201.7,-118.3,0.5,,
16:57:17.428,8.1,MANUAL,0,0,0.0,0.0,0.0,4.17,6.89,RIGHT_LANE_ONLY,202.0,-118.0,0.5,,
16:57:18.462,8.2,MANUAL,0,0,0.0,0.0,0.0,4.17,6.89,RIGHT_LANE_ONLY,202.2,-117.8,0.5,,
16:57:19.465,9.1,MANUAL,0,0,0.0,0.0,0.0,4.17,6.89,RIGHT_LANE_ONLY,202.3,-117.7,0.5,,
16:57:20.519,8.0,MANUAL,0,0,0.0,0.0,0.0,4.17,6.89,RIGHT_LANE_ONLY,202.3,-117.7,0.5,,
16:57:21.569,7.9,MANUAL,0,0,0.0,0.0,0.0,4.17,6.89,RIGHT_LANE_ONLY,202.1,-117.9,0.5,,
16:57:22.586,9.3,MANUAL,0,0,0.0,0.0,0.0,4.17,6.89,RIGHT_LANE_ONLY,202.0,-118.0,0.5,,
16:57:23.623,8.3,MANUAL,0,0,0.0,0.0,0.0,4.17,6.89,RIGHT_LANE_ONLY,202.4,-117.6,0.5,,
16:57:24.696,9.1,MANUAL,0,0,0.0,0.0,0.0,4.17,6.89,RIGHT_LANE_ONLY,203.8,-116.2,0.5,,
16:57:25.739,8.1,MANUAL,0,0,0.0,0.0,0.0,4.17,6.89,CENTER_DUAL,326.0,6.0,1.0,,
16:57:26.798,9.0,MANUAL,0,0,0.0,0.0,0.0,4.17,6.89,CENTER_DUAL,345.0,25.0,1.0,,
16:57:27.870,10.9,MANUAL,0,0,0.0,0.0,0.0,4.17,6.89,CENTER_DUAL,346.5,26.5,1.0,,
16:57:28.977,8.1,MANUAL,0,0,0.0,0.0,0.0,4.17,6.89,CENTER_DUAL,349.0,29.0,1.0,,
16:57:30.024,9.1,MANUAL,0,0,0.0,0.0,0.0,4.17,6.89,CENTER_DUAL,373.7,53.7,1.0,,
16:57:31.103,8.2,MANUAL,0,0,0.0,0.0,0.0,4.17,6.89,CENTER_DUAL,362.9,42.9,1.0,,
16:57:32.132,7.1,MANUAL,0,0,0.0,0.0,0.0,4.17,6.89,CENTER_DUAL,358.2,38.2,1.0,,
16:57:33.213,7.0,MANUAL,0,0,0.0,0.0,0.0,4.17,6.89,CENTER_DUAL,357.4,37.4,1.0,,
16:57:34.295,7.2,MANUAL,0,0,0.0,0.0,0.0,4.17,6.89,CENTER_DUAL,356.1,36.1,1.0,,
16:57:35.399,7.1,MANUAL,0,0,0.0,0.0,0.0,4.17,6.89,CENTER_DUAL,345.4,25.4,1.0,,
16:57:36.471,7.1,MANUAL,0,0,0.0,0.0,0.0,4.17,6.89,CENTER_DUAL,339.3,19.3,1.0,,
16:57:37.573,10.6,MANUAL,0,0,0.0,0.0,0.0,4.17,6.89,CENTER_DUAL,340.1,20.1,1.0,,
16:57:38.608,8.0,MANUAL,0,0,0.0,0.0,0.0,4.17,6.89,CENTER_DUAL,343.3,23.3,1.0,,
16:57:39.649,9.5,MANUAL,0,0,0.0,0.0,0.0,4.17,6.89,CENTER_DUAL,343.7,23.7,1.0,,
16:57:40.768,8.1,MANUAL,0,0,0.0,0.0,0.0,4.17,6.89,CENTER_DUAL,343.9,23.9,1.0,,
16:57:41.797,9.3,MANUAL,0,0,0.0,0.0,0.0,4.17,6.89,CENTER_DUAL,344.4,24.4,1.0,,
16:57:42.810,9.3,MANUAL,0,0,0.0,0.0,0.0,4.17,6.89,CENTER_DUAL,345.8,25.8,1.0,,
16:57:43.868,8.2,MANUAL,0,0,0.0,0.0,0.0,4.17,6.89,CENTER_DUAL,345.9,25.9,1.0,,
16:57:44.936,8.0,MANUAL,0,0,0.0,0.0,0.0,4.17,6.89,CENTER_DUAL,345.9,25.9,1.0,,
16:57:46.036,9.2,MANUAL,0,0,0.0,0.0,0.0,4.17,6.89,CENTER_DUAL,345.9,25.9,1.0,,
16:57:47.127,9.2,MANUAL,0,0,0.0,0.0,0.0,4.17,6.89,CENTER_DUAL,345.9,25.9,1.0,,
16:57:48.234,9.2,MANUAL,0,0,0.0,0.0,0.0,4.17,6.89,CENTER_DUAL,345.3,25.3,1.0,,
16:57:49.251,9.1,MANUAL,0,0,0.0,0.0,0.0,4.17,6.89,CENTER_DUAL,346.0,26.0,1.0,,
16:57:50.282,8.1,MANUAL,0,0,0.0,0.0,0.0,4.17,6.89,CENTER_DUAL,346.9,26.9,1.0,,
16:57:51.303,8.0,MANUAL,0,0,0.0,0.0,0.0,4.17,6.89,CENTER_DUAL,347.5,27.5,1.0,,
16:57:52.327,9.1,MANUAL,0,0,0.0,0.0,0.0,4.17,6.89,CENTER_DUAL,348.0,28.0,1.0,,
16:57:53.340,8.0,MANUAL,0,0,0.0,0.0,0.0,4.17,6.89,CENTER_DUAL,348.3,28.3,1.0,,
16:57:54.407,9.2,MANUAL,0,0,0.0,0.0,0.0,4.17,6.89,CENTER_DUAL,348.6,28.6,1.0,,
16:57:55.455,8.1,MANUAL,0,0,0.0,0.0,0.0,4.17,6.89,CENTER_DUAL,348.8,28.8,1.0,,
16:57:56.555,9.2,MANUAL,0,0,0.0,0.0,0.0,4.17,6.89,CENTER_DUAL,349.0,29.0,1.0,,
16:57:57.649,9.3,MANUAL,0,0,0.0,0.0,0.0,4.17,6.89,CENTER_DUAL,349.0,29.0,1.0,,
16:57:58.689,8.2,MANUAL,0,0,0.0,0.0,0.0,4.17,6.89,CENTER_DUAL,349.0,29.0,1.0,,
16:57:59.702,9.3,MANUAL,0,0,0.0,0.0,0.0,4.17,6.89,CENTER_DUAL,368.8,48.8,1.0,,
16:58:00.722,9.3,MANUAL,0,0,0.0,0.0,0.0,4.17,6.89,CENTER_DUAL,370.5,50.5,1.0,,
16:58:01.830,8.1,MANUAL,0,0,0.0,0.0,0.0,4.17,6.89,CENTER_DUAL,378.4,58.4,1.0,,
16:58:02.859,9.3,MANUAL,0,0,0.0,0.0,0.0,4.17,6.89,CENTER_DUAL,379.4,59.4,1.0,,
16:58:03.924,8.0,MANUAL,0,0,0.0,0.0,0.0,4.17,6.89,CENTER_DUAL,387.1,67.1,1.0,,
16:58:04.940,8.9,MANUAL,0,0,0.0,0.0,0.0,4.17,6.89,CENTER_DUAL,343.1,23.1,1.0,,
16:58:06.026,8.0,MANUAL,0,0,0.0,0.0,0.0,4.17,6.89,CENTER_DUAL,306.9,-13.1,1.0,,
16:58:07.123,7.2,MANUAL,0,0,0.0,0.0,0.0,4.17,6.89,CENTER_DUAL,329.6,9.6,1.0,,
16:58:08.249,7.3,MANUAL,0,0,0.0,0.0,0.0,4.17,6.89,CENTER_DUAL,319.8,-0.2,1.0,,
16:58:09.365,7.2,MANUAL,0,0,0.0,0.0,0.0,4.17,6.89,CENTER_DUAL,319.4,-0.6,1.0,,
16:58:10.370,7.2,MANUAL,0,0,0.0,0.0,0.0,4.17,6.89,CENTER_DUAL,321.8,1.8,1.0,,
16:58:11.499,6.7,MANUAL,0,0,0.0,0.0,0.0,4.17,6.89,CENTER_DUAL,321.7,1.7,1.0,,
16:58:12.619,7.1,MANUAL,0,0,0.0,0.0,0.0,4.17,6.89,CENTER_DUAL,331.0,11.0,1.0,,
16:58:13.727,7.0,MANUAL,0,0,0.0,0.0,0.0,4.17,6.89,CENTER_DUAL,348.5,28.5,1.0,,
16:58:14.871,6.4,MANUAL,0,0,0.0,0.0,0.0,4.17,6.89,CENTER_DUAL,349.8,29.8,1.0,,
16:58:15.969,6.5,MANUAL,0,0,0.0,0.0,0.0,4.17,6.89,CENTER_DUAL,350.4,30.4,1.0,,
16:58:16.976,7.1,MANUAL,0,0,0.0,0.0,0.0,4.17,6.89,CENTER_DUAL,350.1,30.1,1.0,,
16:58:17.977,7.0,MANUAL,0,0,0.0,0.0,0.0,4.17,6.89,CENTER_DUAL,349.1,29.1,1.0,,
16:58:19.082,6.5,MANUAL,0,0,0.0,0.0,0.0,4.17,6.89,CENTER_DUAL,349.2,29.2,1.0,,
16:58:20.088,7.2,MANUAL,0,0,0.0,0.0,0.0,4.17,6.89,CENTER_DUAL,350.1,30.1,1.0,,
16:58:21.180,7.1,MANUAL,0,0,0.0,0.0,0.0,4.17,6.89,CENTER_DUAL,353.1,33.1,1.0,,
16:58:22.270,7.1,MANUAL,0,0,0.0,0.0,0.0,4.17,6.89,CENTER_DUAL,358.9,38.9,1.0,,
16:58:23.363,7.1,MANUAL,0,0,0.0,0.0,0.0,4.17,6.89,CENTER_DUAL,363.5,43.5,1.0,,
16:58:24.378,6.4,MANUAL,0,0,0.0,0.0,0.0,4.17,6.89,CENTER_DUAL,374.4,54.4,1.0,,
16:58:25.488,7.2,MANUAL,0,0,0.0,0.0,0.0,4.17,6.89,CENTER_DUAL,388.7,68.7,1.0,,
16:58:26.575,7.3,MANUAL,0,0,0.0,0.0,0.0,4.17,6.89,CENTER_DUAL,381.7,61.7,1.0,,
16:58:27.684,7.2,MANUAL,0,0,0.0,0.0,0.0,4.17,6.89,CENTER_DUAL,366.1,46.1,1.0,,
16:58:28.752,8.2,MANUAL,0,0,0.0,0.0,0.0,4.17,6.89,CENTER_DUAL,350.9,30.9,1.0,,
16:58:29.788,7.2,MANUAL,0,0,0.0,0.0,0.0,4.17,6.89,CENTER_DUAL,348.5,28.5,1.0,,
16:58:30.792,8.1,MANUAL,0,0,0.0,0.0,0.0,4.17,6.89,CENTER_DUAL,356.2,36.2,1.0,,
16:58:31.844,8.1,MANUAL,0,0,0.0,0.0,0.0,4.17,6.89,CENTER_DUAL,357.8,37.8,1.0,,
16:58:32.888,7.3,MANUAL,0,0,0.0,0.0,0.0,4.17,6.89,CENTER_DUAL,358.9,38.9,1.0,,
16:58:33.918,8.0,MANUAL,0,0,0.0,0.0,0.0,4.17,6.89,CENTER_DUAL,359.6,39.6,1.0,,
16:58:34.936,8.0,MANUAL,0,0,0.0,0.0,0.0,4.17,6.89,CENTER_DUAL,360.1,40.1,1.0,,
16:58:35.960,8.0,MANUAL,0,0,0.0,0.0,0.0,4.17,6.89,CENTER_DUAL,360.6,40.6,1.0,,
16:58:36.984,7.4,MANUAL,0,0,0.0,0.0,0.0,4.17,6.89,CENTER_DUAL,360.8,40.8,1.0,,
16:58:37.994,8.0,MANUAL,0,0,0.0,0.0,0.0,4.17,6.89,CENTER_DUAL,361.0,41.0,1.0,,
16:58:39.117,8.2,MANUAL,0,0,0.0,0.0,0.0,4.17,6.89,CENTER_DUAL,361.2,41.2,1.0,,
16:58:40.130,8.0,MANUAL,0,0,0.0,0.0,0.0,4.17,6.89,CENTER_DUAL,361.3,41.3,1.0,,
16:58:41.181,7.2,MANUAL,0,0,0.0,0.0,0.0,4.17,6.89,CENTER_DUAL,361.4,41.4,1.0,,
16:58:42.259,7.2,MANUAL,0,0,0.0,0.0,0.0,4.17,6.89,CENTER_DUAL,361.5,41.5,1.0,,
16:58:43.302,8.1,MANUAL,0,0,0.0,0.0,0.0,4.17,6.89,CENTER_DUAL,361.6,41.6,1.0,,
16:58:44.355,7.1,MANUAL,0,0,0.0,0.0,0.0,4.17,6.89,CENTER_DUAL,361.6,41.6,1.0,,
16:58:45.364,8.0,MANUAL,0,0,0.0,0.0,0.0,4.17,6.89,CENTER_DUAL,361.5,41.5,1.0,,
16:58:46.498,7.1,MANUAL,0,0,0.0,0.0,0.0,4.17,6.89,CENTER_DUAL,343.5,23.5,1.0,,
16:58:47.535,7.1,MANUAL,0,0,0.0,0.0,0.0,4.17,6.89,CENTER_DUAL,341.2,21.2,1.0,,
16:58:48.657,8.1,MANUAL,0,0,0.0,0.0,0.0,4.17,6.89,CENTER_DUAL,353.6,33.6,1.0,,
16:58:49.660,8.1,MANUAL,0,0,0.0,0.0,0.0,4.17,6.89,CENTER_DUAL,354.1,34.1,1.0,,
16:58:50.713,7.2,MANUAL,0,0,0.0,0.0,0.0,4.17,6.89,CENTER_DUAL,336.7,16.7,1.0,,
16:58:51.748,8.0,MANUAL,0,0,0.0,0.0,0.0,4.17,6.89,CENTER_DUAL,362.4,42.4,1.0,,
16:58:52.781,8.1,MANUAL,0,0,0.0,0.0,0.0,4.17,6.89,CENTER_DUAL,385.3,65.3,1.0,,
16:58:53.829,7.3,MANUAL,0,0,0.0,0.0,0.0,4.17,6.89,CENTER_DUAL,380.4,60.4,1.0,,
16:58:54.952,8.0,MANUAL,0,0,0.0,0.0,0.0,4.17,6.89,CENTER_DUAL,359.5,39.5,1.0,,
16:58:55.977,8.1,MANUAL,0,0,0.0,0.0,0.0,4.17,6.89,CENTER_DUAL,363.7,43.7,1.0,,
16:58:57.087,8.0,MANUAL,0,0,0.0,0.0,0.0,4.17,6.89,CENTER_DUAL,364.9,44.9,1.0,,
16:58:58.088,8.1,MANUAL,0,0,0.0,0.0,0.0,4.17,6.89,CENTER_DUAL,365.2,45.2,1.0,,
16:58:59.128,6.6,MANUAL,0,0,0.0,0.0,0.0,4.17,6.89,CENTER_DUAL,363.9,43.9,1.0,,
16:59:00.151,7.1,MANUAL,0,0,0.0,0.0,0.0,4.17,6.89,CENTER_DUAL,362.6,42.6,1.0,,
16:59:01.284,6.5,MANUAL,0,0,0.0,0.0,0.0,4.17,6.89,CENTER_DUAL,361.6,41.6,1.0,,
16:59:02.428,7.1,MANUAL,0,0,0.0,0.0,0.0,4.17,6.89,CENTER_DUAL,356.0,36.0,1.0,,
16:59:03.517,8.0,MANUAL,0,0,0.0,0.0,0.0,4.17,6.89,CENTER_DUAL,354.6,34.6,1.0,,
16:59:04.612,7.2,MANUAL,0,0,0.0,0.0,0.0,4.17,6.89,CENTER_DUAL,353.8,33.8,1.0,,
16:59:05.738,7.2,MANUAL,0,0,0.0,0.0,0.0,4.17,6.89,CENTER_DUAL,351.2,31.2,1.0,,
16:59:06.749,8.0,MANUAL,0,0,0.0,0.0,0.0,4.17,6.89,CENTER_DUAL,347.1,27.1,1.0,,
16:59:07.783,8.0,MANUAL,0,0,0.0,0.0,0.0,4.17,6.89,CENTER_DUAL,358.2,38.2,1.0,,
16:59:08.800,8.0,MANUAL,0,0,0.0,0.0,0.0,4.17,6.89,CENTER_DUAL,389.6,69.6,1.0,,
16:59:09.924,7.0,MANUAL,0,0,0.0,0.0,0.0,4.17,6.89,CENTER_DUAL,381.4,61.4,1.0,,
16:59:11.049,7.1,MANUAL,0,0,0.0,0.0,0.0,4.17,6.89,CENTER_DUAL,368.6,48.6,1.0,,
16:59:12.141,8.1,MANUAL,0,0,0.0,0.0,0.0,4.17,6.89,CENTER_DUAL,380.5,60.5,1.0,,
16:59:13.199,8.1,MANUAL,0,0,0.0,0.0,0.0,4.17,6.89,CENTER_DUAL,388.2,68.2,1.0,,
16:59:14.235,7.1,MANUAL,0,0,0.0,0.0,0.0,4.17,6.89,CENTER_DUAL,238.0,-82.0,1.0,,
16:59:15.297,7.3,MANUAL,0,0,0.0,0.0,0.0,4.17,6.89,CENTER_DUAL,243.9,-76.1,1.0,,
16:59:16.324,8.2,MANUAL,0,0,0.0,0.0,0.0,4.17,6.89,CENTER_DUAL,265.2,-54.8,1.0,,
16:59:17.391,8.0,MANUAL,0,0,0.0,0.0,0.0,4.17,6.89,CENTER_DUAL,273.8,-46.2,1.0,,
16:59:18.457,9.1,MANUAL,0,0,0.0,0.0,0.0,4.17,6.89,CENTER_DUAL,283.7,-36.3,1.0,,
16:59:19.529,9.2,MANUAL,0,0,0.0,0.0,0.0,4.17,6.89,CENTER_DUAL,313.7,-6.3,1.0,,
16:59:20.599,8.1,MANUAL,0,0,0.0,0.0,0.0,4.17,6.89,CENTER_DUAL,268.2,-51.8,1.0,,
16:59:21.632,8.0,MANUAL,0,0,0.0,0.0,0.0,4.17,6.89,CENTER_DUAL,267.4,-52.6,1.0,,
16:59:22.671,8.1,MANUAL,0,0,0.0,0.0,0.0,4.17,6.89,CENTER_DUAL,266.8,-53.2,1.0,,
16:59:23.679,8.0,MANUAL,0,0,0.0,0.0,0.0,4.17,6.89,CENTER_DUAL,266.5,-53.5,1.0,,
16:59:24.781,8.1,MANUAL,0,0,0.0,0.0,0.0,4.17,6.89,CENTER_DUAL,266.2,-53.8,1.0,,
16:59:25.784,8.0,MANUAL,0,0,0.0,0.0,0.0,4.17,6.89,CENTER_DUAL,266.1,-53.9,1.0,,
16:59:26.808,7.3,MANUAL,0,0,0.0,0.0,0.0,4.17,6.89,CENTER_DUAL,264.4,-55.6,1.0,,
16:59:27.816,8.0,MANUAL,0,0,0.0,0.0,0.0,4.17,6.89,CENTER_DUAL,259.3,-60.7,1.0,,
16:59:28.872,7.1,MANUAL,0,0,0.0,0.0,0.0,4.17,6.89,CENTER_DUAL,267.8,-52.2,1.0,,
16:59:29.977,7.1,MANUAL,0,0,0.0,0.0,0.0,4.17,6.89,CENTER_DUAL,280.5,-39.5,1.0,,
16:59:31.087,7.0,MANUAL,0,0,0.0,0.0,0.0,4.17,6.89,CENTER_DUAL,270.5,-49.5,1.0,,
16:59:32.174,7.1,MANUAL,0,0,0.0,0.0,0.0,4.17,6.89,CENTER_DUAL,280.3,-39.7,1.0,,
16:59:33.215,8.0,MANUAL,0,0,0.0,0.0,0.0,4.17,6.89,CENTER_DUAL,281.5,-38.5,1.0,,
16:59:34.308,7.3,MANUAL,0,0,0.0,0.0,0.0,4.17,6.89,CENTER_DUAL,270.0,-50.0,1.0,,
16:59:35.376,7.2,MANUAL,0,0,0.0,0.0,0.0,4.17,6.89,CENTER_DUAL,270.4,-49.6,1.0,,
16:59:36.464,8.0,MANUAL,0,0,0.0,0.0,0.0,4.17,6.89,CENTER_DUAL,270.9,-49.1,1.0,,
16:59:37.498,8.0,MANUAL,0,0,0.0,0.0,0.0,4.17,6.89,CENTER_DUAL,271.6,-48.4,1.0,,
16:59:38.599,7.2,MANUAL,0,0,0.0,0.0,0.0,4.17,6.89,CENTER_DUAL,272.9,-47.1,1.0,,
16:59:39.701,7.9,MANUAL,0,0,0.0,0.0,0.0,4.17,6.89,CENTER_DUAL,273.7,-46.3,1.0,,
16:59:40.760,8.1,MANUAL,0,0,0.0,0.0,0.0,4.17,6.89,CENTER_DUAL,274.0,-46.0,1.0,,
16:59:41.778,9.1,MANUAL,0,0,0.0,0.0,0.0,4.17,6.89,RIGHT_LANE_ONLY,262.9,-57.1,0.5,,
16:59:42.780,9.2,MANUAL,0,0,0.0,0.0,0.0,4.17,6.89,RIGHT_LANE_ONLY,255.1,-64.9,0.5,,
16:59:43.825,8.1,MANUAL,0,0,0.0,0.0,0.0,4.17,6.89,RIGHT_LANE_ONLY,254.3,-65.7,0.5,,
16:59:44.844,9.0,MANUAL,0,0,0.0,0.0,0.0,4.17,6.89,RIGHT_LANE_ONLY,254.1,-65.9,0.5,,
16:59:45.956,9.2,MANUAL,0,0,0.0,0.0,0.0,4.17,6.89,RIGHT_LANE_ONLY,254.0,-66.0,0.5,,
16:59:47.034,9.0,MANUAL,0,0,0.0,0.0,0.0,4.17,6.89,RIGHT_LANE_ONLY,254.0,-66.0,0.5,,
16:59:48.111,9.2,MANUAL,0,0,0.0,0.0,0.0,4.17,6.89,RIGHT_LANE_ONLY,252.0,-68.0,0.5,,
16:59:49.178,9.1,MANUAL,0,0,0.0,0.0,0.0,4.17,6.89,CENTER_DUAL,402.7,82.7,1.0,,
16:59:50.247,9.1,MANUAL,0,0,0.0,0.0,0.0,4.17,6.89,RIGHT_LANE_ONLY,247.8,-72.2,0.5,,
16:59:51.316,9.1,MANUAL,0,0,0.0,0.0,0.0,4.17,6.89,RIGHT_LANE_ONLY,232.9,-87.1,0.5,,
16:59:52.349,9.3,MANUAL,0,0,0.0,0.0,0.0,4.17,6.89,RIGHT_LANE_ONLY,231.9,-88.1,0.5,,
16:59:53.431,9.5,MANUAL,0,0,0.0,0.0,0.0,4.17,6.89,RIGHT_LANE_ONLY,230.8,-89.2,0.5,,
16:59:54.537,9.2,MANUAL,0,0,0.0,0.0,0.0,4.17,6.89,RIGHT_LANE_ONLY,229.6,-90.4,0.5,,
16:59:55.612,9.1,MANUAL,0,0,0.0,0.0,0.0,4.17,6.89,RIGHT_LANE_ONLY,228.8,-91.2,0.5,,
16:59:56.616,9.3,MANUAL,0,0,0.0,0.0,0.0,4.17,6.89,RIGHT_LANE_ONLY,228.2,-91.8,0.5,,
16:59:57.629,9.3,MANUAL,0,0,0.0,0.0,0.0,4.17,6.89,LEFT_LANE_ONLY,331.4,11.4,0.5,,
16:59:58.706,9.1,MANUAL,0,0,0.0,0.0,0.0,4.17,6.89,LEFT_LANE_ONLY,332.9,12.9,0.5,,
16:59:59.817,9.1,MANUAL,0,0,0.0,0.0,0.0,4.17,6.89,LEFT_LANE_ONLY,333.7,13.7,0.5,,
17:00:00.844,9.1,MANUAL,0,0,0.0,0.0,0.0,4.17,6.89,LEFT_LANE_ONLY,334.1,14.1,0.5,,
17:00:01.868,9.2,MANUAL,0,0,0.0,0.0,0.0,4.17,6.89,RIGHT_LANE_ONLY,229.3,-90.7,0.5,,
17:00:02.899,8.1,MANUAL,0,0,0.0,0.0,0.0,4.17,6.89,RIGHT_LANE_ONLY,226.2,-93.8,0.5,,
17:00:03.925,9.1,MANUAL,0,0,0.0,0.0,0.0,4.17,6.89,RIGHT_LANE_ONLY,225.7,-94.3,0.5,,
17:00:04.980,8.0,MANUAL,0,0,0.0,0.0,0.0,4.17,6.89,RIGHT_LANE_ONLY,225.5,-94.5,0.5,,
17:00:05.991,8.2,MANUAL,0,0,0.0,0.0,0.0,4.17,6.89,RIGHT_LANE_ONLY,226.9,-93.1,0.5,,
17:00:07.064,9.1,MANUAL,0,0,0.0,0.0,0.0,4.17,6.89,LEFT_LANE_ONLY,309.1,-10.9,0.5,,
17:00:08.128,7.2,MANUAL,0,0,0.0,0.0,0.0,4.17,6.89,LEFT_LANE_ONLY,330.4,10.4,0.5,,
17:00:09.151,9.4,MANUAL,0,0,0.0,0.0,0.0,4.17,6.89,RIGHT_LANE_ONLY,227.8,-92.2,0.5,,
17:00:10.211,8.0,MANUAL,0,0,0.0,0.0,0.0,4.17,6.89,LEFT_LANE_ONLY,301.5,-18.5,0.5,,
17:00:11.239,8.1,MANUAL,0,0,0.0,0.0,0.0,4.17,6.89,RIGHT_LANE_ONLY,225.6,-94.4,0.5,,
17:00:12.275,8.0,MANUAL,0,0,0.0,0.0,0.0,4.17,6.89,RIGHT_LANE_ONLY,224.5,-95.5,0.5,,
17:00:13.296,9.1,MANUAL,0,0,0.0,0.0,0.0,4.17,6.89,RIGHT_LANE_ONLY,224.6,-95.4,0.5,,
17:00:14.336,9.3,MANUAL,0,0,0.0,0.0,0.0,4.17,6.89,RIGHT_LANE_ONLY,225.2,-94.8,0.5,,
17:00:15.339,9.2,MANUAL,0,0,0.0,0.0,0.0,4.17,6.89,LEFT_LANE_ONLY,327.7,7.7,0.5,,
17:00:16.362,9.2,MANUAL,0,0,0.0,0.0,0.0,4.17,6.89,RIGHT_LANE_ONLY,230.4,-89.6,0.5,,
17:00:17.364,9.1,MANUAL,0,0,0.0,0.0,0.0,4.17,6.89,RIGHT_LANE_ONLY,227.4,-92.6,0.5,,
17:00:18.373,9.1,MANUAL,0,0,0.0,0.0,0.0,4.17,6.89,RIGHT_LANE_ONLY,226.9,-93.1,0.5,,
17:00:19.401,9.2,MANUAL,0,0,0.0,0.0,0.0,4.17,6.89,RIGHT_LANE_ONLY,226.5,-93.5,0.5,,
17:00:20.403,9.0,MANUAL,0,0,0.0,0.0,0.0,4.17,6.89,RIGHT_LANE_ONLY,226.3,-93.7,0.5,,
17:00:21.413,8.1,MANUAL,0,0,0.0,0.0,0.0,4.17,6.89,RIGHT_LANE_ONLY,226.4,-93.6,0.5,,
17:00:22.522,9.4,MANUAL,0,0,0.0,0.0,0.0,4.17,6.89,RIGHT_LANE_ONLY,226.6,-93.4,0.5,,
17:00:23.527,9.3,MANUAL,0,0,0.0,0.0,0.0,4.17,6.89,RIGHT_LANE_ONLY,226.5,-93.5,0.5,,
17:00:24.544,9.3,MANUAL,0,0,0.0,0.0,0.0,4.17,6.89,CENTER_DUAL,309.2,-10.8,1.0,,
17:00:25.551,8.0,MANUAL,0,0,0.0,0.0,0.0,4.17,6.89,CENTER_DUAL,345.1,25.1,1.0,,
17:00:26.577,9.2,MANUAL,0,0,0.0,0.0,0.0,4.17,6.89,CENTER_DUAL,349.4,29.4,1.0,,
17:00:27.590,8.1,MANUAL,0,0,0.0,0.0,0.0,4.17,6.89,CENTER_DUAL,349.9,29.9,1.0,,
17:00:28.677,7.8,MANUAL,0,0,0.0,0.0,0.0,4.17,6.89,CENTER_DUAL,349.5,29.5,1.0,,
17:00:29.767,9.2,MANUAL,0,0,0.0,0.0,0.0,4.17,6.89,CENTER_DUAL,351.8,31.8,1.0,,
17:00:30.790,8.0,MANUAL,0,0,0.0,0.0,0.0,4.17,6.89,CENTER_DUAL,376.1,56.1,1.0,,
17:00:31.904,8.2,MANUAL,0,0,0.0,0.0,0.0,4.17,6.89,CENTER_DUAL,376.1,56.1,1.0,,
17:00:33.012,8.0,MANUAL,0,0,0.0,0.0,0.0,4.17,6.89,CENTER_DUAL,348.0,28.0,1.0,,
17:00:34.109,8.0,MANUAL,0,0,0.0,0.0,0.0,4.17,6.89,CENTER_DUAL,341.9,21.9,1.0,,
17:00:35.195,8.0,MANUAL,0,0,0.0,0.0,0.0,4.17,6.89,CENTER_DUAL,341.9,21.9,1.0,,
17:00:36.212,9.2,MANUAL,0,0,0.0,0.0,0.0,4.17,6.89,CENTER_DUAL,342.5,22.5,1.0,,
17:00:37.229,9.3,MANUAL,0,0,0.0,0.0,0.0,4.17,6.89,CENTER_DUAL,343.1,23.1,1.0,,
17:00:38.343,9.0,MANUAL,0,0,0.0,0.0,0.0,4.17,6.89,CENTER_DUAL,343.4,23.4,1.0,,
17:00:39.437,9.0,MANUAL,0,0,0.0,0.0,0.0,4.17,6.89,CENTER_DUAL,343.4,23.4,1.0,,
17:00:40.498,8.0,MANUAL,0,0,0.0,0.0,0.0,4.17,6.89,CENTER_DUAL,342.8,22.8,1.0,,
17:00:41.502,9.1,MANUAL,0,0,0.0,0.0,0.0,4.17,6.89,CENTER_DUAL,342.0,22.0,1.0,,
17:00:42.519,9.2,MANUAL,0,0,0.0,0.0,0.0,4.17,6.89,CENTER_DUAL,341.8,21.8,1.0,,
17:00:43.587,9.2,MANUAL,0,0,0.0,0.0,0.0,4.17,6.89,CENTER_DUAL,341.2,21.2,1.0,,
17:00:44.630,8.1,MANUAL,0,0,0.0,0.0,0.0,4.17,6.89,CENTER_DUAL,340.0,20.0,1.0,,
17:00:45.688,9.2,MANUAL,0,0,0.0,0.0,0.0,4.17,6.89,CENTER_DUAL,338.1,18.1,1.0,,
17:00:46.737,9.4,MANUAL,0,0,0.0,0.0,0.0,4.17,6.89,CENTER_DUAL,335.9,15.9,1.0,,
17:00:47.793,8.1,MANUAL,0,0,0.0,0.0,0.0,4.17,6.89,CENTER_DUAL,334.1,14.1,1.0,,
17:00:48.903,8.0,MANUAL,0,0,0.0,0.0,0.0,4.17,6.89,CENTER_DUAL,332.5,12.5,1.0,,
17:00:50.014,8.1,MANUAL,0,0,0.0,0.0,0.0,4.17,6.89,CENTER_DUAL,331.3,11.3,1.0,,
17:00:51.131,9.1,MANUAL,0,0,0.0,0.0,0.0,4.17,6.89,CENTER_DUAL,330.3,10.3,1.0,,
17:00:52.139,7.2,MANUAL,0,0,0.0,0.0,0.0,4.17,6.89,CENTER_DUAL,329.8,9.8,1.0,,
17:00:53.150,7.9,MANUAL,0,0,0.0,0.0,0.0,4.17,6.89,CENTER_DUAL,329.4,9.4,1.0,,
17:00:54.281,7.2,MANUAL,0,0,0.0,0.0,0.0,4.17,6.89,CENTER_DUAL,329.3,9.3,1.0,,
17:00:55.288,8.0,MANUAL,0,0,0.0,0.0,0.0,4.17,6.89,CENTER_DUAL,329.6,9.6,1.0,,
17:00:56.305,7.3,MANUAL,0,0,0.0,0.0,0.0,4.17,6.89,CENTER_DUAL,329.3,9.3,1.0,,
17:00:57.311,8.0,MANUAL,0,0,0.0,0.0,0.0,4.17,6.89,CENTER_DUAL,329.1,9.1,1.0,,
17:00:58.425,8.2,MANUAL,0,0,0.0,0.0,0.0,4.17,6.89,CENTER_DUAL,329.2,9.2,1.0,,
17:00:59.440,8.0,MANUAL,0,0,0.0,0.0,0.0,4.17,6.89,CENTER_DUAL,331.9,11.9,1.0,,
17:01:00.466,8.0,MANUAL,0,0,0.0,0.0,0.0,4.17,6.89,CENTER_DUAL,331.5,11.5,1.0,,
17:01:01.478,7.9,MANUAL,0,0,0.0,0.0,0.0,4.17,6.89,CENTER_DUAL,331.8,11.8,1.0,,
17:01:02.509,7.2,MANUAL,0,0,0.0,0.0,0.0,4.17,6.89,CENTER_DUAL,334.0,14.0,1.0,,
17:01:03.544,8.0,MANUAL,0,0,0.0,0.0,0.0,4.17,6.89,CENTER_DUAL,332.9,12.9,1.0,,
17:01:04.580,8.1,MANUAL,0,0,0.0,0.0,0.0,4.17,6.89,CENTER_DUAL,332.3,12.3,1.0,,
17:01:05.588,7.9,MANUAL,0,0,0.0,0.0,0.0,4.17,6.89,CENTER_DUAL,331.6,11.6,1.0,,
17:01:06.592,8.0,MANUAL,0,0,0.0,0.0,0.0,4.17,6.89,CENTER_DUAL,331.1,11.1,1.0,,
17:01:07.706,7.8,MANUAL,0,0,0.0,0.0,0.0,4.17,6.89,CENTER_DUAL,331.9,11.9,1.0,,
17:01:08.805,8.0,MANUAL,0,0,0.0,0.0,0.0,4.17,6.89,CENTER_DUAL,332.8,12.8,1.0,,
17:01:09.876,8.1,MANUAL,0,0,0.0,0.0,0.0,4.17,6.89,CENTER_DUAL,333.4,13.4,1.0,,
17:01:10.979,8.0,MANUAL,0,0,0.0,0.0,0.0,4.17,6.89,CENTER_DUAL,333.7,13.7,1.0,,
17:01:12.091,7.9,MANUAL,0,0,0.0,0.0,0.0,4.17,6.89,CENTER_DUAL,333.9,13.9,1.0,,
17:01:13.173,8.2,MANUAL,0,0,0.0,0.0,0.0,4.17,6.89,CENTER_DUAL,334.0,14.0,1.0,,
17:01:14.224,9.3,MANUAL,0,0,0.0,0.0,0.0,4.17,6.89,CENTER_DUAL,334.1,14.1,1.0,,
17:01:15.300,9.1,MANUAL,0,0,0.0,0.0,0.0,4.17,6.89,CENTER_DUAL,334.2,14.2,1.0,,
17:01:16.374,8.0,MANUAL,0,0,0.0,0.0,0.0,4.17,6.89,CENTER_DUAL,334.3,14.3,1.0,,
17:01:17.429,8.1,MANUAL,0,0,0.0,0.0,0.0,4.17,6.89,CENTER_DUAL,334.6,14.6,1.0,,
17:01:18.524,7.9,MANUAL,0,0,0.0,0.0,0.0,4.17,6.89,CENTER_DUAL,334.8,14.8,1.0,,
17:01:19.608,8.0,MANUAL,0,0,0.0,0.0,0.0,4.17,6.89,CENTER_DUAL,334.8,14.8,1.0,,
17:01:20.708,8.0,MANUAL,0,0,0.0,0.0,0.0,4.17,6.89,CENTER_DUAL,334.9,14.9,1.0,,
17:01:21.796,8.2,MANUAL,0,0,0.0,0.0,0.0,4.17,6.89,CENTER_DUAL,334.8,14.8,1.0,,
17:01:22.800,7.3,MANUAL,0,0,0.0,0.0,0.0,4.17,6.89,CENTER_DUAL,334.7,14.7,1.0,,
17:01:23.874,8.2,MANUAL,0,0,0.0,0.0,0.0,4.17,6.89,CENTER_DUAL,334.5,14.5,1.0,,
17:01:24.993,8.0,MANUAL,0,0,0.0,0.0,0.0,4.17,6.89,CENTER_DUAL,334.4,14.4,1.0,,
17:01:26.072,9.2,MANUAL,0,0,0.0,0.0,0.0,4.17,6.89,CENTER_DUAL,326.7,6.7,1.0,,
17:01:27.172,8.0,MANUAL,0,0,0.0,0.0,0.0,4.17,6.89,CENTER_DUAL,337.3,17.3,1.0,,
17:01:28.293,8.0,MANUAL,0,0,0.0,0.0,0.0,4.17,6.89,CENTER_DUAL,338.5,18.5,1.0,,
17:01:29.334,8.0,MANUAL,0,0,0.0,0.0,0.0,4.17,6.89,CENTER_DUAL,339.1,19.1,1.0,,
17:01:30.396,8.1,MANUAL,0,0,0.0,0.0,0.0,4.17,6.89,CENTER_DUAL,332.4,12.4,1.0,,
17:01:31.474,7.9,MANUAL,0,0,0.0,0.0,0.0,4.17,6.89,CENTER_DUAL,330.7,10.7,1.0,,
17:01:32.483,7.9,MANUAL,0,0,0.0,0.0,0.0,4.17,6.89,CENTER_DUAL,330.6,10.6,1.0,,
17:01:33.514,8.0,MANUAL,0,0,0.0,0.0,0.0,4.17,6.89,RIGHT_LANE_ONLY,214.2,-105.8,0.5,,
17:01:34.627,8.1,MANUAL,0,0,0.0,0.0,0.0,4.17,6.89,RIGHT_LANE_ONLY,212.0,-108.0,0.5,,
17:01:35.727,8.0,MANUAL,0,0,0.0,0.0,0.0,4.17,6.89,RIGHT_LANE_ONLY,212.6,-107.4,0.5,,
17:01:36.820,8.0,MANUAL,0,0,0.0,0.0,0.0,4.17,6.89,RIGHT_LANE_ONLY,213.0,-107.0,0.5,,
17:01:37.921,9.1,MANUAL,0,0,0.0,0.0,0.0,4.17,6.89,RIGHT_LANE_ONLY,213.3,-106.7,0.5,,
17:01:38.934,8.1,MANUAL,0,0,0.0,0.0,0.0,4.17,6.89,RIGHT_LANE_ONLY,213.5,-106.5,0.5,,
17:01:40.000,8.0,MANUAL,0,0,0.0,0.0,0.0,4.17,6.89,RIGHT_LANE_ONLY,213.6,-106.4,0.5,,
17:01:41.117,8.1,MANUAL,0,0,0.0,0.0,0.0,4.17,6.89,RIGHT_LANE_ONLY,213.7,-106.3,0.5,,
17:01:42.216,8.2,MANUAL,0,0,0.0,0.0,0.0,4.17,6.89,RIGHT_LANE_ONLY,213.8,-106.2,0.5,,
17:01:43.307,8.1,MANUAL,0,0,0.0,0.0,0.0,4.17,6.89,RIGHT_LANE_ONLY,213.9,-106.1,0.5,,
17:01:44.423,8.1,MANUAL,0,0,0.0,0.0,0.0,4.17,6.89,RIGHT_LANE_ONLY,213.9,-106.1,0.5,,
17:01:45.530,9.1,MANUAL,0,0,0.0,0.0,0.0,4.17,6.89,RIGHT_LANE_ONLY,213.9,-106.1,0.5,,
17:01:46.635,8.0,MANUAL,0,0,0.0,0.0,0.0,4.17,6.89,RIGHT_LANE_ONLY,213.9,-106.1,0.5,,
17:01:47.640,7.2,MANUAL,0,0,0.0,0.0,0.0,4.17,6.89,RIGHT_LANE_ONLY,213.7,-106.3,0.5,,
17:01:48.678,9.1,MANUAL,0,0,0.0,0.0,0.0,4.17,6.89,CENTER_DUAL,317.3,-2.7,1.0,,
17:01:49.803,8.0,MANUAL,0,0,0.0,0.0,0.0,4.17,6.89,CENTER_DUAL,324.8,4.8,1.0,,
17:01:50.904,9.4,MANUAL,0,0,0.0,0.0,0.0,4.17,6.89,CENTER_DUAL,328.5,8.5,1.0,,
17:01:51.992,8.0,MANUAL,0,0,0.0,0.0,0.0,4.17,6.89,CENTER_DUAL,339.9,19.9,1.0,,
17:01:53.075,8.1,MANUAL,0,0,0.0,0.0,0.0,4.17,6.89,CENTER_DUAL,343.2,23.2,1.0,,
17:01:54.147,9.1,MANUAL,0,0,0.0,0.0,0.0,4.17,6.89,CENTER_DUAL,346.3,26.3,1.0,,
17:01:55.170,9.2,MANUAL,0,0,0.0,0.0,0.0,4.17,6.89,CENTER_DUAL,347.6,27.6,1.0,,
17:01:56.209,9.0,MANUAL,0,0,0.0,0.0,0.0,4.17,6.89,CENTER_DUAL,349.1,29.1,1.0,,
17:01:57.311,9.2,MANUAL,0,0,0.0,0.0,0.0,4.17,6.89,CENTER_DUAL,350.1,30.1,1.0,,
17:01:58.391,8.0,MANUAL,0,0,0.0,0.0,0.0,4.17,6.89,CENTER_DUAL,351.0,31.0,1.0,,
17:01:59.420,8.0,MANUAL,0,0,0.0,0.0,0.0,4.17,6.89,CENTER_DUAL,350.8,30.8,1.0,,
17:02:00.457,8.0,MANUAL,0,0,0.0,0.0,0.0,4.17,6.89,CENTER_DUAL,350.4,30.4,1.0,,
17:02:01.547,7.2,MANUAL,0,0,0.0,0.0,0.0,4.17,6.89,CENTER_DUAL,350.1,30.1,1.0,,
17:02:02.596,7.1,MANUAL,0,0,0.0,0.0,0.0,4.17,6.89,CENTER_DUAL,349.7,29.7,1.0,,
17:02:03.674,7.2,MANUAL,0,0,0.0,0.0,0.0,4.17,6.89,CENTER_DUAL,343.4,23.4,1.0,,
17:02:04.684,8.1,MANUAL,0,0,0.0,0.0,0.0,4.17,6.89,CENTER_DUAL,324.9,4.9,1.0,,
17:02:05.739,7.9,MANUAL,0,0,0.0,0.0,0.0,4.17,6.89,CENTER_DUAL,314.8,-5.2,1.0,,
17:02:06.800,7.2,MANUAL,0,0,0.0,0.0,0.0,4.17,6.89,CENTER_DUAL,312.3,-7.7,1.0,,
17:02:07.852,8.0,MANUAL,0,0,0.0,0.0,0.0,4.17,6.89,CENTER_DUAL,306.5,-13.5,1.0,,
17:02:08.879,7.2,MANUAL,0,0,0.0,0.0,0.0,4.17,6.89,CENTER_DUAL,304.1,-15.9,1.0,,
17:02:09.973,8.1,MANUAL,0,0,0.0,0.0,0.0,4.17,6.89,CENTER_DUAL,304.3,-15.7,1.0,,
17:02:11.011,8.0,MANUAL,0,0,0.0,0.0,0.0,4.17,6.89,CENTER_DUAL,314.5,-5.5,1.0,,
17:02:12.034,7.9,MANUAL,0,0,0.0,0.0,0.0,4.17,6.89,CENTER_DUAL,317.0,-3.0,1.0,,
17:02:13.041,8.0,MANUAL,0,0,0.0,0.0,0.0,4.17,6.89,CENTER_DUAL,336.1,16.1,1.0,,
17:02:14.168,8.1,MANUAL,0,0,0.0,0.0,0.0,4.17,6.89,CENTER_DUAL,362.2,42.2,1.0,,
17:02:15.195,7.2,MANUAL,0,0,0.0,0.0,0.0,4.17,6.89,CENTER_DUAL,345.0,25.0,1.0,,
17:02:16.347,7.2,MANUAL,0,0,0.0,0.0,0.0,4.17,6.89,CENTER_DUAL,343.8,23.8,1.0,,
17:02:17.380,8.0,MANUAL,0,0,0.0,0.0,0.0,4.17,6.89,CENTER_DUAL,343.2,23.2,1.0,,
17:02:18.414,8.1,MANUAL,0,0,0.0,0.0,0.0,4.17,6.89,CENTER_DUAL,344.9,24.9,1.0,,
17:02:19.478,7.2,MANUAL,0,0,0.0,0.0,0.0,4.17,6.89,CENTER_DUAL,335.8,15.8,1.0,,
17:02:20.556,7.1,MANUAL,0,0,0.0,0.0,0.0,4.17,6.89,CENTER_DUAL,333.8,13.8,1.0,,
17:02:21.640,7.9,MANUAL,0,0,0.0,0.0,0.0,4.17,6.89,CENTER_DUAL,332.4,12.4,1.0,,
17:02:22.686,8.0,MANUAL,0,0,0.0,0.0,0.0,4.17,6.89,CENTER_DUAL,344.6,24.6,1.0,,
17:02:23.717,7.9,MANUAL,0,0,0.0,0.0,0.0,4.17,6.89,CENTER_DUAL,325.6,5.6,1.0,,
17:02:24.813,7.2,MANUAL,0,0,0.0,0.0,0.0,4.17,6.89,CENTER_DUAL,320.5,0.5,1.0,,
17:02:25.874,7.9,MANUAL,0,0,0.0,0.0,0.0,4.17,6.89,CENTER_DUAL,330.9,10.9,1.0,,
17:02:26.925,7.1,MANUAL,0,0,0.0,0.0,0.0,4.17,6.89,CENTER_DUAL,338.3,18.3,1.0,,
17:02:28.012,7.2,MANUAL,0,0,0.0,0.0,0.0,4.17,6.89,CENTER_DUAL,341.3,21.3,1.0,,
17:02:29.125,7.1,MANUAL,0,0,0.0,0.0,0.0,4.17,6.89,CENTER_DUAL,341.4,21.4,1.0,,
17:02:30.256,7.2,MANUAL,0,0,0.0,0.0,0.0,4.17,6.89,CENTER_DUAL,339.7,19.7,1.0,,
17:02:31.262,6.5,MANUAL,0,0,0.0,0.0,0.0,4.17,6.89,CENTER_DUAL,338.1,18.1,1.0,,
17:02:32.308,6.5,MANUAL,0,0,0.0,0.0,0.0,4.17,6.89,CENTER_DUAL,336.8,16.8,1.0,,
17:02:33.323,7.2,MANUAL,0,0,0.0,0.0,0.0,4.17,6.89,CENTER_DUAL,335.7,15.7,1.0,,
17:02:34.334,6.4,MANUAL,0,0,0.0,0.0,0.0,4.17,6.89,CENTER_DUAL,335.1,15.1,1.0,,
17:02:35.468,6.5,MANUAL,0,0,0.0,0.0,0.0,4.17,6.89,CENTER_DUAL,334.7,14.7,1.0,,
17:02:36.590,7.2,MANUAL,0,0,0.0,0.0,0.0,4.17,6.89,CENTER_DUAL,330.3,10.3,1.0,,
17:02:37.690,7.0,MANUAL,0,0,0.0,0.0,0.0,4.17,6.89,CENTER_DUAL,314.2,-5.8,1.0,,
17:02:38.808,7.1,MANUAL,0,0,0.0,0.0,0.0,4.17,6.89,CENTER_DUAL,312.8,-7.2,1.0,,
17:02:39.920,7.2,MANUAL,0,0,0.0,0.0,0.0,4.17,6.89,CENTER_DUAL,314.9,-5.1,1.0,,
17:02:41.053,7.2,MANUAL,0,0,0.0,0.0,0.0,4.17,6.89,CENTER_DUAL,315.8,-4.2,1.0,,
17:02:42.175,7.1,MANUAL,0,0,0.0,0.0,0.0,4.17,6.89,CENTER_DUAL,316.4,-3.6,1.0,,
17:02:43.281,7.0,MANUAL,0,0,0.0,0.0,0.0,4.17,6.89,CENTER_DUAL,316.6,-3.4,1.0,,
17:02:44.397,7.1,MANUAL,0,0,0.0,0.0,0.0,4.17,6.89,CENTER_DUAL,317.6,-2.4,1.0,,
17:02:45.526,7.0,MANUAL,0,0,0.0,0.0,0.0,4.17,6.89,CENTER_DUAL,318.4,-1.6,1.0,,
17:02:46.555,7.2,MANUAL,0,0,0.0,0.0,0.0,4.17,6.89,CENTER_DUAL,318.8,-1.2,1.0,,
17:02:47.597,7.2,MANUAL,0,0,0.0,0.0,0.0,4.17,6.89,CENTER_DUAL,319.2,-0.8,1.0,,
17:02:48.727,7.2,MANUAL,0,0,0.0,0.0,0.0,4.17,6.89,CENTER_DUAL,319.6,-0.4,1.0,,
17:02:49.767,8.1,MANUAL,0,0,0.0,0.0,0.0,4.17,6.89,CENTER_DUAL,320.2,0.2,1.0,,
17:02:50.828,7.2,MANUAL,0,0,0.0,0.0,0.0,4.17,6.89,CENTER_DUAL,323.0,3.0,1.0,,
17:02:51.876,7.1,MANUAL,0,0,0.0,0.0,0.0,4.17,6.89,CENTER_DUAL,323.4,3.4,1.0,,
17:02:52.911,8.0,MANUAL,0,0,0.0,0.0,0.0,4.17,6.89,CENTER_DUAL,323.1,3.1,1.0,,
17:02:53.950,8.0,MANUAL,0,0,0.0,0.0,0.0,4.17,6.89,CENTER_DUAL,322.6,2.6,1.0,,
17:02:54.965,8.1,MANUAL,0,0,0.0,0.0,0.0,4.17,6.89,CENTER_DUAL,322.2,2.2,1.0,,
17:02:55.991,8.0,MANUAL,0,0,0.0,0.0,0.0,4.17,6.89,CENTER_DUAL,322.0,2.0,1.0,,
17:02:57.022,7.2,MANUAL,0,0,0.0,0.0,0.0,4.17,6.89,CENTER_DUAL,321.0,1.0,1.0,,
17:02:58.049,8.0,MANUAL,0,0,0.0,0.0,0.0,4.17,6.89,CENTER_DUAL,320.5,0.5,1.0,,
17:02:59.103,8.1,MANUAL,0,0,0.0,0.0,0.0,4.17,6.89,CENTER_DUAL,319.8,-0.2,1.0,,
17:03:00.152,8.1,MANUAL,0,0,0.0,0.0,0.0,4.17,6.89,CENTER_DUAL,319.8,-0.2,1.0,,
17:03:01.188,8.0,MANUAL,0,0,0.0,0.0,0.0,4.17,6.89,CENTER_DUAL,319.5,-0.5,1.0,,
17:03:02.220,7.2,MANUAL,0,0,0.0,0.0,0.0,4.17,6.89,CENTER_DUAL,319.7,-0.3,1.0,,
17:03:03.344,8.0,MANUAL,0,0,0.0,0.0,0.0,4.17,6.89,CENTER_DUAL,329.1,9.1,1.0,,
17:03:04.404,8.0,MANUAL,0,0,0.0,0.0,0.0,4.17,6.89,CENTER_DUAL,330.5,10.5,1.0,,
17:03:05.455,7.9,MANUAL,0,0,0.0,0.0,0.0,4.17,6.89,CENTER_DUAL,331.4,11.4,1.0,,
17:03:06.544,7.2,MANUAL,0,0,0.0,0.0,0.0,4.17,6.89,CENTER_DUAL,332.1,12.1,1.0,,
17:03:07.588,7.2,MANUAL,0,0,0.0,0.0,0.0,4.17,6.89,CENTER_DUAL,332.6,12.6,1.0,,
17:03:08.602,8.0,MANUAL,0,0,0.0,0.0,0.0,4.17,6.89,CENTER_DUAL,332.9,12.9,1.0,,
17:03:09.655,8.1,MANUAL,0,0,0.0,0.0,0.0,4.17,6.89,CENTER_DUAL,333.0,13.0,1.0,,
17:03:10.664,8.0,MANUAL,0,0,0.0,0.0,0.0,4.17,6.89,CENTER_DUAL,333.0,13.0,1.0,,
17:03:11.675,8.2,MANUAL,0,0,0.0,0.0,0.0,4.17,6.89,CENTER_DUAL,332.9,12.9,1.0,,
17:03:12.677,8.0,MANUAL,0,0,0.0,0.0,0.0,4.17,6.89,CENTER_DUAL,307.8,-12.2,1.0,,
17:03:13.720,8.0,MANUAL,0,0,0.0,0.0,0.0,4.17,6.89,CENTER_DUAL,327.2,7.2,1.0,,
17:03:14.770,8.2,MANUAL,0,0,0.0,0.0,0.0,4.17,6.89,CENTER_DUAL,336.6,16.6,1.0,,
17:03:15.780,7.9,MANUAL,0,0,0.0,0.0,0.0,4.17,6.89,CENTER_DUAL,382.4,62.4,1.0,,
17:03:16.808,7.2,MANUAL,0,0,0.0,0.0,0.0,4.17,6.89,CENTER_DUAL,304.5,-15.5,1.0,,
17:03:17.904,9.2,MANUAL,0,0,0.0,0.0,0.0,4.17,6.89,CENTER_DUAL,290.8,-29.2,1.0,,
17:03:18.925,8.1,MANUAL,0,0,0.0,0.0,0.0,4.17,6.89,CENTER_DUAL,264.4,-55.6,1.0,,
17:03:20.009,9.1,MANUAL,0,0,0.0,0.0,0.0,4.17,6.89,CENTER_DUAL,267.6,-52.4,1.0,,
17:03:21.135,8.1,MANUAL,0,0,0.0,0.0,0.0,4.17,6.89,CENTER_DUAL,251.9,-68.1,1.0,,
17:03:22.237,8.0,MANUAL,0,0,0.0,0.0,0.0,4.17,6.89,CENTER_DUAL,254.0,-66.0,1.0,,
17:03:23.320,9.1,MANUAL,0,0,0.0,0.0,0.0,4.17,6.89,CENTER_DUAL,248.7,-71.3,1.0,,
17:03:24.401,8.0,MANUAL,0,0,0.0,0.0,0.0,4.17,6.89,CENTER_DUAL,264.8,-55.2,1.0,,
17:03:25.428,8.1,MANUAL,0,0,0.0,0.0,0.0,4.17,6.89,CENTER_DUAL,268.9,-51.1,1.0,,
17:03:26.502,9.2,MANUAL,0,0,0.0,0.0,0.0,4.17,6.89,CENTER_DUAL,265.3,-54.7,1.0,,
17:03:27.607,8.1,MANUAL,0,0,0.0,0.0,0.0,4.17,6.89,CENTER_DUAL,281.3,-38.7,1.0,,
17:03:28.626,8.1,MANUAL,0,0,0.0,0.0,0.0,4.17,6.89,CENTER_DUAL,293.2,-26.8,1.0,,
17:03:29.735,8.1,MANUAL,0,0,0.0,0.0,0.0,4.17,6.89,CENTER_DUAL,292.7,-27.3,1.0,,
17:03:30.828,8.1,MANUAL,0,0,0.0,0.0,0.0,4.17,6.89,CENTER_DUAL,279.2,-40.8,1.0,,
17:03:31.872,8.0,MANUAL,0,0,0.0,0.0,0.0,4.17,6.89,CENTER_DUAL,283.6,-36.4,1.0,,
17:03:32.921,8.0,MANUAL,0,0,0.0,0.0,0.0,4.17,6.89,CENTER_DUAL,281.1,-38.9,1.0,,
17:03:33.981,8.0,MANUAL,0,0,0.0,0.0,0.0,4.17,6.89,CENTER_DUAL,296.3,-23.7,1.0,,
17:03:34.999,7.9,MANUAL,0,0,0.0,0.0,0.0,4.17,6.89,CENTER_DUAL,308.1,-11.9,1.0,,
17:03:36.051,8.1,MANUAL,0,0,0.0,0.0,0.0,4.17,6.89,CENTER_DUAL,310.8,-9.2,1.0,,
17:03:37.085,7.2,MANUAL,0,0,0.0,0.0,0.0,4.17,6.89,CENTER_DUAL,316.2,-3.8,1.0,,
17:03:38.142,8.0,MANUAL,0,0,0.0,0.0,0.0,4.17,6.89,CENTER_DUAL,316.5,-3.5,1.0,,
17:03:39.157,8.0,MANUAL,0,0,0.0,0.0,0.0,4.17,6.89,CENTER_DUAL,306.6,-13.4,1.0,,
17:03:40.222,8.1,MANUAL,0,0,0.0,0.0,0.0,4.17,6.89,CENTER_DUAL,295.9,-24.1,1.0,,
17:03:41.260,8.2,MANUAL,0,0,0.0,0.0,0.0,4.17,6.89,CENTER_DUAL,292.8,-27.2,1.0,,
17:03:42.282,8.0,MANUAL,0,0,0.0,0.0,0.0,4.17,6.89,CENTER_DUAL,309.8,-10.2,1.0,,
17:03:43.374,7.2,MANUAL,0,0,0.0,0.0,0.0,4.17,6.89,CENTER_DUAL,326.6,6.6,1.0,,
17:03:44.451,8.1,MANUAL,0,0,0.0,0.0,0.0,4.17,6.89,CENTER_DUAL,328.5,8.5,1.0,,
17:03:45.480,7.2,MANUAL,0,0,0.0,0.0,0.0,4.17,6.89,CENTER_DUAL,330.1,10.1,1.0,,
17:03:46.523,8.0,MANUAL,0,0,0.0,0.0,0.0,4.17,6.89,CENTER_DUAL,332.4,12.4,1.0,,
17:03:47.551,9.1,MANUAL,0,0,0.0,0.0,0.0,4.17,6.89,CENTER_DUAL,367.6,47.6,1.0,,
17:03:48.598,9.0,MANUAL,0,0,0.0,0.0,0.0,4.17,6.89,CENTER_DUAL,279.6,-40.4,1.0,,
17:03:49.664,8.2,MANUAL,0,0,0.0,0.0,0.0,4.17,6.89,RIGHT_LANE_ONLY,228.2,-91.8,0.5,,
17:03:50.709,8.1,MANUAL,0,0,0.0,0.0,0.0,4.17,6.89,LEFT_LANE_ONLY,295.1,-24.9,0.5,,
17:03:51.740,9.0,MANUAL,0,0,0.0,0.0,0.0,4.17,6.89,LEFT_LANE_ONLY,331.7,11.7,0.5,,
17:03:52.827,9.1,MANUAL,0,0,0.0,0.0,0.0,4.17,6.89,CENTER_DUAL,264.3,-55.7,1.0,,
17:03:53.881,8.1,MANUAL,0,0,0.0,0.0,0.0,4.17,6.89,LEFT_LANE_ONLY,285.9,-34.1,0.5,,
17:03:54.907,7.1,MANUAL,0,0,0.0,0.0,0.0,4.17,6.89,LEFT_LANE_ONLY,269.3,-50.7,0.5,,
17:03:55.978,8.0,MANUAL,0,0,0.0,0.0,0.0,4.17,6.89,LEFT_LANE_ONLY,258.3,-61.7,0.5,,
17:03:57.038,9.2,MANUAL,0,0,0.0,0.0,0.0,4.17,6.89,CENTER_DUAL,282.8,-37.2,1.0,,
17:03:58.080,9.2,MANUAL,0,0,0.0,0.0,0.0,4.17,6.89,CENTER_DUAL,283.1,-36.9,1.0,,
17:03:59.099,9.0,MANUAL,0,0,0.0,0.0,0.0,4.17,6.89,CENTER_DUAL,337.2,17.2,1.0,,
17:04:00.154,8.0,MANUAL,0,0,0.0,0.0,0.0,4.17,6.89,CENTER_DUAL,335.0,15.0,1.0,,
17:04:01.254,8.1,MANUAL,0,0,0.0,0.0,0.0,4.17,6.89,CENTER_DUAL,344.4,24.4,1.0,,
17:04:02.350,7.9,MANUAL,0,0,0.0,0.0,0.0,4.17,6.89,CENTER_DUAL,346.0,26.0,1.0,,
17:04:03.412,9.0,MANUAL,0,0,0.0,0.0,0.0,4.17,6.89,CENTER_DUAL,347.1,27.1,1.0,,
17:04:04.464,9.4,MANUAL,0,0,0.0,0.0,0.0,4.17,6.89,CENTER_DUAL,348.0,28.0,1.0,,
17:04:05.472,9.2,MANUAL,0,0,0.0,0.0,0.0,4.17,6.89,CENTER_DUAL,349.0,29.0,1.0,,
17:04:06.475,8.0,MANUAL,0,0,0.0,0.0,0.0,4.17,6.89,CENTER_DUAL,349.8,29.8,1.0,,
17:04:07.586,9.4,MANUAL,0,0,0.0,0.0,0.0,4.17,6.89,CENTER_DUAL,350.3,30.3,1.0,,
17:04:08.593,9.2,MANUAL,0,0,0.0,0.0,0.0,4.17,6.89,CENTER_DUAL,350.6,30.6,1.0,,
17:04:09.596,9.3,MANUAL,0,0,0.0,0.0,0.0,4.17,6.89,CENTER_DUAL,350.8,30.8,1.0,,
17:04:10.653,9.2,MANUAL,0,0,0.0,0.0,0.0,4.17,6.89,CENTER_DUAL,350.9,30.9,1.0,,
17:04:11.678,9.2,MANUAL,0,0,0.0,0.0,0.0,4.17,6.89,CENTER_DUAL,350.9,30.9,1.0,,
17:04:12.771,8.1,MANUAL,0,0,0.0,0.0,0.0,4.17,6.89,CENTER_DUAL,351.0,31.0,1.0,,
17:04:13.792,8.1,MANUAL,0,0,0.0,0.0,0.0,4.17,6.89,CENTER_DUAL,351.0,31.0,1.0,,
17:04:14.880,9.1,MANUAL,0,0,0.0,0.0,0.0,4.17,6.89,CENTER_DUAL,351.0,31.0,1.0,,
17:04:15.971,9.2,MANUAL,0,0,0.0,0.0,0.0,4.17,6.89,CENTER_DUAL,351.0,31.0,1.0,,
17:04:17.056,8.0,MANUAL,0,0,0.0,0.0,0.0,4.17,6.89,CENTER_DUAL,351.0,31.0,1.0,,
17:04:18.158,8.7,MANUAL,0,0,0.0,0.0,0.0,4.17,6.89,CENTER_DUAL,351.0,31.0,1.0,,
17:04:19.163,8.0,MANUAL,0,0,0.0,0.0,0.0,4.17,6.89,CENTER_DUAL,347.1,27.1,1.0,,
17:04:20.244,7.9,MANUAL,0,0,0.0,0.0,0.0,4.17,6.89,CENTER_DUAL,373.1,53.1,1.0,,
17:04:21.276,9.2,MANUAL,0,0,0.0,0.0,0.0,4.17,6.89,CENTER_DUAL,451.2,131.2,1.0,,
17:04:22.338,9.0,MANUAL,0,0,0.0,0.0,0.0,4.17,6.89,CENTER_DUAL,481.1,161.1,1.0,,
17:04:23.426,9.1,MANUAL,0,0,0.0,0.0,0.0,4.17,6.89,CENTER_DUAL,483.1,163.1,1.0,,
17:04:24.531,8.1,MANUAL,0,0,0.0,0.0,0.0,4.17,6.89,CENTER_DUAL,282.4,-37.6,1.0,,
17:04:25.576,10.4,MANUAL,0,0,0.0,0.0,0.0,4.17,6.89,CENTER_DUAL,277.6,-42.4,1.0,,
17:04:26.600,8.0,MANUAL,0,0,0.0,0.0,0.0,4.17,6.89,RIGHT_LANE_ONLY,269.9,-50.1,0.5,,
17:04:27.648,8.0,MANUAL,0,0,0.0,0.0,0.0,4.17,6.89,RIGHT_LANE_ONLY,271.0,-49.0,0.5,,
17:04:28.660,8.1,MANUAL,0,0,0.0,0.0,0.0,4.17,6.89,CENTER_DUAL,294.8,-25.2,1.0,,
17:04:29.669,9.1,MANUAL,0,0,0.0,0.0,0.0,4.17,6.89,CENTER_DUAL,283.9,-36.1,1.0,,
17:04:30.749,9.3,MANUAL,0,0,0.0,0.0,0.0,4.17,6.89,CENTER_DUAL,354.9,34.9,1.0,,
17:04:31.754,9.3,MANUAL,0,0,0.0,0.0,0.0,4.17,6.89,RIGHT_LANE_ONLY,236.2,-83.8,0.5,,
17:04:32.844,9.3,MANUAL,0,0,0.0,0.0,0.0,4.17,6.89,LEFT_LANE_ONLY,299.7,-20.3,0.5,,
17:04:33.952,9.1,MANUAL,0,0,0.0,0.0,0.0,4.17,6.89,LEFT_LANE_ONLY,304.3,-15.7,0.5,,
17:04:34.968,8.0,MANUAL,0,0,0.0,0.0,0.0,4.17,6.89,LEFT_LANE_ONLY,305.3,-14.7,0.5,,
17:04:35.991,8.1,MANUAL,0,0,0.0,0.0,0.0,4.17,6.89,RIGHT_LANE_ONLY,264.2,-55.8,0.5,,
17:04:37.019,9.2,MANUAL,0,0,0.0,0.0,0.0,4.17,6.89,RIGHT_LANE_ONLY,254.5,-65.5,0.5,,
17:04:38.112,9.3,MANUAL,0,0,0.0,0.0,0.0,4.17,6.89,LEFT_LANE_ONLY,304.6,-15.4,0.5,,
17:04:39.226,9.1,MANUAL,0,0,0.0,0.0,0.0,4.17,6.89,LEFT_LANE_ONLY,298.6,-21.4,0.5,,
17:04:40.327,9.2,MANUAL,0,0,0.0,0.0,0.0,4.17,6.89,LEFT_LANE_ONLY,300.1,-19.9,0.5,,
17:04:41.427,9.3,MANUAL,0,0,0.0,0.0,0.0,4.17,6.89,RIGHT_LANE_ONLY,271.2,-48.8,0.5,,
17:04:42.541,9.3,MANUAL,0,0,0.0,0.0,0.0,4.17,6.89,CENTER_DUAL,310.9,-9.1,1.0,,
17:04:43.584,7.9,MANUAL,0,0,0.0,0.0,0.0,4.17,6.89,CENTER_DUAL,343.4,23.4,1.0,,
17:04:44.698,9.0,MANUAL,0,0,0.0,0.0,0.0,4.17,6.89,CENTER_DUAL,349.3,29.3,1.0,,
17:04:45.700,9.1,MANUAL,0,0,0.0,0.0,0.0,4.17,6.89,CENTER_DUAL,349.8,29.8,1.0,,
17:04:46.728,9.2,MANUAL,0,0,0.0,0.0,0.0,4.17,6.89,CENTER_DUAL,350.2,30.2,1.0,,
17:04:47.842,9.2,MANUAL,0,0,0.0,0.0,0.0,4.17,6.89,CENTER_DUAL,350.5,30.5,1.0,,
17:04:48.924,9.2,MANUAL,0,0,0.0,0.0,0.0,4.17,6.89,CENTER_DUAL,350.7,30.7,1.0,,
17:04:50.011,9.2,MANUAL,0,0,0.0,0.0,0.0,4.17,6.89,CENTER_DUAL,350.8,30.8,1.0,,
17:04:51.040,8.0,MANUAL,0,0,0.0,0.0,0.0,4.17,6.89,CENTER_DUAL,350.8,30.8,1.0,,
17:04:52.073,9.4,MANUAL,0,0,0.0,0.0,0.0,4.17,6.89,CENTER_DUAL,350.9,30.9,1.0,,
17:04:53.174,9.3,MANUAL,0,0,0.0,0.0,0.0,4.17,6.89,CENTER_DUAL,350.9,30.9,1.0,,
17:04:54.201,9.3,MANUAL,0,0,0.0,0.0,0.0,4.17,6.89,CENTER_DUAL,350.9,30.9,1.0,,
17:04:55.303,9.2,MANUAL,0,0,0.0,0.0,0.0,4.17,6.89,CENTER_DUAL,350.9,30.9,1.0,,
17:04:56.398,9.2,MANUAL,0,0,0.0,0.0,0.0,4.17,6.89,CENTER_DUAL,350.9,30.9,1.0,,
17:04:57.402,9.1,MANUAL,0,0,0.0,0.0,0.0,4.17,6.89,CENTER_DUAL,350.9,30.9,1.0,,
17:04:58.496,9.2,MANUAL,0,0,0.0,0.0,0.0,4.17,6.89,CENTER_DUAL,350.9,30.9,1.0,,
17:04:59.514,9.2,MANUAL,0,0,0.0,0.0,0.0,4.17,6.89,CENTER_DUAL,350.9,30.9,1.0,,
17:05:00.609,9.3,MANUAL,0,0,0.0,0.0,0.0,4.17,6.89,CENTER_DUAL,350.9,30.9,1.0,,
17:05:01.634,8.0,MANUAL,0,0,0.0,0.0,0.0,4.17,6.89,CENTER_DUAL,350.9,30.9,1.0,,
17:05:02.639,9.4,MANUAL,0,0,0.0,0.0,0.0,4.17,6.89,CENTER_DUAL,350.9,30.9,1.0,,
17:05:03.663,7.9,MANUAL,0,0,0.0,0.0,0.0,4.17,6.89,CENTER_DUAL,350.9,30.9,1.0,,
17:05:04.666,9.2,MANUAL,0,0,0.0,0.0,0.0,4.17,6.89,CENTER_DUAL,350.9,30.9,1.0,,
17:05:05.682,9.1,MANUAL,0,0,0.0,0.0,0.0,4.17,6.89,CENTER_DUAL,350.9,30.9,1.0,,
17:05:06.697,8.1,MANUAL,0,0,0.0,0.0,0.0,4.17,6.89,CENTER_DUAL,350.9,30.9,1.0,,
17:05:07.734,9.1,MANUAL,0,0,0.0,0.0,0.0,4.17,6.89,CENTER_DUAL,350.9,30.9,1.0,,
17:05:08.739,9.1,MANUAL,0,0,0.0,0.0,0.0,4.17,6.89,CENTER_DUAL,350.9,30.9,1.0,,
17:05:09.754,8.9,MANUAL,0,0,0.0,0.0,0.0,4.17,6.89,CENTER_DUAL,350.9,30.9,1.0,,
17:05:10.776,9.2,MANUAL,0,0,0.0,0.0,0.0,4.17,6.89,CENTER_DUAL,350.9,30.9,1.0,,
17:05:11.806,9.2,MANUAL,0,0,0.0,0.0,0.0,4.17,6.89,CENTER_DUAL,350.9,30.9,1.0,,
17:05:12.824,8.1,MANUAL,0,0,0.0,0.0,0.0,4.17,6.89,CENTER_DUAL,350.9,30.9,1.0,,
17:05:13.922,9.2,MANUAL,0,0,0.0,0.0,0.0,4.17,6.89,CENTER_DUAL,350.9,30.9,1.0,,
17:05:14.960,8.1,MANUAL,0,0,0.0,0.0,0.0,4.17,6.89,CENTER_DUAL,350.9,30.9,1.0,,
17:05:15.971,9.3,MANUAL,0,0,0.0,0.0,0.0,4.17,6.89,CENTER_DUAL,350.9,30.9,1.0,,
17:05:16.983,8.2,MANUAL,0,0,0.0,0.0,0.0,4.17,6.89,CENTER_DUAL,350.9,30.9,1.0,,
17:05:18.086,9.3,MANUAL,0,0,0.0,0.0,0.0,4.17,6.89,CENTER_DUAL,350.9,30.9,1.0,,
17:05:19.102,9.1,MANUAL,0,0,0.0,0.0,0.0,4.17,6.89,CENTER_DUAL,350.9,30.9,1.0,,
17:05:20.125,8.1,MANUAL,0,0,0.0,0.0,0.0,4.17,6.89,CENTER_DUAL,350.9,30.9,1.0,,
17:05:21.128,8.1,MANUAL,0,0,0.0,0.0,0.0,4.17,6.89,CENTER_DUAL,350.8,30.8,1.0,,
17:05:22.193,8.0,MANUAL,0,0,0.0,0.0,0.0,4.17,6.89,CENTER_DUAL,350.8,30.8,1.0,,
17:05:23.258,8.1,MANUAL,0,0,0.0,0.0,0.0,4.17,6.89,CENTER_DUAL,350.8,30.8,1.0,,
17:05:24.296,8.0,MANUAL,0,0,0.0,0.0,0.0,4.17,6.89,CENTER_DUAL,350.8,30.8,1.0,,
17:05:25.324,9.3,MANUAL,0,0,0.0,0.0,0.0,4.17,6.89,CENTER_DUAL,350.8,30.8,1.0,,
17:05:26.356,9.1,MANUAL,0,0,0.0,0.0,0.0,4.17,6.89,CENTER_DUAL,350.8,30.8,1.0,,
17:05:27.368,9.2,MANUAL,0,0,0.0,0.0,0.0,4.17,6.89,CENTER_DUAL,350.8,30.8,1.0,,
17:05:28.420,9.3,MANUAL,0,0,0.0,0.0,0.0,4.17,6.89,CENTER_DUAL,350.8,30.8,1.0,,
17:05:29.464,8.0,MANUAL,0,0,0.0,0.0,0.0,4.17,6.89,CENTER_DUAL,350.8,30.8,1.0,,
17:05:30.502,9.2,MANUAL,0,0,0.0,0.0,0.0,4.17,6.89,CENTER_DUAL,350.8,30.8,1.0,,
17:05:31.531,9.3,MANUAL,0,0,0.0,0.0,0.0,4.17,6.89,CENTER_DUAL,350.8,30.8,1.0,,
17:05:32.597,8.0,MANUAL,0,0,0.0,0.0,0.0,4.17,6.89,CENTER_DUAL,350.7,30.7,1.0,,
17:05:33.624,9.5,MANUAL,0,0,0.0,0.0,0.0,4.17,6.89,CENTER_DUAL,350.7,30.7,1.0,,
17:05:34.685,8.1,MANUAL,0,0,0.0,0.0,0.0,4.17,6.89,CENTER_DUAL,350.7,30.7,1.0,,
17:05:35.694,9.3,MANUAL,0,0,0.0,0.0,0.0,4.17,6.89,CENTER_DUAL,350.7,30.7,1.0,,
17:05:36.753,8.2,MANUAL,0,0,0.0,0.0,0.0,4.17,6.89,CENTER_DUAL,350.7,30.7,1.0,,
17:05:37.782,9.2,MANUAL,0,0,0.0,0.0,0.0,4.17,6.89,CENTER_DUAL,350.7,30.7,1.0,,
17:05:38.821,8.2,MANUAL,0,0,0.0,0.0,0.0,4.17,6.89,CENTER_DUAL,350.7,30.7,1.0,,
17:05:39.821,9.3,MANUAL,0,0,0.0,0.0,0.0,4.17,6.89,CENTER_DUAL,350.7,30.7,1.0,,
17:05:40.877,9.2,MANUAL,0,0,0.0,0.0,0.0,4.17,6.89,CENTER_DUAL,350.7,30.7,1.0,,
17:05:41.900,9.1,MANUAL,0,0,0.0,0.0,0.0,4.17,6.89,CENTER_DUAL,350.7,30.7,1.0,,
17:05:42.934,9.0,MANUAL,0,0,0.0,0.0,0.0,4.17,6.89,CENTER_DUAL,350.7,30.7,1.0,,
17:05:44.013,8.1,MANUAL,0,0,0.0,0.0,0.0,4.17,6.89,CENTER_DUAL,350.7,30.7,1.0,,
17:05:45.075,8.1,MANUAL,0,0,0.0,0.0,0.0,4.17,6.89,CENTER_DUAL,350.7,30.7,1.0,,
17:05:46.080,9.2,MANUAL,0,0,0.0,0.0,0.0,4.17,6.89,CENTER_DUAL,350.7,30.7,1.0,,
17:05:47.197,9.3,MANUAL,0,0,0.0,0.0,0.0,4.17,6.89,CENTER_DUAL,350.7,30.7,1.0,,
17:05:48.224,8.1,MANUAL,0,0,0.0,0.0,0.0,4.17,6.89,CENTER_DUAL,350.7,30.7,1.0,,
17:05:49.265,9.2,MANUAL,0,0,0.0,0.0,0.0,4.17,6.89,CENTER_DUAL,350.7,30.7,1.0,,
17:05:50.273,9.3,MANUAL,0,0,0.0,0.0,0.0,4.17,6.89,CENTER_DUAL,350.7,30.7,1.0,,
17:05:51.286,9.3,MANUAL,0,0,0.0,0.0,0.0,4.17,6.89,CENTER_DUAL,350.7,30.7,1.0,,
17:05:52.294,8.2,MANUAL,0,0,0.0,0.0,0.0,4.17,6.89,CENTER_DUAL,350.7,30.7,1.0,,
17:05:53.314,9.1,MANUAL,0,0,0.0,0.0,0.0,4.17,6.89,CENTER_DUAL,350.7,30.7,1.0,,
17:05:54.324,9.1,MANUAL,0,0,0.0,0.0,0.0,4.17,6.89,CENTER_DUAL,350.7,30.7,1.0,,
17:05:55.358,9.1,MANUAL,0,0,0.0,0.0,0.0,4.17,6.89,CENTER_DUAL,350.7,30.7,1.0,,
17:05:56.393,8.0,MANUAL,0,0,0.0,0.0,0.0,4.17,6.89,CENTER_DUAL,350.7,30.7,1.0,,
17:05:57.497,8.1,MANUAL,0,0,0.0,0.0,0.0,4.17,6.89,CENTER_DUAL,350.7,30.7,1.0,,
17:05:58.591,9.3,MANUAL,0,0,0.0,0.0,0.0,4.17,6.89,CENTER_DUAL,350.7,30.7,1.0,,
17:05:59.596,8.1,MANUAL,0,0,0.0,0.0,0.0,4.17,6.89,CENTER_DUAL,350.7,30.7,1.0,,
17:06:00.600,9.1,MANUAL,0,0,0.0,0.0,0.0,4.17,6.89,CENTER_DUAL,350.7,30.7,1.0,,
17:06:01.697,9.2,MANUAL,0,0,0.0,0.0,0.0,4.17,6.89,CENTER_DUAL,350.7,30.7,1.0,,
17:06:02.807,9.2,MANUAL,0,0,0.0,0.0,0.0,4.17,6.89,CENTER_DUAL,350.7,30.7,1.0,,
17:06:03.824,8.1,MANUAL,0,0,0.0,0.0,0.0,4.17,6.89,CENTER_DUAL,350.7,30.7,1.0,,
17:06:04.839,9.2,MANUAL,0,0,0.0,0.0,0.0,4.17,6.89,CENTER_DUAL,350.7,30.7,1.0,,
17:06:05.913,9.1,MANUAL,0,0,0.0,0.0,0.0,4.17,6.89,CENTER_DUAL,350.7,30.7,1.0,,
17:06:07.024,9.0,MANUAL,0,0,0.0,0.0,0.0,4.17,6.89,CENTER_DUAL,350.7,30.7,1.0,,
17:06:08.104,10.6,MANUAL,0,0,0.0,0.0,0.0,4.17,6.89,CENTER_DUAL,350.7,30.7,1.0,,
17:06:09.199,9.3,MANUAL,0,0,0.0,0.0,0.0,4.17,6.89,CENTER_DUAL,350.7,30.7,1.0,,
17:06:10.216,9.3,MANUAL,0,0,0.0,0.0,0.0,4.17,6.89,CENTER_DUAL,350.7,30.7,1.0,,
17:06:11.288,9.3,MANUAL,0,0,0.0,0.0,0.0,4.17,6.89,CENTER_DUAL,350.7,30.7,1.0,,
17:06:12.315,9.2,MANUAL,0,0,0.0,0.0,0.0,4.17,6.89,CENTER_DUAL,350.7,30.7,1.0,,
17:06:13.335,9.2,MANUAL,0,0,0.0,0.0,0.0,4.17,6.89,CENTER_DUAL,350.7,30.7,1.0,,
17:06:14.356,9.3,MANUAL,0,0,0.0,0.0,0.0,4.17,6.89,CENTER_DUAL,350.7,30.7,1.0,,
17:06:15.381,9.2,MANUAL,0,0,0.0,0.0,0.0,4.17,6.89,CENTER_DUAL,350.7,30.7,1.0,,
17:06:16.429,8.3,MANUAL,0,0,0.0,0.0,0.0,4.17,6.89,CENTER_DUAL,350.7,30.7,1.0,,
17:06:17.453,8.9,MANUAL,0,0,0.0,0.0,0.0,4.17,6.89,CENTER_DUAL,350.7,30.7,1.0,,
17:06:18.489,9.1,MANUAL,0,0,0.0,0.0,0.0,4.17,6.89,CENTER_DUAL,350.7,30.7,1.0,,
17:06:19.514,9.2,MANUAL,0,0,0.0,0.0,0.0,4.17,6.89,CENTER_DUAL,350.7,30.7,1.0,,
17:06:20.542,9.1,MANUAL,0,0,0.0,0.0,0.0,4.17,6.89,CENTER_DUAL,350.7,30.7,1.0,,
17:06:21.597,9.0,MANUAL,0,0,0.0,0.0,0.0,4.17,6.89,CENTER_DUAL,350.7,30.7,1.0,,
17:06:22.643,9.2,MANUAL,0,0,0.0,0.0,0.0,4.17,6.89,CENTER_DUAL,350.7,30.7,1.0,,
17:06:23.665,9.3,MANUAL,0,0,0.0,0.0,0.0,4.17,6.89,CENTER_DUAL,350.7,30.7,1.0,,
17:06:24.677,9.2,MANUAL,0,0,0.0,0.0,0.0,4.17,6.89,CENTER_DUAL,350.7,30.7,1.0,,
17:06:25.684,9.2,MANUAL,0,0,0.0,0.0,0.0,4.17,6.89,CENTER_DUAL,350.7,30.7,1.0,,
17:06:26.718,9.3,MANUAL,0,0,0.0,0.0,0.0,4.17,6.89,CENTER_DUAL,350.7,30.7,1.0,,
17:06:27.726,9.2,MANUAL,0,0,0.0,0.0,0.0,4.17,6.89,CENTER_DUAL,350.7,30.7,1.0,,
17:06:28.760,8.0,MANUAL,0,0,0.0,0.0,0.0,4.17,6.89,CENTER_DUAL,350.6,30.6,1.0,,
17:06:29.858,9.3,MANUAL,0,0,0.0,0.0,0.0,4.17,6.89,CENTER_DUAL,350.6,30.6,1.0,,
17:06:30.884,9.2,MANUAL,0,0,0.0,0.0,0.0,4.17,6.89,CENTER_DUAL,350.6,30.6,1.0,,
17:06:31.914,8.1,MANUAL,0,0,0.0,0.0,0.0,4.17,6.89,CENTER_DUAL,350.6,30.6,1.0,,
17:06:32.930,9.2,MANUAL,0,0,0.0,0.0,0.0,4.17,6.89,CENTER_DUAL,350.6,30.6,1.0,,
17:06:34.012,9.0,MANUAL,0,0,0.0,0.0,0.0,4.17,6.89,CENTER_DUAL,350.6,30.6,1.0,,
17:06:35.038,8.0,MANUAL,0,0,0.0,0.0,0.0,4.17,6.89,CENTER_DUAL,350.6,30.6,1.0,,
17:06:36.045,9.2,MANUAL,0,0,0.0,0.0,0.0,4.17,6.89,CENTER_DUAL,350.6,30.6,1.0,,
17:06:37.150,9.1,MANUAL,0,0,0.0,0.0,0.0,4.17,6.89,CENTER_DUAL,350.6,30.6,1.0,,
17:06:38.173,8.1,MANUAL,0,0,0.0,0.0,0.0,4.17,6.89,CENTER_DUAL,350.6,30.6,1.0,,
17:06:39.198,9.1,MANUAL,0,0,0.0,0.0,0.0,4.17,6.89,CENTER_DUAL,350.6,30.6,1.0,,
17:06:40.206,9.3,MANUAL,0,0,0.0,0.0,0.0,4.17,6.89,CENTER_DUAL,350.6,30.6,1.0,,
17:06:41.259,8.1,MANUAL,0,0,0.0,0.0,0.0,4.17,6.89,CENTER_DUAL,350.6,30.6,1.0,,
17:06:42.289,8.1,MANUAL,0,0,0.0,0.0,0.0,4.17,6.89,CENTER_DUAL,350.6,30.6,1.0,,
17:06:43.350,8.0,MANUAL,0,0,0.0,0.0,0.0,4.17,6.89,CENTER_DUAL,350.6,30.6,1.0,,
17:06:44.359,9.2,MANUAL,0,0,0.0,0.0,0.0,4.17,6.89,CENTER_DUAL,350.6,30.6,1.0,,
17:06:45.383,8.1,MANUAL,0,0,0.0,0.0,0.0,4.17,6.89,CENTER_DUAL,350.6,30.6,1.0,,
17:06:46.414,9.4,MANUAL,0,0,0.0,0.0,0.0,4.17,6.89,CENTER_DUAL,350.6,30.6,1.0,,
17:06:47.443,9.1,MANUAL,0,0,0.0,0.0,0.0,4.17,6.89,CENTER_DUAL,350.6,30.6,1.0,,
17:06:48.540,9.1,MANUAL,0,0,0.0,0.0,0.0,4.17,6.89,CENTER_DUAL,350.6,30.6,1.0,,
17:06:49.562,9.0,MANUAL,0,0,0.0,0.0,0.0,4.17,6.89,CENTER_DUAL,350.6,30.6,1.0,,
17:06:50.669,9.3,MANUAL,0,0,0.0,0.0,0.0,4.17,6.89,CENTER_DUAL,350.6,30.6,1.0,,
17:06:51.770,9.2,MANUAL,0,0,0.0,0.0,0.0,4.17,6.89,CENTER_DUAL,350.6,30.6,1.0,,
17:06:52.796,8.1,MANUAL,0,0,0.0,0.0,0.0,4.17,6.89,CENTER_DUAL,350.6,30.6,1.0,,
17:06:53.896,9.3,MANUAL,0,0,0.0,0.0,0.0,4.17,6.89,CENTER_DUAL,350.6,30.6,1.0,,
17:06:54.988,9.1,MANUAL,0,0,0.0,0.0,0.0,4.17,6.89,CENTER_DUAL,350.6,30.6,1.0,,
17:06:56.062,9.2,MANUAL,0,0,0.0,0.0,0.0,4.17,6.89,CENTER_DUAL,350.6,30.6,1.0,,
17:06:57.070,8.0,MANUAL,0,0,0.0,0.0,0.0,4.17,6.89,CENTER_DUAL,350.6,30.6,1.0,,
17:06:58.071,8.1,MANUAL,0,0,0.0,0.0,0.0,4.17,6.89,CENTER_DUAL,350.6,30.6,1.0,,
17:06:59.101,9.2,MANUAL,0,0,0.0,0.0,0.0,4.17,6.89,CENTER_DUAL,350.6,30.6,1.0,,
17:07:00.110,9.2,MANUAL,0,0,0.0,0.0,0.0,4.17,6.89,CENTER_DUAL,350.6,30.6,1.0,,
17:07:01.142,9.2,MANUAL,0,0,0.0,0.0,0.0,4.17,6.89,CENTER_DUAL,350.6,30.6,1.0,,
17:07:02.147,9.3,MANUAL,0,0,0.0,0.0,0.0,4.17,6.89,CENTER_DUAL,350.5,30.5,1.0,,
17:07:03.149,9.3,MANUAL,0,0,0.0,0.0,0.0,4.17,6.89,CENTER_DUAL,350.5,30.5,1.0,,
17:07:04.165,9.2,MANUAL,0,0,0.0,0.0,0.0,4.17,6.89,CENTER_DUAL,350.5,30.5,1.0,,
17:07:05.186,9.1,MANUAL,0,0,0.0,0.0,0.0,4.17,6.89,CENTER_DUAL,350.5,30.5,1.0,,
17:07:06.199,9.2,MANUAL,0,0,0.0,0.0,0.0,4.17,6.89,CENTER_DUAL,350.5,30.5,1.0,,
17:07:07.221,9.2,MANUAL,0,0,0.0,0.0,0.0,4.17,6.89,CENTER_DUAL,350.5,30.5,1.0,,
17:07:08.337,9.0,MANUAL,0,0,0.0,0.0,0.0,4.17,6.89,CENTER_DUAL,350.5,30.5,1.0,,
17:07:09.409,9.2,MANUAL,0,0,0.0,0.0,0.0,4.17,6.89,CENTER_DUAL,350.5,30.5,1.0,,
17:07:10.483,9.3,MANUAL,0,0,0.0,0.0,0.0,4.17,6.89,CENTER_DUAL,350.5,30.5,1.0,,
17:07:11.535,10.4,MANUAL,0,0,0.0,0.0,0.0,4.17,6.89,CENTER_DUAL,350.5,30.5,1.0,,
17:07:12.619,9.1,MANUAL,0,0,0.0,0.0,0.0,4.17,6.89,CENTER_DUAL,350.5,30.5,1.0,,
17:07:13.707,9.1,MANUAL,0,0,0.0,0.0,0.0,4.17,6.89,CENTER_DUAL,350.5,30.5,1.0,,
17:07:14.790,9.2,MANUAL,0,0,0.0,0.0,0.0,4.17,6.89,CENTER_DUAL,350.5,30.5,1.0,,
17:07:15.836,8.1,MANUAL,0,0,0.0,0.0,0.0,4.17,6.89,CENTER_DUAL,350.5,30.5,1.0,,
17:07:16.865,8.0,MANUAL,0,0,0.0,0.0,0.0,4.17,6.89,CENTER_DUAL,350.5,30.5,1.0,,
17:07:17.889,9.1,MANUAL,0,0,0.0,0.0,0.0,4.17,6.89,CENTER_DUAL,350.5,30.5,1.0,,
17:07:18.913,9.3,MANUAL,0,0,0.0,0.0,0.0,4.17,6.89,CENTER_DUAL,350.5,30.5,1.0,,
17:07:19.945,8.0,MANUAL,0,0,0.0,0.0,0.0,4.17,6.89,CENTER_DUAL,350.5,30.5,1.0,,
17:07:20.978,7.9,MANUAL,0,0,0.0,0.0,0.0,4.17,6.89,CENTER_DUAL,350.5,30.5,1.0,,
17:07:22.025,9.2,MANUAL,0,0,0.0,0.0,0.0,4.17,6.89,CENTER_DUAL,350.5,30.5,1.0,,
17:07:23.088,9.1,MANUAL,0,0,0.0,0.0,0.0,4.17,6.89,CENTER_DUAL,350.5,30.5,1.0,,
17:07:24.168,9.3,MANUAL,0,0,0.0,0.0,0.0,4.17,6.89,CENTER_DUAL,350.5,30.5,1.0,,
17:07:25.233,8.2,MANUAL,0,0,0.0,0.0,0.0,4.17,6.89,CENTER_DUAL,350.5,30.5,1.0,,
17:07:26.306,9.2,MANUAL,0,0,0.0,0.0,0.0,4.17,6.89,CENTER_DUAL,350.5,30.5,1.0,,
17:07:27.393,9.2,MANUAL,0,0,0.0,0.0,0.0,4.17,6.89,CENTER_DUAL,350.5,30.5,1.0,,
17:07:28.489,7.9,MANUAL,0,0,0.0,0.0,0.0,4.17,6.89,CENTER_DUAL,350.5,30.5,1.0,,
17:07:29.561,8.0,MANUAL,0,0,0.0,0.0,0.0,4.17,6.89,CENTER_DUAL,350.5,30.5,1.0,,
17:07:30.635,8.1,MANUAL,0,0,0.0,0.0,0.0,4.17,6.89,CENTER_DUAL,350.5,30.5,1.0,,
17:07:31.705,8.0,MANUAL,0,0,0.0,0.0,0.0,4.17,6.89,CENTER_DUAL,350.5,30.5,1.0,,
17:07:32.760,8.0,MANUAL,0,0,0.0,0.0,0.0,4.17,6.89,CENTER_DUAL,350.5,30.5,1.0,,
17:07:33.836,8.0,MANUAL,0,0,0.0,0.0,0.0,4.17,6.89,CENTER_DUAL,350.5,30.5,1.0,,
17:07:34.905,9.1,MANUAL,0,0,0.0,0.0,0.0,4.17,6.89,CENTER_DUAL,350.5,30.5,1.0,,
17:07:35.949,9.1,MANUAL,0,0,0.0,0.0,0.0,4.17,6.89,CENTER_DUAL,350.5,30.5,1.0,,
17:07:36.959,8.0,MANUAL,0,0,0.0,0.0,0.0,4.17,6.89,CENTER_DUAL,350.5,30.5,1.0,,
17:07:37.994,8.2,MANUAL,0,0,0.0,0.0,0.0,4.17,6.89,CENTER_DUAL,350.5,30.5,1.0,,
17:07:39.032,8.2,MANUAL,0,0,0.0,0.0,0.0,4.17,6.89,CENTER_DUAL,350.5,30.5,1.0,,
17:07:40.051,8.1,MANUAL,0,0,0.0,0.0,0.0,4.17,6.89,CENTER_DUAL,350.5,30.5,1.0,,
17:07:41.074,8.2,MANUAL,0,0,0.0,0.0,0.0,4.17,6.89,CENTER_DUAL,350.5,30.5,1.0,,
17:07:42.100,9.3,MANUAL,0,0,0.0,0.0,0.0,4.17,6.89,CENTER_DUAL,350.5,30.5,1.0,,
17:07:43.139,8.1,MANUAL,0,0,0.0,0.0,0.0,4.17,6.89,CENTER_DUAL,350.5,30.5,1.0,,
17:07:44.153,8.0,MANUAL,0,0,0.0,0.0,0.0,4.17,6.89,CENTER_DUAL,350.5,30.5,1.0,,
17:07:45.204,9.1,MANUAL,0,0,0.0,0.0,0.0,4.17,6.89,CENTER_DUAL,350.5,30.5,1.0,,
17:07:46.280,9.0,MANUAL,0,0,0.0,0.0,0.0,4.17,6.89,CENTER_DUAL,350.5,30.5,1.0,,
17:07:47.345,8.2,MANUAL,0,0,0.0,0.0,0.0,4.17,6.89,CENTER_DUAL,350.5,30.5,1.0,,
17:07:48.399,9.2,MANUAL,0,0,0.0,0.0,0.0,4.17,6.89,CENTER_DUAL,350.5,30.5,1.0,,
17:07:49.450,8.0,MANUAL,0,0,0.0,0.0,0.0,4.17,6.89,CENTER_DUAL,350.5,30.5,1.0,,
17:07:50.490,9.3,MANUAL,0,0,0.0,0.0,0.0,4.17,6.89,CENTER_DUAL,350.5,30.5,1.0,,
17:07:51.543,8.0,MANUAL,0,0,0.0,0.0,0.0,4.17,6.89,CENTER_DUAL,350.5,30.5,1.0,,
17:07:52.581,8.1,MANUAL,0,0,0.0,0.0,0.0,4.17,6.89,CENTER_DUAL,350.5,30.5,1.0,,
17:07:53.633,8.1,MANUAL,0,0,0.0,0.0,0.0,4.17,6.89,CENTER_DUAL,350.5,30.5,1.0,,
17:07:54.645,10.7,MANUAL,0,0,0.0,0.0,0.0,4.17,6.89,CENTER_DUAL,350.5,30.5,1.0,,
17:07:55.668,8.1,MANUAL,0,0,0.0,0.0,0.0,4.17,6.89,CENTER_DUAL,350.5,30.5,1.0,,
17:07:56.718,9.3,MANUAL,0,0,0.0,0.0,0.0,4.17,6.89,CENTER_DUAL,350.5,30.5,1.0,,
17:07:57.761,9.2,MANUAL,0,0,0.0,0.0,0.0,4.17,6.89,CENTER_DUAL,350.5,30.5,1.0,,
17:07:58.767,9.0,MANUAL,0,0,0.0,0.0,0.0,4.17,6.89,CENTER_DUAL,350.5,30.5,1.0,,
17:07:59.780,8.2,MANUAL,0,0,0.0,0.0,0.0,4.17,6.89,CENTER_DUAL,350.5,30.5,1.0,,
17:08:00.832,8.1,MANUAL,0,0,0.0,0.0,0.0,4.17,6.89,CENTER_DUAL,350.5,30.5,1.0,,
17:08:01.897,8.1,MANUAL,0,0,0.0,0.0,0.0,4.17,6.89,CENTER_DUAL,350.5,30.5,1.0,,
17:08:02.966,8.1,MANUAL,0,0,0.0,0.0,0.0,4.17,6.89,CENTER_DUAL,351.0,31.0,1.0,,
17:08:04.025,9.2,MANUAL,0,0,0.0,0.0,0.0,4.17,6.89,CENTER_DUAL,349.2,29.2,1.0,,
17:08:05.069,8.1,MANUAL,0,0,0.0,0.0,0.0,4.17,6.89,CENTER_DUAL,383.5,63.5,1.0,,
17:08:06.091,9.3,MANUAL,0,0,0.0,0.0,0.0,4.17,6.89,CENTER_DUAL,404.6,84.6,1.0,,
17:08:07.102,9.1,MANUAL,0,0,0.0,0.0,0.0,4.17,6.89,CENTER_DUAL,427.9,107.9,1.0,,
17:08:08.208,9.2,MANUAL,0,0,0.0,0.0,0.0,4.17,6.89,CENTER_DUAL,422.2,102.2,1.0,,
17:08:09.213,9.3,MANUAL,0,0,0.0,0.0,0.0,4.17,6.89,CENTER_DUAL,420.8,100.8,1.0,,
17:08:10.214,9.2,MANUAL,0,0,0.0,0.0,0.0,4.17,6.89,CENTER_DUAL,426.3,106.3,1.0,,
17:08:11.260,8.1,MANUAL,0,0,0.0,0.0,0.0,4.17,6.89,CENTER_DUAL,429.6,109.6,1.0,,
17:08:12.332,9.0,MANUAL,0,0,0.0,0.0,0.0,4.17,6.89,CENTER_DUAL,434.2,114.2,1.0,,
17:08:13.348,9.1,MANUAL,0,0,0.0,0.0,0.0,4.17,6.89,CENTER_DUAL,437.6,117.6,1.0,,
17:08:14.384,9.2,MANUAL,0,0,0.0,0.0,0.0,4.17,6.89,CENTER_DUAL,443.7,123.7,1.0,,
17:08:15.465,9.3,MANUAL,0,0,0.0,0.0,0.0,4.17,6.89,CENTER_DUAL,447.2,127.2,1.0,,
17:08:16.541,9.2,MANUAL,0,0,0.0,0.0,0.0,4.17,6.89,CENTER_DUAL,458.2,138.2,1.0,,
17:08:17.545,8.9,MANUAL,0,0,0.0,0.0,0.0,4.17,6.89,CENTER_DUAL,459.4,139.4,1.0,,
17:08:18.639,9.2,MANUAL,0,0,0.0,0.0,0.0,4.17,6.89,CENTER_DUAL,441.5,121.5,1.0,,
17:08:19.645,9.3,MANUAL,0,0,0.0,0.0,0.0,4.17,6.89,CENTER_DUAL,435.4,115.4,1.0,,
17:08:20.693,10.8,MANUAL,0,0,0.0,0.0,0.0,4.17,6.89,CENTER_DUAL,432.7,112.7,1.0,,
17:08:21.767,9.2,MANUAL,0,0,0.0,0.0,0.0,4.17,6.89,CENTER_DUAL,366.7,46.7,1.0,,
17:08:22.771,9.3,MANUAL,0,0,0.0,0.0,0.0,4.17,6.89,RIGHT_LANE_ONLY,329.5,9.5,0.5,,
17:08:23.877,9.2,MANUAL,0,0,0.0,0.0,0.0,4.17,6.89,CENTER_DUAL,329.6,9.6,1.0,,
17:08:24.955,9.3,MANUAL,0,0,0.0,0.0,0.0,4.17,6.89,RIGHT_LANE_ONLY,407.5,87.5,0.5,,
17:08:26.038,9.1,MANUAL,0,0,0.0,0.0,0.0,4.17,6.89,CENTER_DUAL,244.5,-75.5,1.0,,
17:08:27.041,8.2,MANUAL,0,0,0.0,0.0,0.0,4.17,6.89,CENTER_DUAL,236.6,-83.4,1.0,,
17:08:28.122,9.1,MANUAL,0,0,0.0,0.0,0.0,4.17,6.89,CENTER_DUAL,271.4,-48.6,1.0,,
17:08:29.193,9.1,MANUAL,0,0,0.0,0.0,0.0,4.17,6.89,CENTER_DUAL,348.3,28.3,1.0,,
17:08:30.255,9.1,MANUAL,0,0,0.0,0.0,0.0,4.17,6.89,CENTER_DUAL,333.9,13.9,1.0,,
17:08:31.344,9.1,MANUAL,0,0,0.0,0.0,0.0,4.17,6.89,CENTER_DUAL,333.4,13.4,1.0,,
17:08:32.382,8.1,MANUAL,0,0,0.0,0.0,0.0,4.17,6.89,CENTER_DUAL,328.8,8.8,1.0,,
17:08:33.418,9.1,MANUAL,0,0,0.0,0.0,0.0,4.17,6.89,CENTER_DUAL,327.1,7.1,1.0,,
17:08:34.433,9.1,MANUAL,0,0,0.0,0.0,0.0,4.17,6.89,CENTER_DUAL,325.7,5.7,1.0,,
17:08:35.446,8.1,MANUAL,0,0,0.0,0.0,0.0,4.17,6.89,CENTER_DUAL,320.8,0.8,1.0,,
17:08:36.480,8.0,MANUAL,0,0,0.0,0.0,0.0,4.17,6.89,CENTER_DUAL,331.8,11.8,1.0,,
17:08:37.550,9.2,MANUAL,0,0,0.0,0.0,0.0,4.17,6.89,CENTER_DUAL,373.0,53.0,1.0,,
17:08:38.557,8.0,MANUAL,0,0,0.0,0.0,0.0,4.17,6.89,CENTER_DUAL,393.1,73.1,1.0,,
17:08:39.668,8.0,MANUAL,0,0,0.0,0.0,0.0,4.17,6.89,CENTER_DUAL,405.2,85.2,1.0,,
17:08:40.735,8.1,MANUAL,0,0,0.0,0.0,0.0,4.17,6.89,CENTER_DUAL,406.2,86.2,1.0,,
17:08:41.787,9.2,MANUAL,0,0,0.0,0.0,0.0,4.17,6.89,CENTER_DUAL,410.2,90.2,1.0,,
17:08:42.816,8.2,MANUAL,0,0,0.0,0.0,0.0,4.17,6.89,CENTER_DUAL,384.0,64.0,1.0,,
17:08:43.881,8.1,MANUAL,0,0,0.0,0.0,0.0,4.17,6.89,CENTER_DUAL,401.1,81.1,1.0,,
17:08:44.940,7.2,MANUAL,0,0,0.0,0.0,0.0,4.17,6.89,CENTER_DUAL,407.2,87.2,1.0,,
17:08:45.963,7.9,MANUAL,0,0,0.0,0.0,0.0,4.17,6.89,CENTER_DUAL,414.8,94.8,1.0,,
17:08:47.084,8.0,MANUAL,0,0,0.0,0.0,0.0,4.17,6.89,CENTER_DUAL,430.6,110.6,1.0,,
17:08:48.151,8.0,MANUAL,0,0,0.0,0.0,0.0,4.17,6.89,CENTER_DUAL,411.7,91.7,1.0,,
17:08:49.189,8.1,MANUAL,0,0,0.0,0.0,0.0,4.17,6.89,CENTER_DUAL,365.8,45.8,1.0,,
17:08:50.291,7.3,MANUAL,0,0,0.0,0.0,0.0,4.17,6.89,CENTER_DUAL,389.7,69.7,1.0,,
17:08:51.321,8.1,MANUAL,0,0,0.0,0.0,0.0,4.17,6.89,CENTER_DUAL,394.4,74.4,1.0,,
17:08:52.433,8.1,MANUAL,0,0,0.0,0.0,0.0,4.17,6.89,CENTER_DUAL,400.8,80.8,1.0,,
17:08:53.550,8.1,MANUAL,0,0,0.0,0.0,0.0,4.17,6.89,CENTER_DUAL,424.6,104.6,1.0,,
17:08:54.645,8.2,MANUAL,0,0,0.0,0.0,0.0,4.17,6.89,CENTER_DUAL,446.5,126.5,1.0,,
17:08:55.742,8.2,MANUAL,0,0,0.0,0.0,0.0,4.17,6.89,CENTER_DUAL,433.8,113.8,1.0,,
17:08:56.865,8.1,MANUAL,0,0,0.0,0.0,0.0,4.17,6.89,CENTER_DUAL,427.3,107.3,1.0,,
17:08:57.963,8.2,MANUAL,0,0,0.0,0.0,0.0,4.17,6.89,CENTER_DUAL,427.0,107.0,1.0,,
17:08:59.044,8.1,MANUAL,0,0,0.0,0.0,0.0,4.17,6.89,CENTER_DUAL,419.0,99.0,1.0,,
17:09:00.164,7.9,MANUAL,0,0,0.0,0.0,0.0,4.17,6.89,CENTER_DUAL,419.1,99.1,1.0,,
17:09:01.273,9.1,MANUAL,0,0,0.0,0.0,0.0,4.17,6.89,CENTER_DUAL,419.8,99.8,1.0,,
17:09:02.377,8.0,MANUAL,0,0,0.0,0.0,0.0,4.17,6.89,CENTER_DUAL,418.8,98.8,1.0,,
17:09:03.486,7.2,MANUAL,0,0,0.0,0.0,0.0,4.17,6.89,CENTER_DUAL,418.4,98.4,1.0,,
17:09:04.605,7.2,MANUAL,0,0,0.0,0.0,0.0,4.17,6.89,CENTER_DUAL,419.2,99.2,1.0,,
17:09:05.713,7.3,MANUAL,0,0,0.0,0.0,0.0,4.17,6.89,CENTER_DUAL,417.6,97.6,1.0,,
17:09:06.713,7.2,MANUAL,0,0,0.0,0.0,0.0,4.17,6.89,CENTER_DUAL,420.1,100.1,1.0,,
17:09:07.842,7.1,MANUAL,0,0,0.0,0.0,0.0,4.17,6.89,CENTER_DUAL,420.4,100.4,1.0,,
17:09:08.904,8.2,MANUAL,0,0,0.0,0.0,0.0,4.17,6.89,CENTER_DUAL,420.1,100.1,1.0,,
17:09:09.997,7.2,MANUAL,0,0,0.0,0.0,0.0,4.17,6.89,CENTER_DUAL,420.6,100.6,1.0,,
17:09:11.109,7.1,MANUAL,0,0,0.0,0.0,0.0,4.17,6.89,CENTER_DUAL,420.9,100.9,1.0,,
17:09:12.218,7.2,MANUAL,0,0,0.0,0.0,0.0,4.17,6.89,CENTER_DUAL,421.0,101.0,1.0,,
17:09:13.341,7.2,MANUAL,0,0,0.0,0.0,0.0,4.17,6.89,CENTER_DUAL,420.5,100.5,1.0,,
17:09:14.416,8.1,MANUAL,0,0,0.0,0.0,0.0,4.17,6.89,CENTER_DUAL,420.0,100.0,1.0,,
17:09:15.537,7.2,MANUAL,0,0,0.0,0.0,0.0,4.17,6.89,CENTER_DUAL,419.7,99.7,1.0,,
17:09:16.650,7.2,MANUAL,0,0,0.0,0.0,0.0,4.17,6.89,CENTER_DUAL,418.8,98.8,1.0,,
17:09:17.727,8.0,MANUAL,0,0,0.0,0.0,0.0,4.17,6.89,CENTER_DUAL,418.2,98.2,1.0,,
17:09:18.796,7.1,MANUAL,0,0,0.0,0.0,0.0,4.17,6.89,CENTER_DUAL,417.5,97.5,1.0,,
17:09:19.826,8.0,MANUAL,0,0,0.0,0.0,0.0,4.17,6.89,CENTER_DUAL,416.7,96.7,1.0,,
17:09:20.902,8.1,MANUAL,0,0,0.0,0.0,0.0,4.17,6.89,CENTER_DUAL,415.7,95.7,1.0,,
17:09:21.927,7.9,MANUAL,0,0,0.0,0.0,0.0,4.17,6.89,CENTER_DUAL,415.6,95.6,1.0,,
17:09:22.980,8.0,MANUAL,0,0,0.0,0.0,0.0,4.17,6.89,CENTER_DUAL,415.7,95.7,1.0,,
17:09:24.068,7.1,MANUAL,0,0,0.0,0.0,0.0,4.17,6.89,CENTER_DUAL,415.8,95.8,1.0,,
17:09:25.078,8.2,MANUAL,0,0,0.0,0.0,0.0,4.17,6.89,CENTER_DUAL,415.7,95.7,1.0,,
17:09:26.078,8.1,MANUAL,0,0,0.0,0.0,0.0,4.17,6.89,CENTER_DUAL,415.7,95.7,1.0,,
17:09:27.114,8.1,MANUAL,0,0,0.0,0.0,0.0,4.17,6.89,CENTER_DUAL,415.7,95.7,1.0,,
17:09:28.168,7.1,MANUAL,0,0,0.0,0.0,0.0,4.17,6.89,CENTER_DUAL,415.9,95.9,1.0,,
17:09:29.264,8.0,MANUAL,0,0,0.0,0.0,0.0,4.17,6.89,CENTER_DUAL,416.7,96.7,1.0,,
17:09:30.369,8.1,MANUAL,0,0,0.0,0.0,0.0,4.17,6.89,CENTER_DUAL,418.4,98.4,1.0,,
17:09:31.473,8.0,MANUAL,0,0,0.0,0.0,0.0,4.17,6.89,CENTER_DUAL,421.5,101.5,1.0,,
17:09:32.560,8.1,MANUAL,0,0,0.0,0.0,0.0,4.17,6.89,CENTER_DUAL,422.8,102.8,1.0,,
17:09:33.653,8.0,MANUAL,0,0,0.0,0.0,0.0,4.17,6.89,CENTER_DUAL,422.6,102.6,1.0,,
17:09:34.738,8.2,MANUAL,0,0,0.0,0.0,0.0,4.17,6.89,CENTER_DUAL,422.1,102.1,1.0,,
17:09:35.818,8.2,MANUAL,0,0,0.0,0.0,0.0,4.17,6.89,CENTER_DUAL,421.4,101.4,1.0,,
17:09:36.874,9.3,MANUAL,0,0,0.0,0.0,0.0,4.17,6.89,CENTER_DUAL,414.2,94.2,1.0,,
17:09:37.934,8.1,MANUAL,0,0,0.0,0.0,0.0,4.17,6.89,CENTER_DUAL,413.9,93.9,1.0,,
17:09:39.054,8.1,MANUAL,0,0,0.0,0.0,0.0,4.17,6.89,CENTER_DUAL,418.2,98.2,1.0,,
17:09:40.102,8.1,MANUAL,0,0,0.0,0.0,0.0,4.17,6.89,CENTER_DUAL,420.9,100.9,1.0,,
17:09:41.212,8.1,MANUAL,0,0,0.0,0.0,0.0,4.17,6.89,CENTER_DUAL,406.5,86.5,1.0,,
17:09:42.274,9.2,MANUAL,0,0,0.0,0.0,0.0,4.17,6.89,CENTER_DUAL,333.1,13.1,1.0,,
17:09:43.353,8.1,MANUAL,0,0,0.0,0.0,0.0,4.17,6.89,CENTER_DUAL,325.5,5.5,1.0,,
17:09:44.459,8.1,MANUAL,0,0,0.0,0.0,0.0,4.17,6.89,CENTER_DUAL,338.9,18.9,1.0,,
17:09:45.482,7.2,MANUAL,0,0,0.0,0.0,0.0,4.17,6.89,CENTER_DUAL,346.9,26.9,1.0,,
17:09:46.609,8.1,MANUAL,0,0,0.0,0.0,0.0,4.17,6.89,CENTER_DUAL,346.5,26.5,1.0,,
17:09:47.745,7.2,MANUAL,0,0,0.0,0.0,0.0,4.17,6.89,CENTER_DUAL,384.2,64.2,1.0,,
17:09:48.878,7.2,MANUAL,0,0,0.0,0.0,0.0,4.17,6.89,CENTER_DUAL,412.4,92.4,1.0,,
17:09:49.999,7.2,MANUAL,0,0,0.0,0.0,0.0,4.17,6.89,CENTER_DUAL,401.9,81.9,1.0,,
17:09:51.081,7.2,MANUAL,0,0,0.0,0.0,0.0,4.17,6.89,CENTER_DUAL,400.3,80.3,1.0,,
17:09:52.182,7.2,MANUAL,0,0,0.0,0.0,0.0,4.17,6.89,CENTER_DUAL,400.9,80.9,1.0,,
17:09:53.315,7.2,MANUAL,0,0,0.0,0.0,0.0,4.17,6.89,CENTER_DUAL,404.1,84.1,1.0,,
17:09:54.460,7.1,MANUAL,0,0,0.0,0.0,0.0,4.17,6.89,CENTER_DUAL,407.2,87.2,1.0,,
17:09:55.609,7.2,MANUAL,0,0,0.0,0.0,0.0,4.17,6.89,CENTER_DUAL,411.7,91.7,1.0,,
17:09:56.618,7.2,MANUAL,0,0,0.0,0.0,0.0,4.17,6.89,CENTER_DUAL,413.0,93.0,1.0,,
17:09:57.689,8.1,MANUAL,0,0,0.0,0.0,0.0,4.17,6.89,CENTER_DUAL,418.2,98.2,1.0,,
17:09:58.809,7.8,MANUAL,0,0,0.0,0.0,0.0,4.17,6.89,CENTER_DUAL,419.4,99.4,1.0,,
17:09:59.917,8.0,MANUAL,0,0,0.0,0.0,0.0,4.17,6.89,CENTER_DUAL,420.4,100.4,1.0,,
17:10:00.970,8.0,MANUAL,0,0,0.0,0.0,0.0,4.17,6.89,CENTER_DUAL,421.8,101.8,1.0,,
17:10:01.984,8.1,MANUAL,0,0,0.0,0.0,0.0,4.17,6.89,CENTER_DUAL,424.9,104.9,1.0,,
17:10:02.999,8.1,MANUAL,0,0,0.0,0.0,0.0,4.17,6.89,CENTER_DUAL,425.7,105.7,1.0,,
17:10:04.099,9.0,MANUAL,0,0,0.0,0.0,0.0,4.17,6.89,CENTER_DUAL,425.7,105.7,1.0,,
17:10:05.156,8.1,MANUAL,0,0,0.0,0.0,0.0,4.17,6.89,CENTER_DUAL,425.2,105.2,1.0,,
17:10:06.177,9.2,MANUAL,0,0,0.0,0.0,0.0,4.17,6.89,CENTER_DUAL,425.5,105.5,1.0,,
17:10:07.287,9.0,MANUAL,0,0,0.0,0.0,0.0,4.17,6.89,CENTER_DUAL,426.3,106.3,1.0,,
17:10:08.348,8.2,MANUAL,0,0,0.0,0.0,0.0,4.17,6.89,CENTER_DUAL,426.9,106.9,1.0,,
17:10:09.460,8.1,MANUAL,0,0,0.0,0.0,0.0,4.17,6.89,CENTER_DUAL,426.1,106.1,1.0,,
17:10:10.523,8.1,MANUAL,0,0,0.0,0.0,0.0,4.17,6.89,CENTER_DUAL,426.0,106.0,1.0,,
17:10:11.588,7.9,MANUAL,0,0,0.0,0.0,0.0,4.17,6.89,CENTER_DUAL,426.2,106.2,1.0,,
17:10:12.663,9.2,MANUAL,0,0,0.0,0.0,0.0,4.17,6.89,CENTER_DUAL,388.5,68.5,1.0,,
17:10:13.700,9.1,MANUAL,0,0,0.0,0.0,0.0,4.17,6.89,CENTER_DUAL,361.3,41.3,1.0,,
17:10:14.762,8.1,MANUAL,0,0,0.0,0.0,0.0,4.17,6.89,CENTER_DUAL,364.5,44.5,1.0,,
17:10:15.822,8.1,MANUAL,0,0,0.0,0.0,0.0,4.17,6.89,CENTER_DUAL,366.2,46.2,1.0,,
17:10:16.946,8.0,MANUAL,0,0,0.0,0.0,0.0,4.17,6.89,CENTER_DUAL,376.0,56.0,1.0,,
17:10:18.013,9.1,MANUAL,0,0,0.0,0.0,0.0,4.17,6.89,CENTER_DUAL,362.8,42.8,1.0,,
17:10:19.108,8.1,MANUAL,0,0,0.0,0.0,0.0,4.17,6.89,CENTER_DUAL,372.0,52.0,1.0,,
17:10:20.184,9.3,MANUAL,0,0,0.0,0.0,0.0,4.17,6.89,CENTER_DUAL,373.6,53.6,1.0,,
17:10:21.289,9.2,MANUAL,0,0,0.0,0.0,0.0,4.17,6.89,CENTER_DUAL,406.8,86.8,1.0,,
17:10:22.317,8.2,MANUAL,0,0,0.0,0.0,0.0,4.17,6.89,CENTER_DUAL,414.8,94.8,1.0,,
17:10:23.396,8.0,MANUAL,0,0,0.0,0.0,0.0,4.17,6.89,CENTER_DUAL,415.3,95.3,1.0,,
17:10:24.490,8.1,MANUAL,0,0,0.0,0.0,0.0,4.17,6.89,CENTER_DUAL,413.8,93.8,1.0,,
17:10:25.595,9.1,MANUAL,0,0,0.0,0.0,0.0,4.17,6.89,CENTER_DUAL,413.4,93.4,1.0,,
17:10:26.684,7.2,MANUAL,0,0,0.0,0.0,0.0,4.17,6.89,CENTER_DUAL,412.9,92.9,1.0,,
17:10:27.772,8.1,MANUAL,0,0,0.0,0.0,0.0,4.17,6.89,CENTER_DUAL,417.0,97.0,1.0,,
17:10:28.854,8.1,MANUAL,0,0,0.0,0.0,0.0,4.17,6.89,CENTER_DUAL,436.4,116.4,1.0,,
17:10:29.866,8.9,MANUAL,0,0,0.0,0.0,0.0,4.17,6.89,CENTER_DUAL,451.1,131.1,1.0,,
17:10:30.975,8.0,MANUAL,0,0,0.0,0.0,0.0,4.17,6.89,CENTER_DUAL,263.3,-56.7,1.0,,
17:10:32.047,8.1,MANUAL,0,0,0.0,0.0,0.0,4.17,6.89,CENTER_DUAL,251.8,-68.2,1.0,,
17:10:33.125,8.0,MANUAL,0,0,0.0,0.0,0.0,4.17,6.89,CENTER_DUAL,234.1,-85.9,1.0,,
17:10:34.167,9.4,MANUAL,0,0,0.0,0.0,0.0,4.17,6.89,CENTER_DUAL,280.3,-39.7,1.0,,
17:10:35.192,8.1,MANUAL,0,0,0.0,0.0,0.0,4.17,6.89,CENTER_DUAL,281.2,-38.8,1.0,,
17:10:36.244,8.1,MANUAL,0,0,0.0,0.0,0.0,4.17,6.89,CENTER_DUAL,282.3,-37.7,1.0,,
17:10:37.255,9.2,MANUAL,0,0,0.0,0.0,0.0,4.17,6.89,CENTER_DUAL,283.0,-37.0,1.0,,
17:10:38.287,9.1,MANUAL,0,0,0.0,0.0,0.0,4.17,6.89,CENTER_DUAL,283.2,-36.8,1.0,,
17:10:39.355,8.4,MANUAL,0,0,0.0,0.0,0.0,4.17,6.89,CENTER_DUAL,283.2,-36.8,1.0,,
17:10:40.397,9.2,MANUAL,0,0,0.0,0.0,0.0,4.17,6.89,CENTER_DUAL,283.7,-36.3,1.0,,
17:10:41.464,8.0,MANUAL,0,0,0.0,0.0,0.0,4.17,6.89,CENTER_DUAL,284.3,-35.7,1.0,,
17:10:42.569,8.0,MANUAL,0,0,0.0,0.0,0.0,4.17,6.89,CENTER_DUAL,284.9,-35.1,1.0,,
17:10:43.667,9.3,MANUAL,0,0,0.0,0.0,0.0,4.17,6.89,CENTER_DUAL,285.2,-34.8,1.0,,
17:10:44.747,8.0,MANUAL,0,0,0.0,0.0,0.0,4.17,6.89,CENTER_DUAL,285.4,-34.6,1.0,,
17:10:45.812,8.1,MANUAL,0,0,0.0,0.0,0.0,4.17,6.89,CENTER_DUAL,288.0,-32.0,1.0,,
17:10:46.852,9.2,MANUAL,0,0,0.0,0.0,0.0,4.17,6.89,CENTER_DUAL,289.6,-30.4,1.0,,
17:10:47.881,9.1,MANUAL,0,0,0.0,0.0,0.0,4.17,6.89,CENTER_DUAL,290.5,-29.5,1.0,,
17:10:48.897,9.3,MANUAL,0,0,0.0,0.0,0.0,4.17,6.89,CENTER_DUAL,291.1,-28.9,1.0,,
17:10:49.934,7.9,MANUAL,0,0,0.0,0.0,0.0,4.17,6.89,CENTER_DUAL,291.5,-28.5,1.0,,
17:10:50.964,9.2,MANUAL,0,0,0.0,0.0,0.0,4.17,6.89,CENTER_DUAL,291.7,-28.3,1.0,,
17:10:51.973,8.1,MANUAL,0,0,0.0,0.0,0.0,4.17,6.89,CENTER_DUAL,291.8,-28.2,1.0,,
17:10:53.017,8.1,MANUAL,0,0,0.0,0.0,0.0,4.17,6.89,CENTER_DUAL,291.9,-28.1,1.0,,
17:10:54.060,8.0,MANUAL,0,0,0.0,0.0,0.0,4.17,6.89,CENTER_DUAL,291.9,-28.1,1.0,,
17:10:55.077,9.3,MANUAL,0,0,0.0,0.0,0.0,4.17,6.89,CENTER_DUAL,291.9,-28.1,1.0,,
17:10:56.101,9.2,MANUAL,0,0,0.0,0.0,0.0,4.17,6.89,CENTER_DUAL,286.5,-33.5,1.0,,
17:10:57.148,9.2,MANUAL,0,0,0.0,0.0,0.0,4.17,6.89,CENTER_DUAL,287.4,-32.6,1.0,,
17:10:58.231,9.1,MANUAL,0,0,0.0,0.0,0.0,4.17,6.89,RIGHT_LANE_ONLY,289.1,-30.9,0.5,,
17:10:59.288,9.1,MANUAL,0,0,0.0,0.0,0.0,4.17,6.89,CENTER_DUAL,283.2,-36.8,1.0,,
17:11:00.385,8.1,MANUAL,0,0,0.0,0.0,0.0,4.17,6.89,CENTER_DUAL,289.4,-30.6,1.0,,
17:11:01.489,8.1,MANUAL,0,0,0.0,0.0,0.0,4.17,6.89,CENTER_DUAL,294.7,-25.3,1.0,,
17:11:02.557,8.0,MANUAL,0,0,0.0,0.0,0.0,4.17,6.89,CENTER_DUAL,299.2,-20.8,1.0,,
17:11:03.655,7.9,MANUAL,0,0,0.0,0.0,0.0,4.17,6.89,CENTER_DUAL,301.9,-18.1,1.0,,
17:11:04.743,9.0,MANUAL,0,0,0.0,0.0,0.0,4.17,6.89,CENTER_DUAL,305.1,-14.9,1.0,,
17:11:05.854,8.0,MANUAL,0,0,0.0,0.0,0.0,4.17,6.89,CENTER_DUAL,308.4,-11.6,1.0,,
17:11:06.901,9.1,MANUAL,0,0,0.0,0.0,0.0,4.17,6.89,CENTER_DUAL,294.6,-25.4,1.0,,
17:11:07.921,8.0,MANUAL,0,0,0.0,0.0,0.0,4.17,6.89,CENTER_DUAL,287.6,-32.4,1.0,,
17:11:08.958,9.3,MANUAL,0,0,0.0,0.0,0.0,4.17,6.89,CENTER_DUAL,285.4,-34.6,1.0,,
17:11:10.060,8.2,MANUAL,0,0,0.0,0.0,0.0,4.17,6.89,RIGHT_LANE_ONLY,272.5,-47.5,0.5,,
17:11:11.083,9.2,MANUAL,0,0,0.0,0.0,0.0,4.17,6.89,CENTER_DUAL,265.6,-54.4,1.0,,
17:11:12.116,9.1,MANUAL,0,0,0.0,0.0,0.0,4.17,6.89,CENTER_DUAL,279.8,-40.2,1.0,,
17:11:13.156,9.3,MANUAL,0,0,0.0,0.0,0.0,4.17,6.89,CENTER_DUAL,281.1,-38.9,1.0,,
17:11:14.191,8.1,MANUAL,0,0,0.0,0.0,0.0,4.17,6.89,CENTER_DUAL,281.6,-38.4,1.0,,
17:11:15.197,9.2,MANUAL,0,0,0.0,0.0,0.0,4.17,6.89,CENTER_DUAL,281.6,-38.4,1.0,,
17:11:16.254,8.1,MANUAL,0,0,0.0,0.0,0.0,4.17,6.89,CENTER_DUAL,281.6,-38.4,1.0,,
17:11:17.378,8.0,MANUAL,0,0,0.0,0.0,0.0,4.17,6.89,CENTER_DUAL,281.6,-38.4,1.0,,
17:11:18.459,7.9,MANUAL,0,0,0.0,0.0,0.0,4.17,6.89,CENTER_DUAL,281.8,-38.2,1.0,,
17:11:19.521,9.1,MANUAL,0,0,0.0,0.0,0.0,4.17,6.89,CENTER_DUAL,281.7,-38.3,1.0,,
17:11:20.580,8.0,MANUAL,0,0,0.0,0.0,0.0,4.17,6.89,CENTER_DUAL,281.8,-38.2,1.0,,
17:11:21.654,8.0,MANUAL,0,0,0.0,0.0,0.0,4.17,6.89,CENTER_DUAL,282.1,-37.9,1.0,,
17:11:22.683,8.1,MANUAL,0,0,0.0,0.0,0.0,4.17,6.89,CENTER_DUAL,282.3,-37.7,1.0,,
17:11:23.775,8.0,MANUAL,0,0,0.0,0.0,0.0,4.17,6.89,CENTER_DUAL,282.5,-37.5,1.0,,
17:11:24.858,7.9,MANUAL,0,0,0.0,0.0,0.0,4.17,6.89,CENTER_DUAL,282.6,-37.4,1.0,,
17:11:25.892,8.1,MANUAL,0,0,0.0,0.0,0.0,4.17,6.89,RIGHT_LANE_ONLY,278.6,-41.4,0.5,,
17:11:26.933,8.2,MANUAL,0,0,0.0,0.0,0.0,4.17,6.89,CENTER_DUAL,272.5,-47.5,1.0,,
17:11:28.017,8.1,MANUAL,0,0,0.0,0.0,0.0,4.17,6.89,CENTER_DUAL,302.5,-17.5,1.0,,
17:11:29.068,8.1,MANUAL,0,0,0.0,0.0,0.0,4.17,6.89,CENTER_DUAL,350.5,30.5,1.0,,
17:11:30.165,7.1,MANUAL,0,0,0.0,0.0,0.0,4.17,6.89,CENTER_DUAL,368.9,48.9,1.0,,
17:11:31.233,8.2,MANUAL,0,0,0.0,0.0,0.0,4.17,6.89,CENTER_DUAL,360.9,40.9,1.0,,
17:11:32.287,8.1,MANUAL,0,0,0.0,0.0,0.0,4.17,6.89,CENTER_DUAL,363.5,43.5,1.0,,
17:11:33.324,8.1,MANUAL,0,0,0.0,0.0,0.0,4.17,6.89,CENTER_DUAL,363.4,43.4,1.0,,
17:11:34.402,8.1,MANUAL,0,0,0.0,0.0,0.0,4.17,6.89,CENTER_DUAL,369.5,49.5,1.0,,
17:11:35.498,9.2,MANUAL,0,0,0.0,0.0,0.0,4.17,6.89,CENTER_DUAL,374.1,54.1,1.0,,
17:11:36.543,9.2,MANUAL,0,0,0.0,0.0,0.0,4.17,6.89,CENTER_DUAL,378.9,58.9,1.0,,
17:11:37.600,8.1,MANUAL,0,0,0.0,0.0,0.0,4.17,6.89,CENTER_DUAL,388.0,68.0,1.0,,
17:11:38.653,9.2,MANUAL,0,0,0.0,0.0,0.0,4.17,6.89,CENTER_DUAL,405.5,85.5,1.0,,
17:11:39.715,8.1,MANUAL,0,0,0.0,0.0,0.0,4.17,6.89,CENTER_DUAL,285.9,-34.1,1.0,,
17:11:40.806,8.3,MANUAL,0,0,0.0,0.0,0.0,4.17,6.89,CENTER_DUAL,281.4,-38.6,1.0,,
17:11:41.919,8.0,MANUAL,0,0,0.0,0.0,0.0,4.17,6.89,CENTER_DUAL,282.9,-37.1,1.0,,
17:11:43.018,8.1,MANUAL,0,0,0.0,0.0,0.0,4.17,6.89,CENTER_DUAL,293.6,-26.4,1.0,,
17:11:44.132,8.1,MANUAL,0,0,0.0,0.0,0.0,4.17,6.89,CENTER_DUAL,290.8,-29.2,1.0,,
17:11:45.211,8.1,MANUAL,0,0,0.0,0.0,0.0,4.17,6.89,RIGHT_LANE_ONLY,299.2,-20.8,0.5,,
17:11:46.271,8.9,MANUAL,0,0,0.0,0.0,0.0,4.17,6.89,CENTER_DUAL,272.1,-47.9,1.0,,
17:11:47.323,9.3,MANUAL,0,0,0.0,0.0,0.0,4.17,6.89,CENTER_DUAL,278.4,-41.6,1.0,,
17:11:48.343,9.2,MANUAL,0,0,0.0,0.0,0.0,4.17,6.89,CENTER_DUAL,272.2,-47.8,1.0,,
17:11:49.405,9.2,MANUAL,0,0,0.0,0.0,0.0,4.17,6.89,CENTER_DUAL,277.1,-42.9,1.0,,
17:11:50.454,9.3,MANUAL,0,0,0.0,0.0,0.0,4.17,6.89,CENTER_DUAL,300.4,-19.6,1.0,,
17:11:51.487,9.2,MANUAL,0,0,0.0,0.0,0.0,4.17,6.89,CENTER_DUAL,315.5,-4.5,1.0,,
17:11:52.552,9.3,MANUAL,0,0,0.0,0.0,0.0,4.17,6.89,CENTER_DUAL,330.7,10.7,1.0,,
17:11:53.609,9.2,MANUAL,0,0,0.0,0.0,0.0,4.17,6.89,CENTER_DUAL,327.4,7.4,1.0,,
17:11:54.689,8.1,MANUAL,0,0,0.0,0.0,0.0,4.17,6.89,CENTER_DUAL,344.5,24.5,1.0,,
17:11:55.752,9.2,MANUAL,0,0,0.0,0.0,0.0,4.17,6.89,CENTER_DUAL,396.8,76.8,1.0,,
17:11:56.842,9.3,MANUAL,0,0,0.0,0.0,0.0,4.17,6.89,RIGHT_LANE_ONLY,388.2,68.2,0.5,,
17:11:57.902,8.0,MANUAL,0,0,0.0,0.0,0.0,4.17,6.89,RIGHT_LANE_ONLY,286.5,-33.5,0.5,,
17:11:58.981,8.1,MANUAL,0,0,0.0,0.0,0.0,4.17,6.89,RIGHT_LANE_ONLY,285.9,-34.1,0.5,,
17:12:00.061,8.0,MANUAL,0,0,0.0,0.0,0.0,4.17,6.89,CENTER_DUAL,284.6,-35.4,1.0,,
17:12:01.078,8.1,MANUAL,0,0,0.0,0.0,0.0,4.17,6.89,CENTER_DUAL,284.4,-35.6,1.0,,
17:12:02.134,9.3,MANUAL,0,0,0.0,0.0,0.0,4.17,6.89,CENTER_DUAL,284.0,-36.0,1.0,,
17:12:03.167,9.2,MANUAL,0,0,0.0,0.0,0.0,4.17,6.89,RIGHT_LANE_ONLY,283.7,-36.3,0.5,,
17:12:04.231,8.1,MANUAL,0,0,0.0,0.0,0.0,4.17,6.89,CENTER_DUAL,283.0,-37.0,1.0,,
17:12:05.281,8.1,MANUAL,0,0,0.0,0.0,0.0,4.17,6.89,RIGHT_LANE_ONLY,282.3,-37.7,0.5,,
17:12:06.332,8.2,MANUAL,0,0,0.0,0.0,0.0,4.17,6.89,LEFT_LANE_ONLY,290.8,-29.2,0.5,,
17:12:07.380,9.1,MANUAL,0,0,0.0,0.0,0.0,4.17,6.89,LEFT_LANE_ONLY,294.9,-25.1,0.5,,
17:12:08.467,8.1,MANUAL,0,0,0.0,0.0,0.0,4.17,6.89,LEFT_LANE_ONLY,297.8,-22.2,0.5,,
17:12:09.589,8.1,MANUAL,0,0,0.0,0.0,0.0,4.17,6.89,LEFT_LANE_ONLY,299.2,-20.8,0.5,,
17:12:10.680,7.9,MANUAL,0,0,0.0,0.0,0.0,4.17,6.89,LEFT_LANE_ONLY,300.0,-20.0,0.5,,
17:12:11.753,8.0,MANUAL,0,0,0.0,0.0,0.0,4.17,6.89,LEFT_LANE_ONLY,295.1,-24.9,0.5,,
17:12:12.855,8.2,MANUAL,0,0,0.0,0.0,0.0,4.17,6.89,CENTER_DUAL,291.0,-29.0,1.0,,
17:12:13.904,8.1,MANUAL,0,0,0.0,0.0,0.0,4.17,6.89,LEFT_LANE_ONLY,294.8,-25.2,0.5,,
17:12:14.966,9.2,MANUAL,0,0,0.0,0.0,0.0,4.17,6.89,LEFT_LANE_ONLY,294.3,-25.7,0.5,,
17:12:15.976,8.0,MANUAL,0,0,0.0,0.0,0.0,4.17,6.89,LEFT_LANE_ONLY,295.2,-24.8,0.5,,
17:12:17.079,7.4,MANUAL,0,0,0.0,0.0,0.0,4.17,6.89,CENTER_DUAL,291.6,-28.4,1.0,,
17:12:18.185,8.2,MANUAL,0,0,0.0,0.0,0.0,4.17,6.89,LEFT_LANE_ONLY,292.7,-27.3,0.5,,
17:12:19.198,7.3,MANUAL,0,0,0.0,0.0,0.0,4.17,6.89,CENTER_DUAL,285.1,-34.9,1.0,,
17:12:20.291,8.6,MANUAL,0,0,0.0,0.0,0.0,4.17,6.89,CENTER_DUAL,285.8,-34.2,1.0,,
17:12:21.359,9.4,MANUAL,0,0,0.0,0.0,0.0,4.17,6.89,LEFT_LANE_ONLY,291.7,-28.3,0.5,,
17:12:22.426,9.2,MANUAL,0,0,0.0,0.0,0.0,4.17,6.89,LEFT_LANE_ONLY,293.0,-27.0,0.5,,
17:12:23.480,9.2,MANUAL,0,0,0.0,0.0,0.0,4.17,6.89,LEFT_LANE_ONLY,291.2,-28.8,0.5,,
17:12:24.592,8.0,MANUAL,0,0,0.0,0.0,0.0,4.17,6.89,LEFT_LANE_ONLY,292.7,-27.3,0.5,,
17:12:25.688,9.3,MANUAL,0,0,0.0,0.0,0.0,4.17,6.89,LEFT_LANE_ONLY,293.4,-26.6,0.5,,
17:12:26.784,8.0,MANUAL,0,0,0.0,0.0,0.0,4.17,6.89,LEFT_LANE_ONLY,293.1,-26.9,0.5,,
17:12:27.850,8.3,MANUAL,0,0,0.0,0.0,0.0,4.17,6.89,LEFT_LANE_ONLY,292.4,-27.6,0.5,,
17:12:28.905,9.4,MANUAL,0,0,0.0,0.0,0.0,4.17,6.89,CENTER_DUAL,346.7,26.7,1.0,,
17:12:29.912,8.2,MANUAL,0,0,0.0,0.0,0.0,4.17,6.89,CENTER_DUAL,347.0,27.0,1.0,,
17:12:30.948,8.1,MANUAL,0,0,0.0,0.0,0.0,4.17,6.89,CENTER_DUAL,344.8,24.8,1.0,,
17:12:32.048,8.1,MANUAL,0,0,0.0,0.0,0.0,4.17,6.89,CENTER_DUAL,345.7,25.7,1.0,,
17:12:33.111,9.2,MANUAL,0,0,0.0,0.0,0.0,4.17,6.89,CENTER_DUAL,348.0,28.0,1.0,,
17:12:34.164,8.7,MANUAL,0,0,0.0,0.0,0.0,4.17,6.89,CENTER_DUAL,348.8,28.8,1.0,,
17:12:35.222,8.2,MANUAL,0,0,0.0,0.0,0.0,4.17,6.89,CENTER_DUAL,357.5,37.5,1.0,,
17:12:36.292,7.9,MANUAL,0,0,0.0,0.0,0.0,4.17,6.89,CENTER_DUAL,350.9,30.9,1.0,,
17:12:37.335,8.9,MANUAL,0,0,0.0,0.0,0.0,4.17,6.89,CENTER_DUAL,351.1,31.1,1.0,,
17:12:38.343,9.1,MANUAL,0,0,0.0,0.0,0.0,4.17,6.89,CENTER_DUAL,351.0,31.0,1.0,,
17:12:39.445,9.4,MANUAL,0,0,0.0,0.0,0.0,4.17,6.89,CENTER_DUAL,351.0,31.0,1.0,,
17:12:40.456,8.9,MANUAL,0,0,0.0,0.0,0.0,4.17,6.89,CENTER_DUAL,350.5,30.5,1.0,,
17:12:41.493,9.3,MANUAL,0,0,0.0,0.0,0.0,4.17,6.89,CENTER_DUAL,349.3,29.3,1.0,,
17:12:42.580,9.4,MANUAL,0,0,0.0,0.0,0.0,4.17,6.89,CENTER_DUAL,309.6,-10.4,1.0,,
17:12:43.641,11.8,MANUAL,0,0,0.0,0.0,0.0,4.17,6.89,CENTER_DUAL,323.3,3.3,1.0,,
17:12:44.680,9.2,MANUAL,0,0,0.0,0.0,0.0,4.17,6.89,CENTER_DUAL,346.9,26.9,1.0,,
17:12:45.696,9.4,MANUAL,0,0,0.0,0.0,0.0,4.17,6.89,CENTER_DUAL,347.6,27.6,1.0,,
17:12:46.697,10.3,MANUAL,0,0,0.0,0.0,0.0,4.17,6.89,CENTER_DUAL,348.4,28.4,1.0,,
17:12:47.753,7.9,MANUAL,0,0,0.0,0.0,0.0,4.17,6.89,CENTER_DUAL,348.2,28.2,1.0,,
17:12:48.863,9.2,MANUAL,0,0,0.0,0.0,0.0,4.17,6.89,CENTER_DUAL,348.1,28.1,1.0,,
17:12:49.886,9.1,MANUAL,0,0,0.0,0.0,0.0,4.17,6.89,CENTER_DUAL,348.6,28.6,1.0,,
17:12:50.894,9.2,MANUAL,0,0,0.0,0.0,0.0,4.17,6.89,CENTER_DUAL,349.3,29.3,1.0,,
17:12:51.992,10.7,MANUAL,0,0,0.0,0.0,0.0,4.17,6.89,CENTER_DUAL,349.1,29.1,1.0,,
17:12:53.093,9.2,MANUAL,0,0,0.0,0.0,0.0,4.17,6.89,CENTER_DUAL,348.6,28.6,1.0,,
17:12:54.143,9.2,MANUAL,0,0,0.0,0.0,0.0,4.17,6.89,CENTER_DUAL,348.3,28.3,1.0,,
17:12:55.171,9.3,MANUAL,0,0,0.0,0.0,0.0,4.17,6.89,CENTER_DUAL,359.2,39.2,1.0,,
17:12:56.198,9.1,MANUAL,0,0,0.0,0.0,0.0,4.17,6.89,CENTER_DUAL,361.1,41.1,1.0,,
17:12:57.232,9.1,MANUAL,0,0,0.0,0.0,0.0,4.17,6.89,CENTER_DUAL,361.9,41.9,1.0,,
17:12:58.321,8.2,MANUAL,0,0,0.0,0.0,0.0,4.17,6.89,RIGHT_LANE_ONLY,222.0,-98.0,0.5,,
17:12:59.371,8.1,MANUAL,0,0,0.0,0.0,0.0,4.17,6.89,CENTER_DUAL,345.4,25.4,1.0,,
17:13:00.381,9.3,MANUAL,0,0,0.0,0.0,0.0,4.17,6.89,CENTER_DUAL,349.9,29.9,1.0,,
17:13:01.435,8.2,MANUAL,0,0,0.0,0.0,0.0,4.17,6.89,CENTER_DUAL,361.5,41.5,1.0,,
17:13:02.489,8.0,MANUAL,0,0,0.0,0.0,0.0,4.17,6.89,CENTER_DUAL,304.0,-16.0,1.0,,
17:13:03.568,9.1,MANUAL,0,0,0.0,0.0,0.0,4.17,6.89,RIGHT_LANE_ONLY,223.4,-96.6,0.5,,
17:13:04.660,8.0,MANUAL,0,0,0.0,0.0,0.0,4.17,6.89,RIGHT_LANE_ONLY,221.9,-98.1,0.5,,
17:13:05.770,7.9,MANUAL,0,0,0.0,0.0,0.0,4.17,6.89,RIGHT_LANE_ONLY,220.8,-99.2,0.5,,
17:13:06.879,7.3,MANUAL,0,0,0.0,0.0,0.0,4.17,6.89,LEFT_LANE_ONLY,314.4,-5.6,0.5,,
17:13:07.940,7.9,MANUAL,0,0,0.0,0.0,0.0,4.17,6.89,RIGHT_LANE_ONLY,227.8,-92.2,0.5,,
17:13:08.996,9.2,MANUAL,0,0,0.0,0.0,0.0,4.17,6.89,RIGHT_LANE_ONLY,257.5,-62.5,0.5,,
17:13:10.065,8.0,MANUAL,0,0,0.0,0.0,0.0,4.17,6.89,RIGHT_LANE_ONLY,224.8,-95.2,0.5,,
17:13:11.168,8.5,MANUAL,0,0,0.0,0.0,0.0,4.17,6.89,LEFT_LANE_ONLY,355.1,35.1,0.5,,
17:13:12.184,8.1,MANUAL,0,0,0.0,0.0,0.0,4.17,6.89,LEFT_LANE_ONLY,355.8,35.8,0.5,,
17:13:13.271,8.0,MANUAL,0,0,0.0,0.0,0.0,4.17,6.89,CENTER_DUAL,296.6,-23.4,1.0,,
17:13:14.353,9.2,MANUAL,0,0,0.0,0.0,0.0,4.17,6.89,CENTER_DUAL,288.6,-31.4,1.0,,
17:13:15.456,8.1,MANUAL,0,0,0.0,0.0,0.0,4.17,6.89,CENTER_DUAL,287.0,-33.0,1.0,,
17:13:16.541,8.1,MANUAL,0,0,0.0,0.0,0.0,4.17,6.89,CENTER_DUAL,286.8,-33.2,1.0,,
17:13:17.549,8.0,MANUAL,0,0,0.0,0.0,0.0,4.17,6.89,CENTER_DUAL,322.2,2.2,1.0,,
17:13:18.594,9.2,MANUAL,0,0,0.0,0.0,0.0,4.17,6.89,CENTER_DUAL,325.4,5.4,1.0,,
17:13:19.617,9.0,MANUAL,0,0,0.0,0.0,0.0,4.17,6.89,CENTER_DUAL,325.7,5.7,1.0,,
17:13:20.704,9.3,MANUAL,0,0,0.0,0.0,0.0,4.17,6.89,CENTER_DUAL,325.8,5.8,1.0,,
17:13:21.787,9.4,MANUAL,0,0,0.0,0.0,0.0,4.17,6.89,CENTER_DUAL,326.1,6.1,1.0,,
17:13:22.882,8.0,MANUAL,0,0,0.0,0.0,0.0,4.17,6.89,CENTER_DUAL,326.6,6.6,1.0,,
17:13:23.956,9.1,MANUAL,0,0,0.0,0.0,0.0,4.17,6.89,CENTER_DUAL,326.9,6.9,1.0,,
17:13:24.961,9.3,MANUAL,0,0,0.0,0.0,0.0,4.17,6.89,CENTER_DUAL,326.4,6.4,1.0,,
17:13:26.040,9.4,MANUAL,0,0,0.0,0.0,0.0,4.17,6.89,RIGHT_LANE_ONLY,250.7,-69.3,0.5,,
17:13:27.142,9.3,MANUAL,0,0,0.0,0.0,0.0,4.17,6.89,CENTER_DUAL,317.1,-2.9,1.0,,
17:13:28.201,9.3,MANUAL,0,0,0.0,0.0,0.0,4.17,6.89,CENTER_DUAL,316.4,-3.6,1.0,,
17:13:29.298,9.2,MANUAL,0,0,0.0,0.0,0.0,4.17,6.89,CENTER_DUAL,294.8,-25.2,1.0,,
17:13:30.393,9.1,MANUAL,0,0,0.0,0.0,0.0,4.17,6.89,RIGHT_LANE_ONLY,270.6,-49.4,0.5,,
17:13:31.406,8.2,MANUAL,0,0,0.0,0.0,0.0,4.17,6.89,LEFT_LANE_ONLY,307.6,-12.4,0.5,,
17:13:32.434,8.2,MANUAL,0,0,0.0,0.0,0.0,4.17,6.89,LEFT_LANE_ONLY,310.9,-9.1,0.5,,
17:13:33.464,9.3,MANUAL,0,0,0.0,0.0,0.0,4.17,6.89,LEFT_LANE_ONLY,314.0,-6.0,0.5,,
17:13:34.522,9.2,MANUAL,0,0,0.0,0.0,0.0,4.17,6.89,CENTER_DUAL,319.6,-0.4,1.0,,
17:13:35.544,9.2,MANUAL,0,0,0.0,0.0,0.0,4.17,6.89,CENTER_DUAL,340.6,20.6,1.0,,
17:13:36.667,9.2,MANUAL,0,0,0.0,0.0,0.0,4.17,6.89,CENTER_DUAL,349.9,29.9,1.0,,
17:13:37.736,8.1,MANUAL,0,0,0.0,0.0,0.0,4.17,6.89,CENTER_DUAL,338.3,18.3,1.0,,
17:13:38.740,9.1,MANUAL,0,0,0.0,0.0,0.0,4.17,6.89,CENTER_DUAL,313.4,-6.6,1.0,,
17:13:39.771,8.1,MANUAL,0,0,0.0,0.0,0.0,4.17,6.89,CENTER_DUAL,291.0,-29.0,1.0,,
17:13:40.818,9.3,MANUAL,0,0,0.0,0.0,0.0,4.17,6.89,CENTER_DUAL,299.7,-20.3,1.0,,
17:13:41.948,9.2,MANUAL,0,0,0.0,0.0,0.0,4.17,6.89,CENTER_DUAL,313.9,-6.1,1.0,,
17:13:43.002,9.1,MANUAL,0,0,0.0,0.0,0.0,4.17,6.89,CENTER_DUAL,334.4,14.4,1.0,,
17:13:44.038,9.3,MANUAL,0,0,0.0,0.0,0.0,4.17,6.89,CENTER_DUAL,343.9,23.9,1.0,,
17:13:45.084,8.1,MANUAL,0,0,0.0,0.0,0.0,4.17,6.89,CENTER_DUAL,348.4,28.4,1.0,,
17:13:46.151,10.7,MANUAL,0,0,0.0,0.0,0.0,4.17,6.89,CENTER_DUAL,353.6,33.6,1.0,,
17:13:47.183,9.2,MANUAL,0,0,0.0,0.0,0.0,4.17,6.89,CENTER_DUAL,354.6,34.6,1.0,,
17:13:48.259,8.1,MANUAL,0,0,0.0,0.0,0.0,4.17,6.89,CENTER_DUAL,355.6,35.6,1.0,,
17:13:49.299,9.2,MANUAL,0,0,0.0,0.0,0.0,4.17,6.89,CENTER_DUAL,357.3,37.3,1.0,,
17:13:50.371,8.1,MANUAL,0,0,0.0,0.0,0.0,4.17,6.89,CENTER_DUAL,358.1,38.1,1.0,,
17:13:51.449,9.1,MANUAL,0,0,0.0,0.0,0.0,4.17,6.89,CENTER_DUAL,329.2,9.2,1.0,,
17:13:52.543,8.1,MANUAL,0,0,0.0,0.0,0.0,4.17,6.89,CENTER_DUAL,396.1,76.1,1.0,,
17:13:53.616,8.1,MANUAL,0,0,0.0,0.0,0.0,4.17,6.89,CENTER_DUAL,339.9,19.9,1.0,,
17:13:54.715,9.3,MANUAL,0,0,0.0,0.0,0.0,4.17,6.89,CENTER_DUAL,340.8,20.8,1.0,,
17:13:55.765,8.1,MANUAL,0,0,0.0,0.0,0.0,4.17,6.89,CENTER_DUAL,341.6,21.6,1.0,,
17:13:56.786,8.1,MANUAL,0,0,0.0,0.0,0.0,4.17,6.89,CENTER_DUAL,340.9,20.9,1.0,,
17:13:57.849,8.0,MANUAL,0,0,0.0,0.0,0.0,4.17,6.89,CENTER_DUAL,338.1,18.1,1.0,,
17:13:58.876,7.9,MANUAL,0,0,0.0,0.0,0.0,4.17,6.89,CENTER_DUAL,335.7,15.7,1.0,,
17:13:59.934,7.3,MANUAL,0,0,0.0,0.0,0.0,4.17,6.89,CENTER_DUAL,335.3,15.3,1.0,,
17:14:01.009,7.2,MANUAL,0,0,0.0,0.0,0.0,4.17,6.89,CENTER_DUAL,336.1,16.1,1.0,,
17:14:02.113,7.1,MANUAL,0,0,0.0,0.0,0.0,4.17,6.89,CENTER_DUAL,335.7,15.7,1.0,,
17:14:03.121,7.2,MANUAL,0,0,0.0,0.0,0.0,4.17,6.89,CENTER_DUAL,332.9,12.9,1.0,,
17:14:04.238,7.1,MANUAL,0,0,0.0,0.0,0.0,4.17,6.89,CENTER_DUAL,331.9,11.9,1.0,,
17:14:05.379,7.1,MANUAL,0,0,0.0,0.0,0.0,4.17,6.89,CENTER_DUAL,348.8,28.8,1.0,,
17:14:06.393,7.1,MANUAL,0,0,0.0,0.0,0.0,4.17,6.89,CENTER_DUAL,298.2,-21.8,1.0,,
17:14:07.460,8.0,MANUAL,0,0,0.0,0.0,0.0,4.17,6.89,CENTER_DUAL,269.9,-50.1,1.0,,
17:14:08.501,7.1,MANUAL,0,0,0.0,0.0,0.0,4.17,6.89,CENTER_DUAL,266.5,-53.5,1.0,,
17:14:09.605,7.1,MANUAL,0,0,0.0,0.0,0.0,4.17,6.89,CENTER_DUAL,265.2,-54.8,1.0,,
17:14:10.652,8.1,MANUAL,0,0,0.0,0.0,0.0,4.17,6.89,CENTER_DUAL,264.2,-55.8,1.0,,
17:14:11.759,7.3,MANUAL,0,0,0.0,0.0,0.0,4.17,6.89,CENTER_DUAL,262.2,-57.8,1.0,,
17:14:12.880,7.2,MANUAL,0,0,0.0,0.0,0.0,4.17,6.89,CENTER_DUAL,274.9,-45.1,1.0,,
17:14:14.015,7.1,MANUAL,0,0,0.0,0.0,0.0,4.17,6.89,CENTER_DUAL,317.5,-2.5,1.0,,
17:14:15.148,7.2,MANUAL,0,0,0.0,0.0,0.0,4.17,6.89,CENTER_DUAL,337.0,17.0,1.0,,
17:14:16.283,7.2,MANUAL,0,0,0.0,0.0,0.0,4.17,6.89,CENTER_DUAL,345.6,25.6,1.0,,
17:14:17.303,7.2,MANUAL,0,0,0.0,0.0,0.0,4.17,6.89,CENTER_DUAL,345.8,25.8,1.0,,
17:14:18.326,6.4,MANUAL,0,0,0.0,0.0,0.0,4.17,6.89,CENTER_DUAL,339.6,19.6,1.0,,
17:14:19.416,8.0,MANUAL,0,0,0.0,0.0,0.0,4.17,6.89,CENTER_DUAL,334.4,14.4,1.0,,
17:14:20.536,7.1,MANUAL,0,0,0.0,0.0,0.0,4.17,6.89,CENTER_DUAL,337.3,17.3,1.0,,
17:14:21.588,7.1,MANUAL,0,0,0.0,0.0,0.0,4.17,6.89,CENTER_DUAL,339.1,19.1,1.0,,
17:14:22.692,7.2,MANUAL,0,0,0.0,0.0,0.0,4.17,6.89,CENTER_DUAL,337.5,17.5,1.0,,
17:14:23.756,7.3,MANUAL,0,0,0.0,0.0,0.0,4.17,6.89,CENTER_DUAL,344.9,24.9,1.0,,
17:14:24.756,7.2,MANUAL,0,0,0.0,0.0,0.0,4.17,6.89,CENTER_DUAL,333.8,13.8,1.0,,
17:14:25.894,7.1,MANUAL,0,0,0.0,0.0,0.0,4.17,6.89,CENTER_DUAL,333.4,13.4,1.0,,
17:14:26.919,7.2,MANUAL,0,0,0.0,0.0,0.0,4.17,6.89,CENTER_DUAL,335.9,15.9,1.0,,
17:14:28.042,7.1,MANUAL,0,0,0.0,0.0,0.0,4.17,6.89,CENTER_DUAL,325.8,5.8,1.0,,
17:14:29.045,7.1,MANUAL,0,0,0.0,0.0,0.0,4.17,6.89,CENTER_DUAL,325.5,5.5,1.0,,
17:14:30.125,8.0,MANUAL,0,0,0.0,0.0,0.0,4.17,6.89,CENTER_DUAL,311.1,-8.9,1.0,,
17:14:31.193,7.3,MANUAL,0,0,0.0,0.0,0.0,4.17,6.89,CENTER_DUAL,355.9,35.9,1.0,,
17:14:32.268,7.2,MANUAL,0,0,0.0,0.0,0.0,4.17,6.89,CENTER_DUAL,380.2,60.2,1.0,,
17:14:33.363,7.1,MANUAL,0,0,0.0,0.0,0.0,4.17,6.89,CENTER_DUAL,368.2,48.2,1.0,,
17:14:34.405,8.1,MANUAL,0,0,0.0,0.0,0.0,4.17,6.89,CENTER_DUAL,364.9,44.9,1.0,,
17:14:35.487,8.3,MANUAL,0,0,0.0,0.0,0.0,4.17,6.89,CENTER_DUAL,354.6,34.6,1.0,,
17:14:36.547,9.1,MANUAL,0,0,0.0,0.0,0.0,4.17,6.89,CENTER_DUAL,351.0,31.0,1.0,,
17:14:37.614,8.9,MANUAL,0,0,0.0,0.0,0.0,4.17,6.89,CENTER_DUAL,384.6,64.6,1.0,,
17:14:38.700,9.1,MANUAL,0,0,0.0,0.0,0.0,4.17,6.89,CENTER_DUAL,398.0,78.0,1.0,,
17:14:39.780,8.1,MANUAL,0,0,0.0,0.0,0.0,4.17,6.89,CENTER_DUAL,429.2,109.2,1.0,,
17:14:40.827,9.2,MANUAL,0,0,0.0,0.0,0.0,4.17,6.89,CENTER_DUAL,434.2,114.2,1.0,,
17:14:41.913,9.1,MANUAL,0,0,0.0,0.0,0.0,4.17,6.89,CENTER_DUAL,273.0,-47.0,1.0,,
17:14:42.927,7.9,MANUAL,0,0,0.0,0.0,0.0,4.17,6.89,CENTER_DUAL,168.5,-151.5,1.0,,
17:14:43.969,9.3,MANUAL,0,0,0.0,0.0,0.0,4.17,6.89,CENTER_DUAL,153.5,-166.5,1.0,,
17:14:44.992,8.1,MANUAL,0,0,0.0,0.0,0.0,4.17,6.89,CENTER_DUAL,161.2,-158.8,1.0,,
17:14:46.041,9.3,MANUAL,0,0,0.0,0.0,0.0,4.17,6.89,CENTER_DUAL,155.7,-164.3,1.0,,
17:14:47.126,8.2,MANUAL,0,0,0.0,0.0,0.0,4.17,6.89,CENTER_DUAL,154.5,-165.5,1.0,,
17:14:48.146,8.1,MANUAL,0,0,0.0,0.0,0.0,4.17,6.89,CENTER_DUAL,153.8,-166.2,1.0,,
17:14:49.172,8.2,MANUAL,0,0,0.0,0.0,0.0,4.17,6.89,CENTER_DUAL,153.5,-166.5,1.0,,
17:14:50.221,8.0,MANUAL,0,0,0.0,0.0,0.0,4.17,6.89,CENTER_DUAL,153.4,-166.6,1.0,,
17:14:51.225,9.0,MANUAL,0,0,0.0,0.0,0.0,4.17,6.89,CENTER_DUAL,150.8,-169.2,1.0,,
17:14:52.260,8.1,MANUAL,0,0,0.0,0.0,0.0,4.17,6.89,CENTER_DUAL,161.4,-158.6,1.0,,
17:14:53.312,8.0,MANUAL,0,0,0.0,0.0,0.0,4.17,6.89,CENTER_DUAL,167.6,-152.4,1.0,,
17:14:54.346,9.2,MANUAL,0,0,0.0,0.0,0.0,4.17,6.89,CENTER_DUAL,170.7,-149.3,1.0,,
17:14:55.426,7.9,MANUAL,0,0,0.0,0.0,0.0,4.17,6.89,CENTER_DUAL,171.5,-148.5,1.0,,
17:14:56.453,9.1,MANUAL,0,0,0.0,0.0,0.0,4.17,6.89,CENTER_DUAL,171.9,-148.1,1.0,,
17:14:57.470,9.2,MANUAL,0,0,0.0,0.0,0.0,4.17,6.89,CENTER_DUAL,172.2,-147.8,1.0,,
17:14:58.536,8.1,MANUAL,0,0,0.0,0.0,0.0,4.17,6.89,CENTER_DUAL,172.4,-147.6,1.0,,
17:14:59.557,9.0,MANUAL,0,0,0.0,0.0,0.0,4.17,6.89,CENTER_DUAL,172.6,-147.4,1.0,,
17:15:00.597,8.1,MANUAL,0,0,0.0,0.0,0.0,4.17,6.89,CENTER_DUAL,172.7,-147.3,1.0,,
17:15:01.683,8.1,MANUAL,0,0,0.0,0.0,0.0,4.17,6.89,CENTER_DUAL,172.8,-147.2,1.0,,
17:15:02.717,9.3,MANUAL,0,0,0.0,0.0,0.0,4.17,6.89,CENTER_DUAL,172.8,-147.2,1.0,,
17:15:03.724,9.2,MANUAL,0,0,0.0,0.0,0.0,4.17,6.89,CENTER_DUAL,172.8,-147.2,1.0,,
17:15:04.758,9.1,MANUAL,0,0,0.0,0.0,0.0,4.17,6.89,CENTER_DUAL,172.8,-147.2,1.0,,
17:15:05.781,9.4,MANUAL,0,0,0.0,0.0,0.0,4.17,6.89,CENTER_DUAL,172.8,-147.2,1.0,,
17:15:06.817,9.0,MANUAL,0,0,0.0,0.0,0.0,4.17,6.89,CENTER_DUAL,172.8,-147.2,1.0,,
17:15:07.829,9.2,MANUAL,0,0,0.0,0.0,0.0,4.17,6.89,CENTER_DUAL,172.8,-147.2,1.0,,
17:15:08.833,8.9,MANUAL,0,0,0.0,0.0,0.0,4.17,6.89,CENTER_DUAL,172.8,-147.2,1.0,,
17:15:09.872,7.1,MANUAL,0,0,0.0,0.0,0.0,4.17,6.89,CENTER_DUAL,172.8,-147.2,1.0,,
17:15:10.919,8.0,MANUAL,0,0,0.0,0.0,0.0,4.17,6.89,CENTER_DUAL,172.8,-147.2,1.0,,
17:15:11.975,8.3,MANUAL,0,0,0.0,0.0,0.0,4.17,6.89,CENTER_DUAL,172.8,-147.2,1.0,,
17:15:12.989,9.2,MANUAL,0,0,0.0,0.0,0.0,4.17,6.89,CENTER_DUAL,172.9,-147.1,1.0,,
17:15:14.028,9.3,MANUAL,0,0,0.0,0.0,0.0,4.17,6.89,CENTER_DUAL,173.0,-147.0,1.0,,
17:15:15.065,8.0,MANUAL,0,0,0.0,0.0,0.0,4.17,6.89,CENTER_DUAL,172.7,-147.3,1.0,,
17:15:16.139,9.1,MANUAL,0,0,0.0,0.0,0.0,4.17,6.89,CENTER_DUAL,172.2,-147.8,1.0,,
17:15:17.236,9.2,MANUAL,0,0,0.0,0.0,0.0,4.17,6.89,CENTER_DUAL,171.7,-148.3,1.0,,
17:15:18.273,9.3,MANUAL,0,0,0.0,0.0,0.0,4.17,6.89,CENTER_DUAL,171.3,-148.7,1.0,,
17:15:19.287,9.3,MANUAL,0,0,0.0,0.0,0.0,4.17,6.89,CENTER_DUAL,170.9,-149.1,1.0,,
17:15:20.288,9.2,MANUAL,0,0,0.0,0.0,0.0,4.17,6.89,CENTER_DUAL,170.6,-149.4,1.0,,
17:15:21.343,9.2,MANUAL,0,0,0.0,0.0,0.0,4.17,6.89,CENTER_DUAL,170.6,-149.4,1.0,,
17:15:22.451,10.5,MANUAL,0,0,0.0,0.0,0.0,4.17,6.89,CENTER_DUAL,171.1,-148.9,1.0,,
17:15:23.462,9.4,MANUAL,0,0,0.0,0.0,0.0,4.17,6.89,CENTER_DUAL,171.4,-148.6,1.0,,
17:15:24.484,8.1,MANUAL,0,0,0.0,0.0,0.0,4.17,6.89,CENTER_DUAL,171.7,-148.3,1.0,,
17:15:25.492,9.0,MANUAL,0,0,0.0,0.0,0.0,4.17,6.89,CENTER_DUAL,171.8,-148.2,1.0,,
17:15:26.522,9.2,MANUAL,0,0,0.0,0.0,0.0,4.17,6.89,CENTER_DUAL,171.9,-148.1,1.0,,
17:15:27.529,9.2,MANUAL,0,0,0.0,0.0,0.0,4.17,6.89,CENTER_DUAL,172.0,-148.0,1.0,,
17:15:28.587,8.0,MANUAL,0,0,0.0,0.0,0.0,4.17,6.89,CENTER_DUAL,168.3,-151.7,1.0,,
17:15:29.615,8.1,MANUAL,0,0,0.0,0.0,0.0,4.17,6.89,CENTER_DUAL,174.4,-145.6,1.0,,
17:15:30.633,9.3,MANUAL,0,0,0.0,0.0,0.0,4.17,6.89,CENTER_DUAL,166.0,-154.0,1.0,,
17:15:31.661,8.2,MANUAL,0,0,0.0,0.0,0.0,4.17,6.89,CENTER_DUAL,229.8,-90.2,1.0,,
17:15:32.664,8.3,MANUAL,0,0,0.0,0.0,0.0,4.17,6.89,CENTER_DUAL,306.5,-13.5,1.0,,
17:15:33.692,8.1,MANUAL,0,0,0.0,0.0,0.0,4.17,6.89,RIGHT_LANE_ONLY,204.9,-115.1,0.5,,
17:15:34.737,8.1,MANUAL,0,0,0.0,0.0,0.0,4.17,6.89,RIGHT_LANE_ONLY,241.5,-78.5,0.5,,
17:15:35.769,9.1,MANUAL,0,0,0.0,0.0,0.0,4.17,6.89,RIGHT_LANE_ONLY,235.4,-84.6,0.5,,
17:15:36.839,8.1,MANUAL,0,0,0.0,0.0,0.0,4.17,6.89,RIGHT_LANE_ONLY,234.6,-85.4,0.5,,
17:15:37.873,9.2,MANUAL,0,0,0.0,0.0,0.0,4.17,6.89,RIGHT_LANE_ONLY,233.9,-86.1,0.5,,
17:15:38.929,8.1,MANUAL,0,0,0.0,0.0,0.0,4.17,6.89,RIGHT_LANE_ONLY,233.5,-86.5,0.5,,
17:15:39.994,9.3,MANUAL,0,0,0.0,0.0,0.0,4.17,6.89,RIGHT_LANE_ONLY,233.3,-86.7,0.5,,
17:15:41.029,8.0,MANUAL,0,0,0.0,0.0,0.0,4.17,6.89,RIGHT_LANE_ONLY,233.1,-86.9,0.5,,
17:15:42.129,9.2,MANUAL,0,0,0.0,0.0,0.0,4.17,6.89,RIGHT_LANE_ONLY,233.0,-87.0,0.5,,
17:15:43.185,9.2,MANUAL,0,0,0.0,0.0,0.0,4.17,6.89,CENTER_DUAL,235.8,-84.2,1.0,,
17:15:44.209,9.0,MANUAL,0,0,0.0,0.0,0.0,4.17,6.89,CENTER_DUAL,289.2,-30.8,1.0,,
17:15:45.211,9.2,MANUAL,0,0,0.0,0.0,0.0,4.17,6.89,CENTER_DUAL,326.6,6.6,1.0,,
17:15:46.289,9.2,MANUAL,0,0,0.0,0.0,0.0,4.17,6.89,CENTER_DUAL,320.9,0.9,1.0,,
17:15:47.323,8.0,MANUAL,0,0,0.0,0.0,0.0,4.17,6.89,CENTER_DUAL,255.9,-64.1,1.0,,
17:15:48.432,8.1,MANUAL,0,0,0.0,0.0,0.0,4.17,6.89,CENTER_DUAL,287.4,-32.6,1.0,,
17:15:49.551,8.1,MANUAL,0,0,0.0,0.0,0.0,4.17,6.89,CENTER_DUAL,298.2,-21.8,1.0,,
17:15:50.627,8.0,MANUAL,0,0,0.0,0.0,0.0,4.17,6.89,CENTER_DUAL,295.7,-24.3,1.0,,
17:15:51.728,8.0,MANUAL,0,0,0.0,0.0,0.0,4.17,6.89,CENTER_DUAL,307.4,-12.6,1.0,,
17:15:52.805,8.1,MANUAL,0,0,0.0,0.0,0.0,4.17,6.89,CENTER_DUAL,303.2,-16.8,1.0,,
17:15:53.855,7.8,MANUAL,0,0,0.0,0.0,0.0,4.17,6.89,CENTER_DUAL,305.7,-14.3,1.0,,
17:15:54.929,9.2,MANUAL,0,0,0.0,0.0,0.0,4.17,6.89,CENTER_DUAL,326.9,6.9,1.0,,
17:15:55.981,8.9,MANUAL,0,0,0.0,0.0,0.0,4.17,6.89,CENTER_DUAL,325.6,5.6,1.0,,
17:15:56.996,9.2,MANUAL,0,0,0.0,0.0,0.0,4.17,6.89,CENTER_DUAL,315.7,-4.3,1.0,,
17:15:58.062,8.0,MANUAL,0,0,0.0,0.0,0.0,4.17,6.89,CENTER_DUAL,320.1,0.1,1.0,,
17:15:59.095,9.2,MANUAL,0,0,0.0,0.0,0.0,4.17,6.89,CENTER_DUAL,321.9,1.9,1.0,,
17:16:00.193,9.2,MANUAL,0,0,0.0,0.0,0.0,4.17,6.89,CENTER_DUAL,312.9,-7.1,1.0,,
17:16:01.214,7.9,MANUAL,0,0,0.0,0.0,0.0,4.17,6.89,CENTER_DUAL,314.2,-5.8,1.0,,
17:16:02.220,9.1,MANUAL,0,0,0.0,0.0,0.0,4.17,6.89,CENTER_DUAL,303.0,-17.0,1.0,,
17:16:03.237,9.1,MANUAL,0,0,0.0,0.0,0.0,4.17,6.89,CENTER_DUAL,319.8,-0.2,1.0,,
17:16:04.297,9.0,MANUAL,0,0,0.0,0.0,0.0,4.17,6.89,CENTER_DUAL,317.2,-2.8,1.0,,
17:16:05.363,7.9,MANUAL,0,0,0.0,0.0,0.0,4.17,6.89,CENTER_DUAL,313.6,-6.4,1.0,,
17:16:06.460,9.3,MANUAL,0,0,0.0,0.0,0.0,4.17,6.89,CENTER_DUAL,322.4,2.4,1.0,,
17:16:07.560,8.1,MANUAL,0,0,0.0,0.0,0.0,4.17,6.89,CENTER_DUAL,324.3,4.3,1.0,,
17:16:08.595,9.2,MANUAL,0,0,0.0,0.0,0.0,4.17,6.89,CENTER_DUAL,324.1,4.1,1.0,,
17:16:09.629,9.0,MANUAL,0,0,0.0,0.0,0.0,4.17,6.89,CENTER_DUAL,330.5,10.5,1.0,,
17:16:10.659,9.1,MANUAL,0,0,0.0,0.0,0.0,4.17,6.89,CENTER_DUAL,324.7,4.7,1.0,,
17:16:11.691,9.3,MANUAL,0,0,0.0,0.0,0.0,4.17,6.89,CENTER_DUAL,325.3,5.3,1.0,,
17:16:12.736,9.2,MANUAL,0,0,0.0,0.0,0.0,4.17,6.89,CENTER_DUAL,329.5,9.5,1.0,,
17:16:13.737,9.2,MANUAL,0,0,0.0,0.0,0.0,4.17,6.89,CENTER_DUAL,326.7,6.7,1.0,,
17:16:14.738,9.2,MANUAL,0,0,0.0,0.0,0.0,4.17,6.89,CENTER_DUAL,324.9,4.9,1.0,,
17:16:15.763,8.1,MANUAL,0,0,0.0,0.0,0.0,4.17,6.89,CENTER_DUAL,323.0,3.0,1.0,,
17:16:16.827,9.1,MANUAL,0,0,0.0,0.0,0.0,4.17,6.89,CENTER_DUAL,323.9,3.9,1.0,,
17:16:17.875,9.2,MANUAL,0,0,0.0,0.0,0.0,4.17,6.89,CENTER_DUAL,315.3,-4.7,1.0,,
17:16:18.895,9.2,MANUAL,0,0,0.0,0.0,0.0,4.17,6.89,CENTER_DUAL,322.9,2.9,1.0,,
17:16:19.946,9.2,MANUAL,0,0,0.0,0.0,0.0,4.17,6.89,CENTER_DUAL,316.6,-3.4,1.0,,
17:16:20.992,8.2,MANUAL,0,0,0.0,0.0,0.0,4.17,6.89,CENTER_DUAL,312.0,-8.0,1.0,,
17:16:22.058,9.2,MANUAL,0,0,0.0,0.0,0.0,4.17,6.89,CENTER_DUAL,320.2,0.2,1.0,,
17:16:23.106,9.2,MANUAL,0,0,0.0,0.0,0.0,4.17,6.89,CENTER_DUAL,308.8,-11.2,1.0,,
17:16:24.163,8.1,MANUAL,0,0,0.0,0.0,0.0,4.17,6.89,CENTER_DUAL,306.3,-13.7,1.0,,
17:16:25.190,8.2,MANUAL,0,0,0.0,0.0,0.0,4.17,6.89,CENTER_DUAL,323.2,3.2,1.0,,
17:16:26.209,9.1,MANUAL,0,0,0.0,0.0,0.0,4.17,6.89,CENTER_DUAL,324.1,4.1,1.0,,
17:16:27.235,9.1,MANUAL,0,0,0.0,0.0,0.0,4.17,6.89,CENTER_DUAL,324.7,4.7,1.0,,
17:16:28.311,9.1,MANUAL,0,0,0.0,0.0,0.0,4.17,6.89,CENTER_DUAL,325.9,5.9,1.0,,
17:16:29.320,9.1,MANUAL,0,0,0.0,0.0,0.0,4.17,6.89,CENTER_DUAL,321.3,1.3,1.0,,
17:16:30.362,9.4,MANUAL,0,0,0.0,0.0,0.0,4.17,6.89,CENTER_DUAL,327.4,7.4,1.0,,
17:16:31.439,8.0,MANUAL,0,0,0.0,0.0,0.0,4.17,6.89,CENTER_DUAL,321.0,1.0,1.0,,
17:16:32.471,9.1,MANUAL,0,0,0.0,0.0,0.0,4.17,6.89,CENTER_DUAL,320.1,0.1,1.0,,
17:16:33.536,7.9,MANUAL,0,0,0.0,0.0,0.0,4.17,6.89,CENTER_DUAL,328.4,8.4,1.0,,
17:16:34.606,8.0,MANUAL,0,0,0.0,0.0,0.0,4.17,6.89,CENTER_DUAL,318.8,-1.2,1.0,,
17:16:35.650,10.5,MANUAL,0,0,0.0,0.0,0.0,4.17,6.89,CENTER_DUAL,324.1,4.1,1.0,,
17:16:36.673,9.3,MANUAL,0,0,0.0,0.0,0.0,4.17,6.89,CENTER_DUAL,319.6,-0.4,1.0,,
17:16:37.675,9.3,MANUAL,0,0,0.0,0.0,0.0,4.17,6.89,CENTER_DUAL,324.1,4.1,1.0,,
17:16:38.690,9.0,MANUAL,0,0,0.0,0.0,0.0,4.17,6.89,CENTER_DUAL,323.0,3.0,1.0,,
17:16:39.738,8.0,MANUAL,0,0,0.0,0.0,0.0,4.17,6.89,CENTER_DUAL,330.4,10.4,1.0,,
17:16:40.744,9.2,MANUAL,0,0,0.0,0.0,0.0,4.17,6.89,CENTER_DUAL,332.1,12.1,1.0,,
17:16:41.809,8.1,MANUAL,0,0,0.0,0.0,0.0,4.17,6.89,CENTER_DUAL,323.1,3.1,1.0,,
17:16:42.813,9.1,MANUAL,0,0,0.0,0.0,0.0,4.17,6.89,CENTER_DUAL,322.7,2.7,1.0,,
17:16:43.829,9.2,MANUAL,0,0,0.0,0.0,0.0,4.17,6.89,CENTER_DUAL,331.2,11.2,1.0,,
17:16:44.875,8.1,MANUAL,0,0,0.0,0.0,0.0,4.17,6.89,CENTER_DUAL,324.1,4.1,1.0,,
17:16:45.931,8.1,MANUAL,0,0,0.0,0.0,0.0,4.17,6.89,CENTER_DUAL,330.0,10.0,1.0,,
17:16:46.938,9.2,MANUAL,0,0,0.0,0.0,0.0,4.17,6.89,CENTER_DUAL,327.9,7.9,1.0,,
17:16:47.961,9.3,MANUAL,0,0,0.0,0.0,0.0,4.17,6.89,RIGHT_LANE_ONLY,182.2,-137.8,0.5,,
17:16:49.019,8.0,MANUAL,0,0,0.0,0.0,0.0,4.17,6.89,RIGHT_LANE_ONLY,224.9,-95.1,0.5,,
17:16:50.064,9.1,MANUAL,0,0,0.0,0.0,0.0,4.17,6.89,CENTER_DUAL,367.4,47.4,1.0,,
17:16:51.091,8.1,MANUAL,0,0,0.0,0.0,0.0,4.17,6.89,CENTER_DUAL,307.9,-12.1,1.0,,
17:16:52.208,8.2,MANUAL,0,0,0.0,0.0,0.0,4.17,6.89,CENTER_DUAL,224.5,-95.5,1.0,,
17:16:53.216,9.3,MANUAL,0,0,0.0,0.0,0.0,4.17,6.89,CENTER_DUAL,244.3,-75.7,1.0,,
17:16:54.245,10.4,MANUAL,0,0,0.0,0.0,0.0,4.17,6.89,CENTER_DUAL,283.0,-37.0,1.0,,
17:16:55.259,7.9,MANUAL,0,0,0.0,0.0,0.0,4.17,6.89,CENTER_DUAL,284.0,-36.0,1.0,,
17:16:56.287,9.2,MANUAL,0,0,0.0,0.0,0.0,4.17,6.89,CENTER_DUAL,283.2,-36.8,1.0,,
17:16:57.289,9.0,MANUAL,0,0,0.0,0.0,0.0,4.17,6.89,CENTER_DUAL,272.2,-47.8,1.0,,
17:16:58.318,9.1,MANUAL,0,0,0.0,0.0,0.0,4.17,6.89,CENTER_DUAL,276.8,-43.2,1.0,,
17:16:59.394,9.3,MANUAL,0,0,0.0,0.0,0.0,4.17,6.89,CENTER_DUAL,277.5,-42.5,1.0,,
17:17:00.414,7.9,MANUAL,0,0,0.0,0.0,0.0,4.17,6.89,LEFT_LANE_ONLY,295.4,-24.6,0.5,,
17:17:01.518,8.0,MANUAL,0,0,0.0,0.0,0.0,4.17,6.89,RIGHT_LANE_ONLY,202.6,-117.4,0.5,,
17:17:02.544,9.0,MANUAL,0,0,0.0,0.0,0.0,4.17,6.89,RIGHT_LANE_ONLY,230.8,-89.2,0.5,,
17:17:03.579,8.0,MANUAL,0,0,0.0,0.0,0.0,4.17,6.89,CENTER_DUAL,268.5,-51.5,1.0,,
17:17:04.607,9.2,MANUAL,0,0,0.0,0.0,0.0,4.17,6.89,RIGHT_LANE_ONLY,269.6,-50.4,0.5,,
17:17:05.627,9.1,MANUAL,0,0,0.0,0.0,0.0,4.17,6.89,LEFT_LANE_ONLY,295.0,-25.0,0.5,,
17:17:06.641,9.1,MANUAL,0,0,0.0,0.0,0.0,4.17,6.89,CENTER_DUAL,313.0,-7.0,1.0,,
17:17:07.749,10.6,MANUAL,0,0,0.0,0.0,0.0,4.17,6.89,CENTER_DUAL,369.2,49.2,1.0,,
17:17:08.765,7.9,MANUAL,0,0,0.0,0.0,0.0,4.17,6.89,CENTER_DUAL,272.8,-47.2,1.0,,
17:17:09.852,8.0,MANUAL,0,0,0.0,0.0,0.0,4.17,6.89,CENTER_DUAL,274.9,-45.1,1.0,,
17:17:10.953,9.1,MANUAL,0,0,0.0,0.0,0.0,4.17,6.89,CENTER_DUAL,270.4,-49.6,1.0,,
17:17:12.066,7.2,MANUAL,0,0,0.0,0.0,0.0,4.17,6.89,CENTER_DUAL,267.7,-52.3,1.0,,
17:17:13.160,8.0,MANUAL,0,0,0.0,0.0,0.0,4.17,6.89,RIGHT_LANE_ONLY,263.6,-56.4,0.5,,
17:17:14.194,9.0,MANUAL,0,0,0.0,0.0,0.0,4.17,6.89,LEFT_LANE_ONLY,313.5,-6.5,0.5,,
17:17:15.286,9.1,MANUAL,0,0,0.0,0.0,0.0,4.17,6.89,LEFT_LANE_ONLY,317.9,-2.1,0.5,,
17:17:16.303,7.9,MANUAL,0,0,0.0,0.0,0.0,4.17,6.89,LEFT_LANE_ONLY,332.5,12.5,0.5,,
17:17:17.418,8.1,MANUAL,0,0,0.0,0.0,0.0,4.17,6.89,LEFT_LANE_ONLY,333.7,13.7,0.5,,
17:17:18.511,8.0,MANUAL,0,0,0.0,0.0,0.0,4.17,6.89,LEFT_LANE_ONLY,334.6,14.6,0.5,,
17:17:19.621,8.2,MANUAL,0,0,0.0,0.0,0.0,4.17,6.89,LEFT_LANE_ONLY,334.6,14.6,0.5,,
17:17:20.726,8.1,MANUAL,0,0,0.0,0.0,0.0,4.17,6.89,LEFT_LANE_ONLY,334.6,14.6,0.5,,
17:17:21.818,7.9,MANUAL,0,0,0.0,0.0,0.0,4.17,6.89,RIGHT_LANE_ONLY,259.0,-61.0,0.5,,
17:17:22.889,9.3,MANUAL,0,0,0.0,0.0,0.0,4.17,6.89,CENTER_DUAL,250.0,-70.0,1.0,,
17:17:23.916,9.2,MANUAL,0,0,0.0,0.0,0.0,4.17,6.89,CENTER_DUAL,309.7,-10.3,1.0,,
17:17:24.933,9.2,MANUAL,0,0,0.0,0.0,0.0,4.17,6.89,CENTER_DUAL,364.8,44.8,1.0,,
17:17:26.063,8.1,MANUAL,0,0,0.0,0.0,0.0,4.17,6.89,CENTER_DUAL,370.8,50.8,1.0,,
17:17:28.053,0.8,MANUAL,0,0,0.0,0.0,0.0,4.17,6.89,CENTER_DUAL,367.3,47.3,1.0,,
17:17:29.114,4.9,MANUAL,0,0,0.0,0.0,0.0,4.17,6.89,CENTER_DUAL,332.8,12.8,1.0,,
17:17:30.252,3.6,MANUAL,0,0,0.0,0.0,0.0,4.17,6.89,CENTER_DUAL,395.6,75.6,1.0,,
17:17:31.309,6.5,MANUAL,0,0,0.0,0.0,0.0,4.17,6.89,CENTER_DUAL,455.2,135.2,1.0,,
17:17:32.360,5.9,MANUAL,0,0,0.0,0.0,0.0,4.17,6.89,CENTER_DUAL,389.7,69.7,1.0,,
17:17:33.546,4.9,MANUAL,0,0,0.0,0.0,0.0,4.17,6.89,CENTER_DUAL,292.3,-27.7,1.0,,
17:17:34.709,4.8,MANUAL,0,0,0.0,0.0,0.0,4.17,6.89,CENTER_DUAL,281.3,-38.7,1.0,,
17:17:35.922,4.2,MANUAL,0,0,0.0,0.0,0.0,4.17,6.89,CENTER_DUAL,277.1,-42.9,1.0,,
17:17:36.941,4.6,MANUAL,0,0,0.0,0.0,0.0,4.17,6.89,CENTER_DUAL,261.9,-58.1,1.0,,
17:17:37.984,4.3,MANUAL,0,0,0.0,0.0,0.0,4.17,6.89,CENTER_DUAL,261.8,-58.2,1.0,,
17:17:39.018,4.6,MANUAL,0,0,0.0,0.0,0.0,4.17,6.89,CENTER_DUAL,262.1,-57.9,1.0,,
17:17:40.078,4.6,MANUAL,0,0,0.0,0.0,0.0,4.17,6.89,CENTER_DUAL,262.3,-57.7,1.0,,
17:17:41.111,4.6,MANUAL,0,0,0.0,0.0,0.0,4.17,6.89,CENTER_DUAL,258.0,-62.0,1.0,,
17:17:42.253,5.4,MANUAL,0,0,0.0,0.0,0.0,4.17,6.89,CENTER_DUAL,250.5,-69.5,1.0,,
17:17:43.432,4.6,MANUAL,0,0,0.0,0.0,0.0,4.17,6.89,CENTER_DUAL,253.4,-66.6,1.0,,
17:17:44.507,4.9,MANUAL,0,0,0.0,0.0,0.0,4.17,6.89,CENTER_DUAL,254.0,-66.0,1.0,,
17:17:45.547,4.9,MANUAL,0,0,0.0,0.0,0.0,4.17,6.89,CENTER_DUAL,251.7,-68.3,1.0,,
17:17:46.730,4.9,MANUAL,0,0,0.0,0.0,0.0,4.17,6.89,CENTER_DUAL,252.0,-68.0,1.0,,
17:17:47.806,4.6,MANUAL,0,0,0.0,0.0,0.0,4.17,6.89,CENTER_DUAL,267.2,-52.8,1.0,,
17:17:48.866,4.9,MANUAL,0,0,0.0,0.0,0.0,4.17,6.89,CENTER_DUAL,268.8,-51.2,1.0,,
17:17:49.870,4.9,MANUAL,0,0,0.0,0.0,0.0,4.17,6.89,CENTER_DUAL,262.9,-57.1,1.0,,
17:17:50.932,4.9,MANUAL,0,0,0.0,0.0,0.0,4.17,6.89,CENTER_DUAL,277.5,-42.5,1.0,,
17:17:52.018,4.9,MANUAL,0,0,0.0,0.0,0.0,4.17,6.89,CENTER_DUAL,299.7,-20.3,1.0,,
17:17:53.113,5.8,MANUAL,0,0,0.0,0.0,0.0,4.17,6.89,CENTER_DUAL,277.7,-42.3,1.0,,
17:17:54.201,5.0,MANUAL,0,0,0.0,0.0,0.0,4.17,6.89,CENTER_DUAL,254.8,-65.2,1.0,,
17:17:55.340,5.8,MANUAL,0,0,0.0,0.0,0.0,4.17,6.89,CENTER_DUAL,359.2,39.2,1.0,,
17:17:56.428,6.5,MANUAL,0,0,0.0,0.0,0.0,4.17,6.89,CENTER_DUAL,384.0,64.0,1.0,,
17:17:57.450,5.4,MANUAL,0,0,0.0,0.0,0.0,4.17,6.89,CENTER_DUAL,375.6,55.6,1.0,,
17:17:58.592,6.4,MANUAL,0,0,0.0,0.0,0.0,4.17,6.89,CENTER_DUAL,387.1,67.1,1.0,,
17:17:59.655,6.4,MANUAL,0,0,0.0,0.0,0.0,4.17,6.89,CENTER_DUAL,400.3,80.3,1.0,,
17:18:00.691,7.1,MANUAL,0,0,0.0,0.0,0.0,4.17,6.89,CENTER_DUAL,407.9,87.9,1.0,,
17:18:01.725,7.1,MANUAL,0,0,0.0,0.0,0.0,4.17,6.89,CENTER_DUAL,400.6,80.6,1.0,,
17:18:02.827,7.1,MANUAL,0,0,0.0,0.0,0.0,4.17,6.89,CENTER_DUAL,396.9,76.9,1.0,,
17:18:03.921,7.2,MANUAL,0,0,0.0,0.0,0.0,4.17,6.89,CENTER_DUAL,395.3,75.3,1.0,,
17:18:05.052,7.2,MANUAL,0,0,0.0,0.0,0.0,4.17,6.89,CENTER_DUAL,407.1,87.1,1.0,,
17:18:06.178,7.1,MANUAL,0,0,0.0,0.0,0.0,4.17,6.89,CENTER_DUAL,421.9,101.9,1.0,,
17:18:07.288,7.1,MANUAL,0,0,0.0,0.0,0.0,4.17,6.89,CENTER_DUAL,378.3,58.3,1.0,,
17:18:08.405,7.1,MANUAL,0,0,0.0,0.0,0.0,4.17,6.89,CENTER_DUAL,380.8,60.8,1.0,,
17:18:09.454,5.9,MANUAL,0,0,0.0,0.0,0.0,4.17,6.89,CENTER_DUAL,398.4,78.4,1.0,,
17:18:10.593,7.2,MANUAL,0,0,0.0,0.0,0.0,4.17,6.89,CENTER_DUAL,395.6,75.6,1.0,,
17:18:11.702,7.3,MANUAL,0,0,0.0,0.0,0.0,4.17,6.89,CENTER_DUAL,391.3,71.3,1.0,,
17:18:12.857,5.8,MANUAL,0,0,0.0,0.0,0.0,4.17,6.89,CENTER_DUAL,393.7,73.7,1.0,,
17:18:13.900,5.8,MANUAL,0,0,0.0,0.0,0.0,4.17,6.89,CENTER_DUAL,393.5,73.5,1.0,,
17:18:14.972,6.5,MANUAL,0,0,0.0,0.0,0.0,4.17,6.89,CENTER_DUAL,449.8,129.8,1.0,,
17:18:16.059,6.3,MANUAL,0,0,0.0,0.0,0.0,4.17,6.89,CENTER_DUAL,481.9,161.9,1.0,,
17:18:17.140,7.1,MANUAL,0,0,0.0,0.0,0.0,4.17,6.89,CENTER_DUAL,477.1,157.1,1.0,,
17:18:18.244,8.1,MANUAL,0,0,0.0,0.0,0.0,4.17,6.89,CENTER_DUAL,435.0,115.0,1.0,,
17:18:19.344,7.2,MANUAL,0,0,0.0,0.0,0.0,4.17,6.89,CENTER_DUAL,408.1,88.1,1.0,,
17:18:20.461,7.1,MANUAL,0,0,0.0,0.0,0.0,4.17,6.89,CENTER_DUAL,420.1,100.1,1.0,,
17:18:21.462,6.6,MANUAL,0,0,0.0,0.0,0.0,4.17,6.89,CENTER_DUAL,473.8,153.8,1.0,,
17:18:22.475,7.1,MANUAL,0,0,0.0,0.0,0.0,4.17,6.89,LEFT_LANE_ONLY,574.4,254.4,0.5,,
17:18:23.501,7.0,MANUAL,0,0,0.0,0.0,0.0,4.17,6.89,CENTER_DUAL,283.9,-36.1,1.0,,
17:18:24.608,5.3,MANUAL,0,0,0.0,0.0,0.0,4.17,6.89,CENTER_DUAL,315.8,-4.2,1.0,,
17:18:25.696,7.1,MANUAL,0,0,0.0,0.0,0.0,4.17,6.89,CENTER_DUAL,311.8,-8.2,1.0,,
17:18:26.699,7.1,MANUAL,0,0,0.0,0.0,0.0,4.17,6.89,CENTER_DUAL,359.2,39.2,1.0,,
17:18:27.758,6.6,MANUAL,0,0,0.0,0.0,0.0,4.17,6.89,CENTER_DUAL,360.0,40.0,1.0,,
17:18:28.804,6.4,MANUAL,0,0,0.0,0.0,0.0,4.17,6.89,CENTER_DUAL,370.6,50.6,1.0,,
17:18:29.819,6.4,MANUAL,0,0,0.0,0.0,0.0,4.17,6.89,CENTER_DUAL,388.4,68.4,1.0,,
17:18:30.938,7.1,MANUAL,0,0,0.0,0.0,0.0,4.17,6.89,CENTER_DUAL,388.4,68.4,1.0,,
17:18:31.942,7.1,MANUAL,0,0,0.0,0.0,0.0,4.17,6.89,CENTER_DUAL,380.5,60.5,1.0,,
17:18:33.069,7.1,MANUAL,0,0,0.0,0.0,0.0,4.17,6.89,CENTER_DUAL,382.5,62.5,1.0,,
17:18:34.202,7.3,MANUAL,0,0,0.0,0.0,0.0,4.17,6.89,CENTER_DUAL,393.7,73.7,1.0,,
17:18:35.203,6.3,MANUAL,0,0,0.0,0.0,0.0,4.17,6.89,CENTER_DUAL,411.0,91.0,1.0,,
17:18:36.327,5.4,MANUAL,0,0,0.0,0.0,0.0,4.17,6.89,CENTER_DUAL,410.6,90.6,1.0,,
17:18:37.432,5.4,MANUAL,0,0,0.0,0.0,0.0,4.17,6.89,CENTER_DUAL,405.8,85.8,1.0,,
17:18:38.464,5.4,MANUAL,0,0,0.0,0.0,0.0,4.17,6.89,CENTER_DUAL,380.6,60.6,1.0,,
17:18:39.573,5.9,MANUAL,0,0,0.0,0.0,0.0,4.17,6.89,CENTER_DUAL,383.9,63.9,1.0,,
17:18:40.631,5.9,MANUAL,0,0,0.0,0.0,0.0,4.17,6.89,CENTER_DUAL,399.5,79.5,1.0,,
17:18:41.734,5.8,MANUAL,0,0,0.0,0.0,0.0,4.17,6.89,CENTER_DUAL,392.8,72.8,1.0,,
17:18:42.744,5.2,MANUAL,0,0,0.0,0.0,0.0,4.17,6.89,CENTER_DUAL,390.7,70.7,1.0,,
17:18:43.812,4.5,MANUAL,0,0,0.0,0.0,0.0,4.17,6.89,CENTER_DUAL,384.2,64.2,1.0,,
17:18:44.902,5.3,MANUAL,0,0,0.0,0.0,0.0,4.17,6.89,CENTER_DUAL,390.4,70.4,1.0,,
17:18:46.028,5.4,MANUAL,0,0,0.0,0.0,0.0,4.17,6.89,CENTER_DUAL,406.2,86.2,1.0,,
17:18:47.202,5.2,MANUAL,0,0,0.0,0.0,0.0,4.17,6.89,CENTER_DUAL,410.5,90.5,1.0,,
17:18:48.314,4.3,MANUAL,0,0,0.0,0.0,0.0,4.17,6.89,CENTER_DUAL,410.1,90.1,1.0,,
17:18:49.522,4.3,MANUAL,0,0,0.0,0.0,0.0,4.17,6.89,CENTER_DUAL,410.1,90.1,1.0,,
17:18:50.616,4.9,MANUAL,0,0,0.0,0.0,0.0,4.17,6.89,CENTER_DUAL,407.3,87.3,1.0,,
17:18:51.774,4.9,MANUAL,0,0,0.0,0.0,0.0,4.17,6.89,CENTER_DUAL,223.6,-96.4,1.0,,
17:18:53.101,3.4,MANUAL,0,0,0.0,0.0,0.0,4.17,6.89,CENTER_DUAL,237.6,-82.4,1.0,,
17:18:54.104,4.1,MANUAL,0,0,0.0,0.0,0.0,4.17,6.89,RIGHT_LANE_ONLY,172.9,-147.1,0.5,,
17:18:55.159,4.6,MANUAL,0,0,0.0,0.0,0.0,4.17,6.89,CENTER_DUAL,182.1,-137.9,1.0,,
17:18:56.236,5.0,MANUAL,0,0,0.0,0.0,0.0,4.17,6.89,CENTER_DUAL,398.4,78.4,1.0,,
17:18:57.276,6.4,MANUAL,0,0,0.0,0.0,0.0,4.17,6.89,CENTER_DUAL,519.8,199.8,1.0,,
17:18:58.354,5.4,MANUAL,0,0,0.0,0.0,0.0,4.17,6.89,CENTER_DUAL,606.3,286.3,1.0,,
17:18:59.569,4.6,MANUAL,0,0,0.0,0.0,0.0,4.17,6.89,CENTER_DUAL,607.0,287.0,1.0,,
17:19:00.679,4.3,MANUAL,0,0,0.0,0.0,0.0,4.17,6.89,CENTER_DUAL,622.8,302.8,1.0,,
17:19:01.789,7.1,MANUAL,0,0,0.0,0.0,0.0,4.17,6.89,CENTER_DUAL,403.7,83.7,1.0,,
17:19:02.873,6.5,MANUAL,0,0,0.0,0.0,0.0,4.17,6.89,LEFT_LANE_ONLY,71.9,-248.1,0.5,,
17:19:03.907,6.5,MANUAL,0,0,0.0,0.0,0.0,4.17,6.89,CENTER_DUAL,316.3,-3.7,1.0,,
17:19:04.922,4.9,MANUAL,0,0,0.0,0.0,0.0,4.17,6.89,RIGHT_LANE_ONLY,342.8,22.8,0.5,,
17:19:05.925,6.4,MANUAL,0,0,0.0,0.0,0.0,4.17,6.89,CENTER_DUAL,287.1,-32.9,1.0,,
17:19:07.013,6.4,MANUAL,0,0,0.0,0.0,0.0,4.17,6.89,CENTER_DUAL,358.4,38.4,1.0,,
17:19:08.117,6.0,MANUAL,0,0,0.0,0.0,0.0,4.17,6.89,CENTER_DUAL,350.6,30.6,1.0,,
17:19:09.129,5.7,MANUAL,0,0,0.0,0.0,0.0,4.17,6.89,CENTER_DUAL,233.9,-86.1,1.0,,
17:19:10.205,5.0,MANUAL,0,0,0.0,0.0,0.0,4.17,6.89,CENTER_DUAL,234.2,-85.8,1.0,,
17:19:11.359,4.6,MANUAL,0,0,0.0,0.0,0.0,4.17,6.89,CENTER_DUAL,247.3,-72.7,1.0,,
17:19:12.550,5.0,MANUAL,0,0,0.0,0.0,0.0,4.17,6.89,CENTER_DUAL,275.9,-44.1,1.0,,
17:19:13.703,5.4,MANUAL,0,0,0.0,0.0,0.0,4.17,6.89,CENTER_DUAL,265.8,-54.2,1.0,,
17:19:14.826,5.4,MANUAL,0,0,0.0,0.0,0.0,4.17,6.89,CENTER_DUAL,263.2,-56.8,1.0,,
17:19:15.911,5.3,MANUAL,0,0,0.0,0.0,0.0,4.17,6.89,CENTER_DUAL,262.6,-57.4,1.0,,
17:19:17.018,5.3,MANUAL,0,0,0.0,0.0,0.0,4.17,6.89,CENTER_DUAL,254.6,-65.4,1.0,,
17:19:18.124,5.3,MANUAL,0,0,0.0,0.0,0.0,4.17,6.89,CENTER_DUAL,248.8,-71.2,1.0,,
17:19:19.222,5.8,MANUAL,0,0,0.0,0.0,0.0,4.17,6.89,CENTER_DUAL,251.2,-68.8,1.0,,
17:19:20.266,5.8,MANUAL,0,0,0.0,0.0,0.0,4.17,6.89,CENTER_DUAL,250.3,-69.7,1.0,,
17:19:21.319,5.3,MANUAL,0,0,0.0,0.0,0.0,4.17,6.89,CENTER_DUAL,294.2,-25.8,1.0,,
17:19:22.440,5.3,MANUAL,0,0,0.0,0.0,0.0,4.17,6.89,CENTER_DUAL,280.9,-39.1,1.0,,
17:19:23.547,5.3,MANUAL,0,0,0.0,0.0,0.0,4.17,6.89,CENTER_DUAL,276.3,-43.7,1.0,,
17:19:24.619,5.9,MANUAL,0,0,0.0,0.0,0.0,4.17,6.89,CENTER_DUAL,271.0,-49.0,1.0,,
17:19:25.639,5.2,MANUAL,0,0,0.0,0.0,0.0,4.17,6.89,CENTER_DUAL,294.0,-26.0,1.0,,
17:19:26.652,5.3,MANUAL,0,0,0.0,0.0,0.0,4.17,6.89,CENTER_DUAL,315.0,-5.0,1.0,,
17:19:27.654,5.0,MANUAL,0,0,0.0,0.0,0.0,4.17,6.89,CENTER_DUAL,316.9,-3.1,1.0,,
17:19:28.799,5.3,MANUAL,0,0,0.0,0.0,0.0,4.17,6.89,CENTER_DUAL,322.6,2.6,1.0,,
17:19:29.831,6.0,MANUAL,0,0,0.0,0.0,0.0,4.17,6.89,CENTER_DUAL,372.9,52.9,1.0,,
17:19:30.841,5.8,MANUAL,0,0,0.0,0.0,0.0,4.17,6.89,CENTER_DUAL,361.8,41.8,1.0,,
17:19:31.925,5.8,MANUAL,0,0,0.0,0.0,0.0,4.17,6.89,CENTER_DUAL,351.1,31.1,1.0,,
17:19:32.935,5.9,MANUAL,0,0,0.0,0.0,0.0,4.17,6.89,CENTER_DUAL,334.2,14.2,1.0,,
17:19:33.963,5.8,MANUAL,0,0,0.0,0.0,0.0,4.17,6.89,CENTER_DUAL,317.8,-2.2,1.0,,
17:19:35.028,5.7,MANUAL,0,0,0.0,0.0,0.0,4.17,6.89,CENTER_DUAL,320.0,-0.0,1.0,,
17:19:36.082,5.8,MANUAL,0,0,0.0,0.0,0.0,4.17,6.89,CENTER_DUAL,325.9,5.9,1.0,,
17:19:37.224,4.9,MANUAL,0,0,0.0,0.0,0.0,4.17,6.89,CENTER_DUAL,327.3,7.3,1.0,,
17:19:38.283,5.8,MANUAL,0,0,0.0,0.0,0.0,4.17,6.89,CENTER_DUAL,328.6,8.6,1.0,,
17:19:39.371,5.8,MANUAL,0,0,0.0,0.0,0.0,4.17,6.89,CENTER_DUAL,329.4,9.4,1.0,,
17:19:40.468,5.3,MANUAL,0,0,0.0,0.0,0.0,4.17,6.89,CENTER_DUAL,329.5,9.5,1.0,,
17:19:41.608,5.4,MANUAL,0,0,0.0,0.0,0.0,4.17,6.89,CENTER_DUAL,328.4,8.4,1.0,,
17:19:42.618,4.9,MANUAL,0,0,0.0,0.0,0.0,4.17,6.89,CENTER_DUAL,330.0,10.0,1.0,,
17:19:43.631,4.9,MANUAL,0,0,0.0,0.0,0.0,4.17,6.89,CENTER_DUAL,339.2,19.2,1.0,,
17:19:44.638,5.0,MANUAL,0,0,0.0,0.0,0.0,4.17,6.89,CENTER_DUAL,338.2,18.2,1.0,,
17:19:45.819,5.4,MANUAL,0,0,0.0,0.0,0.0,4.17,6.89,CENTER_DUAL,347.0,27.0,1.0,,
17:19:46.950,5.4,MANUAL,0,0,0.0,0.0,0.0,4.17,6.89,CENTER_DUAL,355.7,35.7,1.0,,
17:19:48.035,6.5,MANUAL,0,0,0.0,0.0,0.0,4.17,6.89,CENTER_DUAL,360.7,40.7,1.0,,
17:19:49.148,7.1,MANUAL,0,0,0.0,0.0,0.0,4.17,6.89,CENTER_DUAL,258.1,-61.9,1.0,,
17:19:50.271,7.0,MANUAL,0,0,0.0,0.0,0.0,4.17,6.89,CENTER_DUAL,297.5,-22.5,1.0,,
17:19:51.322,7.9,MANUAL,0,0,0.0,0.0,0.0,4.17,6.89,CENTER_DUAL,316.3,-3.7,1.0,,
17:19:52.410,7.1,MANUAL,0,0,0.0,0.0,0.0,4.17,6.89,CENTER_DUAL,369.1,49.1,1.0,,
17:19:53.538,7.2,MANUAL,0,0,0.0,0.0,0.0,4.17,6.89,CENTER_DUAL,132.4,-187.6,1.0,,
17:19:54.670,6.4,MANUAL,0,0,0.0,0.0,0.0,4.17,6.89,RIGHT_LANE_ONLY,349.0,29.0,0.5,,
17:19:55.750,7.1,MANUAL,0,0,0.0,0.0,0.0,4.17,6.89,RIGHT_LANE_ONLY,555.8,235.8,0.5,,
17:19:56.831,7.2,MANUAL,0,0,0.0,0.0,0.0,4.17,6.89,CENTER_DUAL,350.4,30.4,1.0,,
17:19:57.851,7.0,MANUAL,0,0,0.0,0.0,0.0,4.17,6.89,CENTER_DUAL,211.0,-109.0,1.0,,
17:19:58.924,5.3,MANUAL,0,0,0.0,0.0,0.0,4.17,6.89,CENTER_DUAL,190.4,-129.6,1.0,,
17:20:00.048,5.4,MANUAL,0,0,0.0,0.0,0.0,4.17,6.89,CENTER_DUAL,202.6,-117.4,1.0,,
17:20:01.162,5.3,MANUAL,0,0,0.0,0.0,0.0,4.17,6.89,CENTER_DUAL,207.7,-112.3,1.0,,
17:20:02.212,6.4,MANUAL,0,0,0.0,0.0,0.0,4.17,6.89,CENTER_DUAL,169.8,-150.2,1.0,,
17:20:03.314,5.3,MANUAL,0,0,0.0,0.0,0.0,4.17,6.89,CENTER_DUAL,144.1,-175.9,1.0,,
17:20:04.424,5.4,MANUAL,0,0,0.0,0.0,0.0,4.17,6.89,CENTER_DUAL,132.9,-187.1,1.0,,
17:20:05.533,5.4,MANUAL,0,0,0.0,0.0,0.0,4.17,6.89,CENTER_DUAL,116.9,-203.1,1.0,,
17:20:06.669,5.8,MANUAL,0,0,0.0,0.0,0.0,4.17,6.89,CENTER_DUAL,264.7,-55.3,1.0,,
17:20:07.792,5.3,MANUAL,0,0,0.0,0.0,0.0,4.17,6.89,CENTER_DUAL,276.5,-43.5,1.0,,
17:20:08.899,5.3,MANUAL,0,0,0.0,0.0,0.0,4.17,6.89,CENTER_DUAL,279.5,-40.5,1.0,,
17:20:10.100,4.9,MANUAL,0,0,0.0,0.0,0.0,4.17,6.89,CENTER_DUAL,297.9,-22.1,1.0,,
17:20:11.180,4.6,MANUAL,0,0,0.0,0.0,0.0,4.17,6.89,CENTER_DUAL,308.3,-11.7,1.0,,
17:20:12.220,4.9,MANUAL,0,0,0.0,0.0,0.0,4.17,6.89,CENTER_DUAL,308.1,-11.9,1.0,,
17:20:13.292,4.9,MANUAL,0,0,0.0,0.0,0.0,4.17,6.89,CENTER_DUAL,310.0,-10.0,1.0,,
17:20:14.471,5.3,MANUAL,0,0,0.0,0.0,0.0,4.17,6.89,CENTER_DUAL,325.5,5.5,1.0,,
17:20:15.476,4.9,MANUAL,0,0,0.0,0.0,0.0,4.17,6.89,CENTER_DUAL,306.7,-13.3,1.0,,
17:20:16.532,5.0,MANUAL,0,0,0.0,0.0,0.0,4.17,6.89,CENTER_DUAL,304.2,-15.8,1.0,,
17:20:17.540,4.9,MANUAL,0,0,0.0,0.0,0.0,4.17,6.89,CENTER_DUAL,304.5,-15.5,1.0,,
17:20:18.559,4.9,MANUAL,0,0,0.0,0.0,0.0,4.17,6.89,CENTER_DUAL,305.0,-15.0,1.0,,
17:20:19.574,4.9,MANUAL,0,0,0.0,0.0,0.0,4.17,6.89,CENTER_DUAL,311.8,-8.2,1.0,,
17:20:20.589,4.9,MANUAL,0,0,0.0,0.0,0.0,4.17,6.89,CENTER_DUAL,315.7,-4.3,1.0,,
17:20:21.605,6.5,MANUAL,0,0,0.0,0.0,0.0,4.17,6.89,CENTER_DUAL,350.5,30.5,1.0,,
17:20:22.626,5.8,MANUAL,0,0,0.0,0.0,0.0,4.17,6.89,CENTER_DUAL,347.5,27.5,1.0,,
17:20:23.757,5.3,MANUAL,0,0,0.0,0.0,0.0,4.17,6.89,CENTER_DUAL,351.4,31.4,1.0,,
17:20:24.882,5.4,MANUAL,0,0,0.0,0.0,0.0,4.17,6.89,CENTER_DUAL,349.2,29.2,1.0,,
17:20:25.965,5.4,MANUAL,0,0,0.0,0.0,0.0,4.17,6.89,CENTER_DUAL,348.6,28.6,1.0,,
17:20:27.051,5.3,MANUAL,0,0,0.0,0.0,0.0,4.17,6.89,LEFT_LANE_ONLY,283.4,-36.6,0.5,,
17:20:28.171,5.4,MANUAL,0,0,0.0,0.0,0.0,4.17,6.89,RIGHT_LANE_ONLY,162.6,-157.4,0.5,,
17:20:29.234,5.4,MANUAL,0,0,0.0,0.0,0.0,4.17,6.89,CENTER_DUAL,302.8,-17.2,1.0,,
17:20:30.319,5.8,MANUAL,0,0,0.0,0.0,0.0,4.17,6.89,CENTER_DUAL,301.0,-19.0,1.0,,
17:20:31.453,5.3,MANUAL,0,0,0.0,0.0,0.0,4.17,6.89,CENTER_DUAL,303.3,-16.7,1.0,,
17:20:32.533,5.3,MANUAL,0,0,0.0,0.0,0.0,4.17,6.89,CENTER_DUAL,303.5,-16.5,1.0,,
17:20:33.610,5.7,MANUAL,0,0,0.0,0.0,0.0,4.17,6.89,CENTER_DUAL,302.9,-17.1,1.0,,
17:20:34.698,5.8,MANUAL,0,0,0.0,0.0,0.0,4.17,6.89,CENTER_DUAL,302.6,-17.4,1.0,,
17:20:35.775,5.7,MANUAL,0,0,0.0,0.0,0.0,4.17,6.89,CENTER_DUAL,300.3,-19.7,1.0,,
17:20:36.871,5.3,MANUAL,0,0,0.0,0.0,0.0,4.17,6.89,CENTER_DUAL,287.5,-32.5,1.0,,
17:20:37.989,4.9,MANUAL,0,0,0.0,0.0,0.0,4.17,6.89,CENTER_DUAL,280.8,-39.2,1.0,,
17:20:39.037,5.8,MANUAL,0,0,0.0,0.0,0.0,4.17,6.89,CENTER_DUAL,284.9,-35.1,1.0,,
17:20:40.121,5.3,MANUAL,0,0,0.0,0.0,0.0,4.17,6.89,CENTER_DUAL,283.0,-37.0,1.0,,
17:20:41.223,5.2,MANUAL,0,0,0.0,0.0,0.0,4.17,6.89,CENTER_DUAL,256.4,-63.6,1.0,,
17:20:42.326,5.3,MANUAL,0,0,0.0,0.0,0.0,4.17,6.89,CENTER_DUAL,280.3,-39.7,1.0,,
17:20:43.403,5.4,MANUAL,0,0,0.0,0.0,0.0,4.17,6.89,CENTER_DUAL,279.4,-40.6,1.0,,
17:20:44.476,5.3,MANUAL,0,0,0.0,0.0,0.0,4.17,6.89,CENTER_DUAL,278.9,-41.1,1.0,,
17:20:45.527,5.9,MANUAL,0,0,0.0,0.0,0.0,4.17,6.89,CENTER_DUAL,255.1,-64.9,1.0,,
17:20:46.663,6.4,MANUAL,0,0,0.0,0.0,0.0,4.17,6.89,CENTER_DUAL,322.5,2.5,1.0,,
17:20:47.851,5.8,MANUAL,0,0,0.0,0.0,0.0,4.17,6.89,CENTER_DUAL,317.5,-2.5,1.0,,
17:20:48.893,5.8,MANUAL,0,0,0.0,0.0,0.0,4.17,6.89,CENTER_DUAL,325.3,5.3,1.0,,
17:20:49.980,5.0,MANUAL,0,0,0.0,0.0,0.0,4.17,6.89,CENTER_DUAL,327.4,7.4,1.0,,
17:20:51.016,5.0,MANUAL,0,0,0.0,0.0,0.0,4.17,6.89,CENTER_DUAL,330.4,10.4,1.0,,
17:20:52.070,5.0,MANUAL,0,0,0.0,0.0,0.0,4.17,6.89,CENTER_DUAL,328.0,8.0,1.0,,
17:20:53.187,3.8,MANUAL,0,0,0.0,0.0,0.0,4.17,6.89,CENTER_DUAL,321.8,1.8,1.0,,
17:20:54.412,4.6,MANUAL,0,0,0.0,0.0,0.0,4.17,6.89,CENTER_DUAL,316.6,-3.4,1.0,,
17:20:55.486,4.3,MANUAL,0,0,0.0,0.0,0.0,4.17,6.89,CENTER_DUAL,315.6,-4.4,1.0,,
17:20:56.657,5.0,MANUAL,0,0,0.0,0.0,0.0,4.17,6.89,CENTER_DUAL,314.7,-5.3,1.0,,
17:20:57.663,4.9,MANUAL,0,0,0.0,0.0,0.0,4.17,6.89,CENTER_DUAL,314.0,-6.0,1.0,,
17:20:58.838,5.0,MANUAL,0,0,0.0,0.0,0.0,4.17,6.89,CENTER_DUAL,313.4,-6.6,1.0,,
17:21:00.016,5.0,MANUAL,0,0,0.0,0.0,0.0,4.17,6.89,CENTER_DUAL,313.1,-6.9,1.0,,
17:21:01.021,6.4,MANUAL,0,0,0.0,0.0,0.0,4.17,6.89,CENTER_DUAL,349.3,29.3,1.0,,
17:21:02.126,5.4,MANUAL,0,0,0.0,0.0,0.0,4.17,6.89,CENTER_DUAL,312.6,-7.4,1.0,,
17:21:03.213,5.3,MANUAL,0,0,0.0,0.0,0.0,4.17,6.89,CENTER_DUAL,281.9,-38.1,1.0,,
17:21:04.241,5.8,MANUAL,0,0,0.0,0.0,0.0,4.17,6.89,RIGHT_LANE_ONLY,246.4,-73.6,0.5,,
17:21:05.308,7.1,MANUAL,0,0,0.0,0.0,0.0,4.17,6.89,CENTER_DUAL,231.0,-89.0,1.0,,
17:21:06.441,7.9,MANUAL,0,0,0.0,0.0,0.0,4.17,6.89,CENTER_DUAL,112.4,-207.6,1.0,,
17:21:07.575,5.4,MANUAL,0,0,0.0,0.0,0.0,4.17,6.89,CENTER_DUAL,296.1,-23.9,1.0,,
17:21:08.577,6.4,MANUAL,0,0,0.0,0.0,0.0,4.17,6.89,LEFT_LANE_ONLY,361.8,41.8,0.5,,
17:21:09.599,8.1,MANUAL,0,0,0.0,0.0,0.0,4.17,6.89,CENTER_DUAL,119.0,-201.0,1.0,,
17:21:10.673,7.1,MANUAL,0,0,0.0,0.0,0.0,4.17,6.89,CENTER_DUAL,258.6,-61.4,1.0,,
17:21:11.727,8.0,MANUAL,0,0,0.0,0.0,0.0,4.17,6.89,CENTER_DUAL,236.7,-83.3,1.0,,
17:21:12.783,7.1,MANUAL,0,0,0.0,0.0,0.0,4.17,6.89,CENTER_DUAL,191.1,-128.9,1.0,,
17:21:13.890,7.2,MANUAL,0,0,0.0,0.0,0.0,4.17,6.89,CENTER_DUAL,277.1,-42.9,1.0,,
17:21:14.951,7.3,MANUAL,0,0,0.0,0.0,0.0,4.17,6.89,CENTER_DUAL,347.6,27.6,1.0,,
17:21:15.953,7.1,MANUAL,0,0,0.0,0.0,0.0,4.17,6.89,CENTER_DUAL,239.4,-80.6,1.0,,
17:21:17.049,5.3,MANUAL,0,0,0.0,0.0,0.0,4.17,6.89,CENTER_DUAL,249.2,-70.8,1.0,,
17:21:18.169,7.1,MANUAL,0,0,0.0,0.0,0.0,4.17,6.89,CENTER_DUAL,303.4,-16.6,1.0,,
17:21:19.251,4.9,MANUAL,0,0,0.0,0.0,0.0,4.17,6.89,CENTER_DUAL,276.5,-43.5,1.0,,
17:21:20.401,4.9,MANUAL,0,0,0.0,0.0,0.0,4.17,6.89,RIGHT_LANE_ONLY,240.4,-79.6,0.5,,
17:21:21.527,5.4,MANUAL,0,0,0.0,0.0,0.0,4.17,6.89,CENTER_DUAL,283.5,-36.5,1.0,,
17:21:22.605,6.4,MANUAL,0,0,0.0,0.0,0.0,4.17,6.89,CENTER_DUAL,281.7,-38.3,1.0,,
17:21:23.673,5.3,MANUAL,0,0,0.0,0.0,0.0,4.17,6.89,CENTER_DUAL,287.5,-32.5,1.0,,
17:21:24.699,6.4,MANUAL,0,0,0.0,0.0,0.0,4.17,6.89,CENTER_DUAL,202.6,-117.4,1.0,,
17:21:25.799,7.1,MANUAL,0,0,0.0,0.0,0.0,4.17,6.89,CENTER_DUAL,169.4,-150.6,1.0,,
17:21:26.807,4.9,MANUAL,0,0,0.0,0.0,0.0,4.17,6.89,CENTER_DUAL,208.2,-111.8,1.0,,
17:21:27.846,7.1,MANUAL,0,0,0.0,0.0,0.0,4.17,6.89,LEFT_LANE_ONLY,341.1,21.1,0.5,,
17:21:28.950,5.9,MANUAL,0,0,0.0,0.0,0.0,4.17,6.89,LEFT_LANE_ONLY,379.3,59.3,0.5,,
17:21:30.063,7.1,MANUAL,0,0,0.0,0.0,0.0,4.17,6.89,LEFT_LANE_ONLY,325.8,5.8,0.5,,
17:21:31.216,7.1,MANUAL,0,0,0.0,0.0,0.0,4.17,6.89,CENTER_DUAL,284.3,-35.7,1.0,,
17:21:32.284,5.3,MANUAL,0,0,0.0,0.0,0.0,4.17,6.89,CENTER_DUAL,331.1,11.1,1.0,,
17:21:33.297,7.1,MANUAL,0,0,0.0,0.0,0.0,4.17,6.89,LEFT_LANE_ONLY,243.7,-76.3,0.5,,
17:21:34.316,7.2,MANUAL,0,0,0.0,0.0,0.0,4.17,6.89,CENTER_DUAL,236.2,-83.8,1.0,,
17:21:35.328,7.2,MANUAL,0,0,0.0,0.0,0.0,4.17,6.89,RIGHT_LANE_ONLY,216.5,-103.5,0.5,,
17:21:36.414,6.3,MANUAL,0,0,0.0,0.0,0.0,4.17,6.89,CENTER_DUAL,386.2,66.2,1.0,,
17:21:37.486,6.4,MANUAL,0,0,0.0,0.0,0.0,4.17,6.89,RIGHT_LANE_ONLY,265.5,-54.5,0.5,,
17:21:38.529,7.2,MANUAL,0,0,0.0,0.0,0.0,4.17,6.89,CENTER_DUAL,385.8,65.8,1.0,,
17:21:39.579,8.0,MANUAL,0,0,0.0,0.0,0.0,4.17,6.89,CENTER_DUAL,386.4,66.4,1.0,,
17:21:40.696,6.4,MANUAL,0,0,0.0,0.0,0.0,4.17,6.89,CENTER_DUAL,402.4,82.4,1.0,,
17:21:41.736,6.4,MANUAL,0,0,0.0,0.0,0.0,4.17,6.89,CENTER_DUAL,384.4,64.4,1.0,,
17:21:42.749,5.8,MANUAL,0,0,0.0,0.0,0.0,4.17,6.89,CENTER_DUAL,396.7,76.7,1.0,,
17:21:43.785,6.4,MANUAL,0,0,0.0,0.0,0.0,4.17,6.89,CENTER_DUAL,397.6,77.6,1.0,,
17:21:44.865,4.9,MANUAL,0,0,0.0,0.0,0.0,4.17,6.89,CENTER_DUAL,397.5,77.5,1.0,,
17:21:46.045,4.9,MANUAL,0,0,0.0,0.0,0.0,4.17,6.89,CENTER_DUAL,395.0,75.0,1.0,,
17:21:47.054,4.6,MANUAL,0,0,0.0,0.0,0.0,4.17,6.89,CENTER_DUAL,392.6,72.6,1.0,,
17:21:48.189,4.3,MANUAL,0,0,0.0,0.0,0.0,4.17,6.89,CENTER_DUAL,388.7,68.7,1.0,,
17:21:49.318,4.6,MANUAL,0,0,0.0,0.0,0.0,4.17,6.89,CENTER_DUAL,384.8,64.8,1.0,,
17:21:50.392,4.9,MANUAL,0,0,0.0,0.0,0.0,4.17,6.89,CENTER_DUAL,381.1,61.1,1.0,,
17:21:51.399,4.9,MANUAL,0,0,0.0,0.0,0.0,4.17,6.89,CENTER_DUAL,380.8,60.8,1.0,,
17:21:52.559,5.3,MANUAL,0,0,0.0,0.0,0.0,4.17,6.89,CENTER_DUAL,386.2,66.2,1.0,,
17:21:53.570,4.6,MANUAL,0,0,0.0,0.0,0.0,4.17,6.89,CENTER_DUAL,381.9,61.9,1.0,,
17:21:54.573,4.9,MANUAL,0,0,0.0,0.0,0.0,4.17,6.89,CENTER_DUAL,373.1,53.1,1.0,,
17:21:55.760,4.9,MANUAL,0,0,0.0,0.0,0.0,4.17,6.89,CENTER_DUAL,326.7,6.7,1.0,,
17:21:56.835,4.6,MANUAL,0,0,0.0,0.0,0.0,4.17,6.89,CENTER_DUAL,306.8,-13.2,1.0,,
17:21:58.008,5.3,MANUAL,0,0,0.0,0.0,0.0,4.17,6.89,CENTER_DUAL,328.3,8.3,1.0,,
17:21:59.155,5.4,MANUAL,0,0,0.0,0.0,0.0,4.17,6.89,CENTER_DUAL,335.7,15.7,1.0,,
17:22:00.306,4.9,MANUAL,0,0,0.0,0.0,0.0,4.17,6.89,CENTER_DUAL,345.6,25.6,1.0,,
17:22:01.448,5.3,MANUAL,0,0,0.0,0.0,0.0,4.17,6.89,CENTER_DUAL,348.2,28.2,1.0,,
17:22:02.612,4.9,MANUAL,0,0,0.0,0.0,0.0,4.17,6.89,CENTER_DUAL,349.5,29.5,1.0,,
17:22:03.767,5.3,MANUAL,0,0,0.0,0.0,0.0,4.17,6.89,CENTER_DUAL,352.1,32.1,1.0,,
17:22:04.859,5.8,MANUAL,0,0,0.0,0.0,0.0,4.17,6.89,CENTER_DUAL,363.4,43.4,1.0,,
17:22:05.930,5.4,MANUAL,0,0,0.0,0.0,0.0,4.17,6.89,CENTER_DUAL,369.2,49.2,1.0,,
17:22:06.983,5.8,MANUAL,0,0,0.0,0.0,0.0,4.17,6.89,CENTER_DUAL,374.6,54.6,1.0,,
17:22:08.082,5.3,MANUAL,0,0,0.0,0.0,0.0,4.17,6.89,CENTER_DUAL,380.6,60.6,1.0,,
17:22:09.145,5.4,MANUAL,0,0,0.0,0.0,0.0,4.17,6.89,CENTER_DUAL,392.3,72.3,1.0,,
17:22:10.228,5.4,MANUAL,0,0,0.0,0.0,0.0,4.17,6.89,CENTER_DUAL,377.5,57.5,1.0,,
17:22:11.287,5.9,MANUAL,0,0,0.0,0.0,0.0,4.17,6.89,CENTER_DUAL,346.2,26.2,1.0,,
17:22:12.356,5.9,MANUAL,0,0,0.0,0.0,0.0,4.17,6.89,CENTER_DUAL,348.4,28.4,1.0,,
17:22:13.403,5.8,MANUAL,0,0,0.0,0.0,0.0,4.17,6.89,CENTER_DUAL,351.7,31.7,1.0,,
17:22:14.441,5.9,MANUAL,0,0,0.0,0.0,0.0,4.17,6.89,CENTER_DUAL,351.6,31.6,1.0,,
17:22:15.479,5.9,MANUAL,0,0,0.0,0.0,0.0,4.17,6.89,CENTER_DUAL,351.0,31.0,1.0,,
17:22:16.510,5.8,MANUAL,0,0,0.0,0.0,0.0,4.17,6.89,CENTER_DUAL,348.5,28.5,1.0,,
17:22:17.551,5.8,MANUAL,0,0,0.0,0.0,0.0,4.17,6.89,CENTER_DUAL,344.1,24.1,1.0,,
17:22:18.624,5.3,MANUAL,0,0,0.0,0.0,0.0,4.17,6.89,CENTER_DUAL,342.2,22.2,1.0,,
17:22:19.758,5.3,MANUAL,0,0,0.0,0.0,0.0,4.17,6.89,CENTER_DUAL,341.1,21.1,1.0,,
17:22:20.785,5.3,MANUAL,0,0,0.0,0.0,0.0,4.17,6.89,CENTER_DUAL,348.4,28.4,1.0,,
17:22:21.797,4.9,MANUAL,0,0,0.0,0.0,0.0,4.17,6.89,CENTER_DUAL,348.1,28.1,1.0,,
17:22:22.939,5.3,MANUAL,0,0,0.0,0.0,0.0,4.17,6.89,CENTER_DUAL,367.5,47.5,1.0,,
17:22:24.121,5.0,MANUAL,0,0,0.0,0.0,0.0,4.17,6.89,CENTER_DUAL,385.3,65.3,1.0,,
17:22:25.122,4.9,MANUAL,0,0,0.0,0.0,0.0,4.17,6.89,CENTER_DUAL,397.8,77.8,1.0,,
17:22:26.143,4.9,MANUAL,0,0,0.0,0.0,0.0,4.17,6.89,CENTER_DUAL,407.0,87.0,1.0,,
17:22:27.164,5.0,MANUAL,0,0,0.0,0.0,0.0,4.17,6.89,CENTER_DUAL,414.1,94.1,1.0,,
17:22:28.373,4.9,MANUAL,0,0,0.0,0.0,0.0,4.17,6.89,CENTER_DUAL,426.4,106.4,1.0,,
17:22:29.395,5.0,MANUAL,0,0,0.0,0.0,0.0,4.17,6.89,CENTER_DUAL,435.7,115.7,1.0,,
17:22:30.419,4.9,MANUAL,0,0,0.0,0.0,0.0,4.17,6.89,CENTER_DUAL,444.5,124.5,1.0,,
17:22:31.439,5.0,MANUAL,0,0,0.0,0.0,0.0,4.17,6.89,CENTER_DUAL,453.3,133.3,1.0,,
17:22:32.464,5.0,MANUAL,0,0,0.0,0.0,0.0,4.17,6.89,CENTER_DUAL,454.2,134.2,1.0,,
17:22:33.474,7.0,MANUAL,0,0,0.0,0.0,0.0,4.17,6.89,CENTER_DUAL,331.8,11.8,1.0,,
17:22:34.524,5.4,MANUAL,0,0,0.0,0.0,0.0,4.17,6.89,LEFT_LANE_ONLY,230.0,-90.0,0.5,,
17:22:35.666,5.3,MANUAL,0,0,0.0,0.0,0.0,4.17,6.89,LEFT_LANE_ONLY,305.2,-14.8,0.5,,
17:22:36.693,7.1,MANUAL,0,0,0.0,0.0,0.0,4.17,6.89,CENTER_DUAL,353.4,33.4,1.0,,
17:22:37.724,7.2,MANUAL,0,0,0.0,0.0,0.0,4.17,6.89,CENTER_DUAL,328.2,8.2,1.0,,
17:22:38.859,7.2,MANUAL,0,0,0.0,0.0,0.0,4.17,6.89,CENTER_DUAL,437.0,117.0,1.0,,
17:22:39.927,6.4,MANUAL,0,0,0.0,0.0,0.0,4.17,6.89,CENTER_DUAL,312.0,-8.0,1.0,,
17:22:41.028,6.5,MANUAL,0,0,0.0,0.0,0.0,4.17,6.89,CENTER_DUAL,310.6,-9.4,1.0,,
17:22:42.156,7.1,MANUAL,0,0,0.0,0.0,0.0,4.17,6.89,CENTER_DUAL,408.8,88.8,1.0,,
17:22:43.333,6.4,MANUAL,0,0,0.0,0.0,0.0,4.17,6.89,CENTER_DUAL,293.6,-26.4,1.0,,
17:22:44.537,4.6,MANUAL,0,0,0.0,0.0,0.0,4.17,6.89,CENTER_DUAL,363.9,43.9,1.0,,
17:22:45.550,6.5,MANUAL,0,0,0.0,0.0,0.0,4.17,6.89,CENTER_DUAL,228.3,-91.7,1.0,,
17:22:46.585,6.5,MANUAL,0,0,0.0,0.0,0.0,4.17,6.89,LEFT_LANE_ONLY,657.4,337.4,0.5,,
17:22:47.641,5.8,MANUAL,0,0,0.0,0.0,0.0,4.17,6.89,LEFT_LANE_ONLY,662.2,342.2,0.5,,
17:22:48.722,5.8,MANUAL,0,0,0.0,0.0,0.0,4.17,6.89,RIGHT_LANE_ONLY,11.3,-308.7,0.5,,
17:22:49.736,7.0,MANUAL,0,0,0.0,0.0,0.0,4.17,6.89,CENTER_DUAL,337.0,17.0,1.0,,
17:22:50.836,6.4,MANUAL,0,0,0.0,0.0,0.0,4.17,6.89,CENTER_DUAL,133.7,-186.3,1.0,,
17:22:51.887,7.1,MANUAL,0,0,0.0,0.0,0.0,4.17,6.89,CENTER_DUAL,133.2,-186.8,1.0,,
17:22:52.888,6.4,MANUAL,0,0,0.0,0.0,0.0,4.17,6.89,CENTER_DUAL,115.6,-204.4,1.0,,
17:22:53.998,7.1,MANUAL,0,0,0.0,0.0,0.0,4.17,6.89,CENTER_DUAL,96.7,-223.3,1.0,,
17:22:55.019,6.4,MANUAL,0,0,0.0,0.0,0.0,4.17,6.89,CENTER_DUAL,335.7,15.7,1.0,,
17:22:56.125,5.4,MANUAL,0,0,0.0,0.0,0.0,4.17,6.89,CENTER_DUAL,282.8,-37.2,1.0,,
17:22:57.201,6.4,MANUAL,0,0,0.0,0.0,0.0,4.17,6.89,CENTER_DUAL,231.8,-88.2,1.0,,
17:22:58.314,5.8,MANUAL,0,0,0.0,0.0,0.0,4.17,6.89,CENTER_DUAL,256.4,-63.6,1.0,,
17:22:59.421,5.4,MANUAL,0,0,0.0,0.0,0.0,4.17,6.89,CENTER_DUAL,292.2,-27.8,1.0,,
17:23:00.520,5.3,MANUAL,0,0,0.0,0.0,0.0,4.17,6.89,RIGHT_LANE_ONLY,189.3,-130.7,0.5,,
17:23:01.653,5.3,MANUAL,0,0,0.0,0.0,0.0,4.17,6.89,LEFT_LANE_ONLY,300.0,-20.0,0.5,,
17:23:02.810,5.4,MANUAL,0,0,0.0,0.0,0.0,4.17,6.89,CENTER_DUAL,355.2,35.2,1.0,,
17:23:03.928,5.4,MANUAL,0,0,0.0,0.0,0.0,4.17,6.89,CENTER_DUAL,367.0,47.0,1.0,,
17:23:04.976,4.9,MANUAL,0,0,0.0,0.0,0.0,4.17,6.89,CENTER_DUAL,325.3,5.3,1.0,,
17:23:06.038,7.2,MANUAL,0,0,0.0,0.0,0.0,4.17,6.89,CENTER_DUAL,306.7,-13.3,1.0,,
17:23:07.125,8.1,MANUAL,0,0,0.0,0.0,0.0,4.17,6.89,CENTER_DUAL,354.0,34.0,1.0,,
17:23:08.215,7.1,MANUAL,0,0,0.0,0.0,0.0,4.17,6.89,CENTER_DUAL,508.5,188.5,1.0,,
17:23:09.220,7.0,MANUAL,0,0,0.0,0.0,0.0,4.17,6.89,CENTER_DUAL,265.1,-54.9,1.0,,
17:23:10.349,6.4,MANUAL,0,0,0.0,0.0,0.0,4.17,6.89,CENTER_DUAL,348.9,28.9,1.0,,
17:23:11.429,7.2,MANUAL,0,0,0.0,0.0,0.0,4.17,6.89,LEFT_LANE_ONLY,294.5,-25.5,0.5,,
17:23:12.492,7.1,MANUAL,0,0,0.0,0.0,0.0,4.17,6.89,CENTER_DUAL,251.2,-68.8,1.0,,
17:23:13.530,7.1,MANUAL,0,0,0.0,0.0,0.0,4.17,6.89,CENTER_DUAL,216.1,-103.9,1.0,,
17:23:14.560,7.0,MANUAL,0,0,0.0,0.0,0.0,4.17,6.89,CENTER_DUAL,214.0,-106.0,1.0,,
17:23:15.576,6.5,MANUAL,0,0,0.0,0.0,0.0,4.17,6.89,CENTER_DUAL,210.9,-109.1,1.0,,
17:23:16.606,6.4,MANUAL,0,0,0.0,0.0,0.0,4.17,6.89,CENTER_DUAL,207.1,-112.9,1.0,,
17:23:17.745,7.0,MANUAL,0,0,0.0,0.0,0.0,4.17,6.89,CENTER_DUAL,255.4,-64.6,1.0,,
17:23:18.785,5.0,MANUAL,0,0,0.0,0.0,0.0,4.17,6.89,CENTER_DUAL,320.1,0.1,1.0,,
17:23:19.850,6.4,MANUAL,0,0,0.0,0.0,0.0,4.17,6.89,CENTER_DUAL,338.1,18.1,1.0,,
17:23:20.979,7.1,MANUAL,0,0,0.0,0.0,0.0,4.17,6.89,CENTER_DUAL,228.2,-91.8,1.0,,
17:23:22.108,6.4,MANUAL,0,0,0.0,0.0,0.0,4.17,6.89,CENTER_DUAL,306.4,-13.6,1.0,,
17:23:23.164,7.2,MANUAL,0,0,0.0,0.0,0.0,4.17,6.89,CENTER_DUAL,390.5,70.5,1.0,,
17:23:24.213,7.1,MANUAL,0,0,0.0,0.0,0.0,4.17,6.89,CENTER_DUAL,167.8,-152.2,1.0,,
17:23:25.315,6.3,MANUAL,0,0,0.0,0.0,0.0,4.17,6.89,CENTER_DUAL,260.6,-59.4,1.0,,
17:23:26.379,5.8,MANUAL,0,0,0.0,0.0,0.0,4.17,6.89,LEFT_LANE_ONLY,332.4,12.4,0.5,,
17:23:27.483,7.2,MANUAL,0,0,0.0,0.0,0.0,4.17,6.89,CENTER_DUAL,261.1,-58.9,1.0,,
17:23:28.484,7.1,MANUAL,0,0,0.0,0.0,0.0,4.17,6.89,LEFT_LANE_ONLY,397.3,77.3,0.5,,
17:23:29.493,7.0,MANUAL,0,0,0.0,0.0,0.0,4.17,6.89,CENTER_DUAL,445.6,125.6,1.0,,
17:23:30.575,6.5,MANUAL,0,0,0.0,0.0,0.0,4.17,6.89,CENTER_DUAL,324.6,4.6,1.0,,
17:23:31.677,6.4,MANUAL,0,0,0.0,0.0,0.0,4.17,6.89,CENTER_DUAL,329.0,9.0,1.0,,
17:23:32.755,7.2,MANUAL,0,0,0.0,0.0,0.0,4.17,6.89,CENTER_DUAL,257.3,-62.7,1.0,,
17:23:33.761,7.1,MANUAL,0,0,0.0,0.0,0.0,4.17,6.89,CENTER_DUAL,353.4,33.4,1.0,,
17:23:34.823,6.5,MANUAL,0,0,0.0,0.0,0.0,4.17,6.89,LEFT_LANE_ONLY,372.6,52.6,0.5,,
17:23:35.838,7.1,MANUAL,0,0,0.0,0.0,0.0,4.17,6.89,CENTER_DUAL,256.8,-63.2,1.0,,
17:23:36.866,6.4,MANUAL,0,0,0.0,0.0,0.0,4.17,6.89,RIGHT_LANE_ONLY,115.8,-204.2,0.5,,
17:23:37.878,7.0,MANUAL,0,0,0.0,0.0,0.0,4.17,6.89,RIGHT_LANE_ONLY,132.4,-187.6,0.5,,
17:23:38.998,7.2,MANUAL,0,0,0.0,0.0,0.0,4.17,6.89,RIGHT_LANE_ONLY,128.5,-191.5,0.5,,
17:23:40.109,7.1,MANUAL,0,0,0.0,0.0,0.0,4.17,6.89,CENTER_DUAL,318.4,-1.6,1.0,,
17:23:41.115,6.5,MANUAL,0,0,0.0,0.0,0.0,4.17,6.89,LEFT_LANE_ONLY,389.8,69.8,0.5,,
17:23:42.143,7.1,MANUAL,0,0,0.0,0.0,0.0,4.17,6.89,RIGHT_LANE_ONLY,227.8,-92.2,0.5,,
17:23:43.281,6.4,MANUAL,0,0,0.0,0.0,0.0,4.17,6.89,LEFT_LANE_ONLY,329.9,9.9,0.5,,
17:23:44.314,7.1,MANUAL,0,0,0.0,0.0,0.0,4.17,6.89,CENTER_DUAL,257.8,-62.2,1.0,,
17:23:45.377,7.2,MANUAL,0,0,0.0,0.0,0.0,4.17,6.89,CENTER_DUAL,260.2,-59.8,1.0,,
17:23:46.408,6.3,MANUAL,0,0,0.0,0.0,0.0,4.17,6.89,CENTER_DUAL,285.1,-34.9,1.0,,
17:23:47.413,7.9,MANUAL,0,0,0.0,0.0,0.0,4.17,6.89,RIGHT_LANE_ONLY,220.9,-99.1,0.5,,
17:23:48.474,6.3,MANUAL,0,0,0.0,0.0,0.0,4.17,6.89,CENTER_DUAL,227.8,-92.2,1.0,,
17:23:49.580,7.0,MANUAL,0,0,0.0,0.0,0.0,4.17,6.89,RIGHT_LANE_ONLY,-159.6,-479.6,0.5,,
17:23:50.583,7.2,MANUAL,0,0,0.0,0.0,0.0,4.17,6.89,RIGHT_LANE_ONLY,58.8,-261.2,0.5,,
17:23:51.688,7.2,MANUAL,0,0,0.0,0.0,0.0,4.17,6.89,CENTER_DUAL,847.5,527.5,1.0,,
17:23:52.813,7.1,MANUAL,0,0,0.0,0.0,0.0,4.17,6.89,CENTER_DUAL,251.9,-68.1,1.0,,
17:23:53.942,7.2,MANUAL,0,0,0.0,0.0,0.0,4.17,6.89,CENTER_DUAL,181.0,-139.0,1.0,,
17:23:55.026,7.1,MANUAL,0,0,0.0,0.0,0.0,4.17,6.89,CENTER_DUAL,326.5,6.5,1.0,,
17:23:56.039,6.4,MANUAL,0,0,0.0,0.0,0.0,4.17,6.89,CENTER_DUAL,384.3,64.3,1.0,,
17:23:57.050,6.4,MANUAL,0,0,0.0,0.0,0.0,4.17,6.89,CENTER_DUAL,212.3,-107.7,1.0,,
17:23:58.115,5.9,MANUAL,0,0,0.0,0.0,0.0,4.17,6.89,CENTER_DUAL,316.3,-3.7,1.0,,
17:23:59.158,6.4,MANUAL,0,0,0.0,0.0,0.0,4.17,6.89,CENTER_DUAL,341.4,21.4,1.0,,
17:24:00.288,5.9,MANUAL,0,0,0.0,0.0,0.0,4.17,6.89,RIGHT_LANE_ONLY,206.9,-113.1,0.5,,
17:24:01.318,8.0,MANUAL,0,0,0.0,0.0,0.0,4.17,6.89,CENTER_DUAL,334.3,14.3,1.0,,
17:24:02.473,5.4,MANUAL,0,0,0.0,0.0,0.0,4.17,6.89,CENTER_DUAL,242.4,-77.6,1.0,,
17:24:03.613,5.4,MANUAL,0,0,0.0,0.0,0.0,4.17,6.89,CENTER_DUAL,242.1,-77.9,1.0,,
17:24:04.762,5.0,MANUAL,0,0,0.0,0.0,0.0,4.17,6.89,CENTER_DUAL,242.6,-77.4,1.0,,
17:24:05.827,5.9,MANUAL,0,0,0.0,0.0,0.0,4.17,6.89,CENTER_DUAL,240.4,-79.6,1.0,,
17:24:06.912,5.4,MANUAL,0,0,0.0,0.0,0.0,4.17,6.89,CENTER_DUAL,272.2,-47.8,1.0,,
17:24:07.967,5.9,MANUAL,0,0,0.0,0.0,0.0,4.17,6.89,CENTER_DUAL,216.5,-103.5,1.0,,
17:24:09.008,5.4,MANUAL,0,0,0.0,0.0,0.0,4.17,6.89,CENTER_DUAL,231.1,-88.9,1.0,,
17:24:10.019,7.0,MANUAL,0,0,0.0,0.0,0.0,4.17,6.89,LEFT_LANE_ONLY,166.4,-153.6,0.5,,
17:24:11.068,7.2,MANUAL,0,0,0.0,0.0,0.0,4.17,6.89,CENTER_DUAL,313.7,-6.3,1.0,,
17:24:12.211,5.3,MANUAL,0,0,0.0,0.0,0.0,4.17,6.89,LEFT_LANE_ONLY,305.7,-14.3,0.5,,
17:24:13.248,6.3,MANUAL,0,0,0.0,0.0,0.0,4.17,6.89,LEFT_LANE_ONLY,268.5,-51.5,0.5,,
17:24:14.302,5.9,MANUAL,0,0,0.0,0.0,0.0,4.17,6.89,CENTER_DUAL,316.4,-3.6,1.0,,
17:24:15.445,5.0,MANUAL,0,0,0.0,0.0,0.0,4.17,6.89,LEFT_LANE_ONLY,300.2,-19.8,0.5,,
17:24:16.607,5.9,MANUAL,0,0,0.0,0.0,0.0,4.17,6.89,CENTER_DUAL,369.5,49.5,1.0,,
17:24:17.710,5.4,MANUAL,0,0,0.0,0.0,0.0,4.17,6.89,LEFT_LANE_ONLY,392.5,72.5,0.5,,
17:24:18.730,6.3,MANUAL,0,0,0.0,0.0,0.0,4.17,6.89,LEFT_LANE_ONLY,335.0,15.0,0.5,,
17:24:19.820,7.2,MANUAL,0,0,0.0,0.0,0.0,4.17,6.89,CENTER_DUAL,401.7,81.7,1.0,,
17:24:20.989,5.8,MANUAL,0,0,0.0,0.0,0.0,4.17,6.89,RIGHT_LANE_ONLY,174.4,-145.6,0.5,,
17:24:22.117,7.1,MANUAL,0,0,0.0,0.0,0.0,4.17,6.89,CENTER_DUAL,168.7,-151.3,1.0,,
17:24:23.289,5.0,MANUAL,0,0,0.0,0.0,0.0,4.17,6.89,CENTER_DUAL,256.2,-63.8,1.0,,
17:24:24.399,5.3,MANUAL,0,0,0.0,0.0,0.0,4.17,6.89,CENTER_DUAL,225.0,-95.0,1.0,,
17:24:25.482,7.2,MANUAL,0,0,0.0,0.0,0.0,4.17,6.89,CENTER_DUAL,246.0,-74.0,1.0,,
17:24:26.555,7.1,MANUAL,0,0,0.0,0.0,0.0,4.17,6.89,RIGHT_LANE_ONLY,142.7,-177.3,0.5,,
17:24:27.597,5.3,MANUAL,0,0,0.0,0.0,0.0,4.17,6.89,LEFT_LANE_ONLY,393.9,73.9,0.5,,
17:24:28.694,6.4,MANUAL,0,0,0.0,0.0,0.0,4.17,6.89,RIGHT_LANE_ONLY,93.1,-226.9,0.5,,
17:24:29.716,6.5,MANUAL,0,0,0.0,0.0,0.0,4.17,6.89,CENTER_DUAL,490.9,170.9,1.0,,
17:24:30.727,7.1,MANUAL,0,0,0.0,0.0,0.0,4.17,6.89,CENTER_DUAL,275.0,-45.0,1.0,,
17:24:31.749,7.2,MANUAL,0,0,0.0,0.0,0.0,4.17,6.89,CENTER_DUAL,445.3,125.3,1.0,,
17:24:32.870,5.9,MANUAL,0,0,0.0,0.0,0.0,4.17,6.89,RIGHT_LANE_ONLY,235.1,-84.9,0.5,,
17:24:33.890,6.4,MANUAL,0,0,0.0,0.0,0.0,4.17,6.89,CENTER_DUAL,239.3,-80.7,1.0,,
17:24:34.963,5.7,MANUAL,0,0,0.0,0.0,0.0,4.17,6.89,CENTER_DUAL,290.5,-29.5,1.0,,
17:24:36.004,6.4,MANUAL,0,0,0.0,0.0,0.0,4.17,6.89,CENTER_DUAL,382.2,62.2,1.0,,
17:24:37.029,6.4,MANUAL,0,0,0.0,0.0,0.0,4.17,6.89,CENTER_DUAL,379.3,59.3,1.0,,
17:24:38.161,5.4,MANUAL,0,0,0.0,0.0,0.0,4.17,6.89,CENTER_DUAL,273.3,-46.7,1.0,,
17:24:39.177,7.1,MANUAL,0,0,0.0,0.0,0.0,4.17,6.89,CENTER_DUAL,295.6,-24.4,1.0,,
17:24:40.194,6.4,MANUAL,0,0,0.0,0.0,0.0,4.17,6.89,RIGHT_LANE_ONLY,256.7,-63.3,0.5,,
17:24:41.325,5.9,MANUAL,0,0,0.0,0.0,0.0,4.17,6.89,LEFT_LANE_ONLY,226.7,-93.3,0.5,,
17:24:42.450,6.3,MANUAL,0,0,0.0,0.0,0.0,4.17,6.89,CENTER_DUAL,237.6,-82.4,1.0,,
17:24:43.520,6.5,MANUAL,0,0,0.0,0.0,0.0,4.17,6.89,CENTER_DUAL,311.4,-8.6,1.0,,
17:24:44.682,5.7,MANUAL,0,0,0.0,0.0,0.0,4.17,6.89,CENTER_DUAL,326.0,6.0,1.0,,
17:24:45.796,7.0,MANUAL,0,0,0.0,0.0,0.0,4.17,6.89,CENTER_DUAL,333.3,13.3,1.0,,
17:24:46.924,7.2,MANUAL,0,0,0.0,0.0,0.0,4.17,6.89,CENTER_DUAL,331.5,11.5,1.0,,
17:24:47.999,7.0,MANUAL,0,0,0.0,0.0,0.0,4.17,6.89,CENTER_DUAL,371.2,51.2,1.0,,
17:24:49.072,6.5,MANUAL,0,0,0.0,0.0,0.0,4.17,6.89,CENTER_DUAL,345.5,25.5,1.0,,
17:24:50.083,7.2,MANUAL,0,0,0.0,0.0,0.0,4.17,6.89,CENTER_DUAL,357.2,37.2,1.0,,
17:24:51.216,7.1,MANUAL,0,0,0.0,0.0,0.0,4.17,6.89,CENTER_DUAL,358.7,38.7,1.0,,
17:24:52.264,7.0,MANUAL,0,0,0.0,0.0,0.0,4.17,6.89,CENTER_DUAL,270.9,-49.1,1.0,,
17:24:53.329,6.4,MANUAL,0,0,0.0,0.0,0.0,4.17,6.89,CENTER_DUAL,268.5,-51.5,1.0,,
17:24:54.421,6.5,MANUAL,0,0,0.0,0.0,0.0,4.17,6.89,LEFT_LANE_ONLY,276.0,-44.0,0.5,,
17:24:55.531,5.9,MANUAL,0,0,0.0,0.0,0.0,4.17,6.89,CENTER_DUAL,280.7,-39.3,1.0,,
17:24:56.640,6.5,MANUAL,0,0,0.0,0.0,0.0,4.17,6.89,LEFT_LANE_ONLY,290.3,-29.7,0.5,,
17:24:57.682,7.0,MANUAL,0,0,0.0,0.0,0.0,4.17,6.89,CENTER_DUAL,305.9,-14.1,1.0,,
17:24:58.719,6.4,MANUAL,0,0,0.0,0.0,0.0,4.17,6.89,CENTER_DUAL,298.8,-21.2,1.0,,
17:24:59.813,6.4,MANUAL,0,0,0.0,0.0,0.0,4.17,6.89,RIGHT_LANE_ONLY,260.8,-59.2,0.5,,
17:25:00.847,7.1,MANUAL,0,0,0.0,0.0,0.0,4.17,6.89,RIGHT_LANE_ONLY,226.0,-94.0,0.5,,
17:25:01.881,7.2,MANUAL,0,0,0.0,0.0,0.0,4.17,6.89,CENTER_DUAL,224.9,-95.1,1.0,,
17:25:02.892,6.4,MANUAL,0,0,0.0,0.0,0.0,4.17,6.89,CENTER_DUAL,208.8,-111.2,1.0,,
17:25:03.957,6.4,MANUAL,0,0,0.0,0.0,0.0,4.17,6.89,CENTER_DUAL,189.4,-130.6,1.0,,
17:25:04.990,5.7,MANUAL,0,0,0.0,0.0,0.0,4.17,6.89,CENTER_DUAL,208.9,-111.1,1.0,,
17:25:05.991,5.9,MANUAL,0,0,0.0,0.0,0.0,4.17,6.89,CENTER_DUAL,225.1,-94.9,1.0,,
17:25:07.090,6.5,MANUAL,0,0,0.0,0.0,0.0,4.17,6.89,CENTER_DUAL,264.0,-56.0,1.0,,
17:25:08.210,5.9,MANUAL,0,0,0.0,0.0,0.0,4.17,6.89,CENTER_DUAL,255.5,-64.5,1.0,,
17:25:09.258,8.0,MANUAL,0,0,0.0,0.0,0.0,4.17,6.89,CENTER_DUAL,297.6,-22.4,1.0,,
17:25:10.428,4.9,MANUAL,0,0,0.0,0.0,0.0,4.17,6.89,CENTER_DUAL,262.9,-57.1,1.0,,
17:25:11.482,5.8,MANUAL,0,0,0.0,0.0,0.0,4.17,6.89,RIGHT_LANE_ONLY,228.6,-91.4,0.5,,
17:25:12.529,7.1,MANUAL,0,0,0.0,0.0,0.0,4.17,6.89,RIGHT_LANE_ONLY,250.2,-69.8,0.5,,
17:25:13.591,7.0,MANUAL,0,0,0.0,0.0,0.0,4.17,6.89,RIGHT_LANE_ONLY,288.9,-31.1,0.5,,
17:25:14.690,7.0,MANUAL,0,0,0.0,0.0,0.0,4.17,6.89,CENTER_DUAL,343.2,23.2,1.0,,
17:25:15.857,5.4,MANUAL,0,0,0.0,0.0,0.0,4.17,6.89,CENTER_DUAL,367.4,47.4,1.0,,
17:25:17.050,5.0,MANUAL,0,0,0.0,0.0,0.0,4.17,6.89,CENTER_DUAL,378.9,58.9,1.0,,
17:25:18.212,5.3,MANUAL,0,0,0.0,0.0,0.0,4.17,6.89,CENTER_DUAL,366.8,46.8,1.0,,
17:25:19.339,5.3,MANUAL,0,0,0.0,0.0,0.0,4.17,6.89,CENTER_DUAL,317.3,-2.7,1.0,,
17:25:20.484,5.3,MANUAL,0,0,0.0,0.0,0.0,4.17,6.89,RIGHT_LANE_ONLY,272.3,-47.7,0.5,,
17:25:21.581,7.1,MANUAL,0,0,0.0,0.0,0.0,4.17,6.89,CENTER_DUAL,418.5,98.5,1.0,,
17:25:22.692,5.9,MANUAL,0,0,0.0,0.0,0.0,4.17,6.89,CENTER_DUAL,411.3,91.3,1.0,,
17:25:23.740,6.4,MANUAL,0,0,0.0,0.0,0.0,4.17,6.89,RIGHT_LANE_ONLY,171.9,-148.1,0.5,,
17:25:24.820,8.0,MANUAL,0,0,0.0,0.0,0.0,4.17,6.89,RIGHT_LANE_ONLY,410.8,90.8,0.5,,
17:25:25.876,8.1,MANUAL,0,0,0.0,0.0,0.0,4.17,6.89,RIGHT_LANE_ONLY,478.6,158.6,0.5,,
17:25:26.924,7.1,MANUAL,0,0,0.0,0.0,0.0,4.17,6.89,RIGHT_LANE_ONLY,465.8,145.8,0.5,,
17:25:28.002,7.2,MANUAL,0,0,0.0,0.0,0.0,4.17,6.89,RIGHT_LANE_ONLY,452.5,132.5,0.5,,
17:25:29.119,7.2,MANUAL,0,0,0.0,0.0,0.0,4.17,6.89,RIGHT_LANE_ONLY,414.5,94.5,0.5,,
17:25:30.228,7.1,MANUAL,0,0,0.0,0.0,0.0,4.17,6.89,RIGHT_LANE_ONLY,441.3,121.3,0.5,,
17:25:31.295,7.1,MANUAL,0,0,0.0,0.0,0.0,4.17,6.89,RIGHT_LANE_ONLY,411.8,91.8,0.5,,
17:25:32.371,6.4,MANUAL,0,0,0.0,0.0,0.0,4.17,6.89,RIGHT_LANE_ONLY,407.5,87.5,0.5,,
17:25:33.489,6.4,MANUAL,0,0,0.0,0.0,0.0,4.17,6.89,LEFT_LANE_ONLY,274.5,-45.5,0.5,,
17:25:34.540,6.4,MANUAL,0,0,0.0,0.0,0.0,4.17,6.89,LEFT_LANE_ONLY,408.8,88.8,0.5,,
17:25:35.544,7.2,MANUAL,0,0,0.0,0.0,0.0,4.17,6.89,LEFT_LANE_ONLY,205.2,-114.8,0.5,,
17:25:36.596,6.5,MANUAL,0,0,0.0,0.0,0.0,4.17,6.89,LEFT_LANE_ONLY,238.2,-81.8,0.5,,
17:25:37.691,6.5,MANUAL,0,0,0.0,0.0,0.0,4.17,6.89,CENTER_DUAL,202.2,-117.8,1.0,,
17:25:38.814,5.3,MANUAL,0,0,0.0,0.0,0.0,4.17,6.89,CENTER_DUAL,314.4,-5.6,1.0,,
17:25:39.954,4.9,MANUAL,0,0,0.0,0.0,0.0,4.17,6.89,LEFT_LANE_ONLY,319.2,-0.8,0.5,,
17:25:41.033,6.4,MANUAL,0,0,0.0,0.0,0.0,4.17,6.89,CENTER_DUAL,279.3,-40.7,1.0,,
17:25:42.134,5.8,MANUAL,0,0,0.0,0.0,0.0,4.17,6.89,CENTER_DUAL,210.3,-109.7,1.0,,
17:25:43.220,5.2,MANUAL,0,0,0.0,0.0,0.0,4.17,6.89,RIGHT_LANE_ONLY,313.4,-6.6,0.5,,
17:25:44.241,5.9,MANUAL,0,0,0.0,0.0,0.0,4.17,6.89,RIGHT_LANE_ONLY,373.5,53.5,0.5,,
17:25:45.343,5.4,MANUAL,0,0,0.0,0.0,0.0,4.17,6.89,RIGHT_LANE_ONLY,298.1,-21.9,0.5,,
17:25:46.485,5.4,MANUAL,0,0,0.0,0.0,0.0,4.17,6.89,RIGHT_LANE_ONLY,293.7,-26.3,0.5,,
17:25:47.561,5.4,MANUAL,0,0,0.0,0.0,0.0,4.17,6.89,RIGHT_LANE_ONLY,297.8,-22.2,0.5,,
17:25:48.637,5.3,MANUAL,0,0,0.0,0.0,0.0,4.17,6.89,CENTER_DUAL,324.6,4.6,1.0,,
17:25:49.755,5.4,MANUAL,0,0,0.0,0.0,0.0,4.17,6.89,CENTER_DUAL,325.1,5.1,1.0,,
17:25:50.879,5.3,MANUAL,0,0,0.0,0.0,0.0,4.17,6.89,RIGHT_LANE_ONLY,317.9,-2.1,0.5,,
17:25:51.899,5.9,MANUAL,0,0,0.0,0.0,0.0,4.17,6.89,RIGHT_LANE_ONLY,318.9,-1.1,0.5,,
17:25:52.935,5.9,MANUAL,0,0,0.0,0.0,0.0,4.17,6.89,CENTER_DUAL,339.2,19.2,1.0,,
17:25:53.949,5.9,MANUAL,0,0,0.0,0.0,0.0,4.17,6.89,CENTER_DUAL,356.3,36.3,1.0,,
17:25:55.027,6.5,MANUAL,0,0,0.0,0.0,0.0,4.17,6.89,CENTER_DUAL,219.8,-100.2,1.0,,
17:25:56.033,7.1,MANUAL,0,0,0.0,0.0,0.0,4.17,6.89,CENTER_DUAL,235.2,-84.8,1.0,,
17:25:57.163,7.2,MANUAL,0,0,0.0,0.0,0.0,4.17,6.89,RIGHT_LANE_ONLY,271.0,-49.0,0.5,,
17:25:58.292,7.1,MANUAL,0,0,0.0,0.0,0.0,4.17,6.89,RIGHT_LANE_ONLY,286.4,-33.6,0.5,,
17:25:59.324,6.9,MANUAL,0,0,0.0,0.0,0.0,4.17,6.89,RIGHT_LANE_ONLY,273.7,-46.3,0.5,,
17:26:00.373,7.1,MANUAL,0,0,0.0,0.0,0.0,4.17,6.89,CENTER_DUAL,227.9,-92.1,1.0,,
17:26:01.501,7.1,MANUAL,0,0,0.0,0.0,0.0,4.17,6.89,CENTER_DUAL,225.3,-94.7,1.0,,
17:26:02.512,7.2,MANUAL,0,0,0.0,0.0,0.0,4.17,6.89,RIGHT_LANE_ONLY,227.6,-92.4,0.5,,
17:26:03.562,7.1,MANUAL,0,0,0.0,0.0,0.0,4.17,6.89,CENTER_DUAL,232.3,-87.7,1.0,,
17:26:04.692,5.8,MANUAL,0,0,0.0,0.0,0.0,4.17,6.89,RIGHT_LANE_ONLY,237.6,-82.4,0.5,,
17:26:05.763,7.1,MANUAL,0,0,0.0,0.0,0.0,4.17,6.89,CENTER_DUAL,149.9,-170.1,1.0,,
17:26:06.875,7.2,MANUAL,0,0,0.0,0.0,0.0,4.17,6.89,RIGHT_LANE_ONLY,78.0,-242.0,0.5,,
17:26:07.970,5.4,MANUAL,0,0,0.0,0.0,0.0,4.17,6.89,RIGHT_LANE_ONLY,148.7,-171.3,0.5,,
17:26:09.068,5.3,MANUAL,0,0,0.0,0.0,0.0,4.17,6.89,CENTER_DUAL,354.9,34.9,1.0,,
17:26:10.142,5.8,MANUAL,0,0,0.0,0.0,0.0,4.17,6.89,RIGHT_LANE_ONLY,268.4,-51.6,0.5,,
17:26:11.290,4.9,MANUAL,0,0,0.0,0.0,0.0,4.17,6.89,RIGHT_LANE_ONLY,268.1,-51.9,0.5,,
17:26:12.294,4.9,MANUAL,0,0,0.0,0.0,0.0,4.17,6.89,RIGHT_LANE_ONLY,267.3,-52.7,0.5,,
17:26:13.400,4.6,MANUAL,0,0,0.0,0.0,0.0,4.17,6.89,RIGHT_LANE_ONLY,265.2,-54.8,0.5,,
17:26:14.595,3.6,MANUAL,0,0,0.0,0.0,0.0,4.17,6.89,RIGHT_LANE_ONLY,264.5,-55.5,0.5,,
17:26:15.700,4.7,MANUAL,0,0,0.0,0.0,0.0,4.17,6.89,CENTER_DUAL,336.6,16.6,1.0,,
17:26:16.730,5.8,MANUAL,0,0,0.0,0.0,0.0,4.17,6.89,CENTER_DUAL,277.6,-42.4,1.0,,
17:26:17.936,4.7,MANUAL,0,0,0.0,0.0,0.0,4.17,6.89,CENTER_DUAL,327.2,7.2,1.0,,
17:26:19.076,4.3,MANUAL,0,0,0.0,0.0,0.0,4.17,6.89,CENTER_DUAL,357.3,37.3,1.0,,
17:26:20.197,5.0,MANUAL,0,0,0.0,0.0,0.0,4.17,6.89,RIGHT_LANE_ONLY,371.8,51.8,0.5,,
17:26:21.259,4.9,MANUAL,0,0,0.0,0.0,0.0,4.17,6.89,CENTER_DUAL,342.3,22.3,1.0,,
17:26:22.322,5.4,MANUAL,0,0,0.0,0.0,0.0,4.17,6.89,RIGHT_LANE_ONLY,310.2,-9.8,0.5,,
17:26:23.337,5.0,MANUAL,0,0,0.0,0.0,0.0,4.17,6.89,CENTER_DUAL,316.0,-4.0,1.0,,
17:26:24.418,4.9,MANUAL,0,0,0.0,0.0,0.0,4.17,6.89,CENTER_DUAL,216.9,-103.1,1.0,,
17:26:25.509,4.5,MANUAL,0,0,0.0,0.0,0.0,4.17,6.89,CENTER_DUAL,218.7,-101.3,1.0,,
17:26:26.585,4.6,MANUAL,0,0,0.0,0.0,0.0,4.17,6.89,CENTER_DUAL,218.8,-101.2,1.0,,
17:26:27.643,4.6,MANUAL,0,0,0.0,0.0,0.0,4.17,6.89,CENTER_DUAL,222.0,-98.0,1.0,,
17:26:28.656,4.6,MANUAL,0,0,0.0,0.0,0.0,4.17,6.89,CENTER_DUAL,249.6,-70.4,1.0,,
17:26:29.733,4.9,MANUAL,0,0,0.0,0.0,0.0,4.17,6.89,CENTER_DUAL,310.0,-10.0,1.0,,
17:26:30.820,6.5,MANUAL,0,0,0.0,0.0,0.0,4.17,6.89,CENTER_DUAL,325.5,5.5,1.0,,
17:26:31.912,7.2,MANUAL,0,0,0.0,0.0,0.0,4.17,6.89,CENTER_DUAL,338.3,18.3,1.0,,
17:26:33.032,7.2,MANUAL,0,0,0.0,0.0,0.0,4.17,6.89,RIGHT_LANE_ONLY,67.0,-253.0,0.5,,
17:26:34.079,5.4,MANUAL,0,0,0.0,0.0,0.0,4.17,6.89,CENTER_DUAL,222.2,-97.8,1.0,,
17:26:35.141,7.2,MANUAL,0,0,0.0,0.0,0.0,4.17,6.89,CENTER_DUAL,206.6,-113.4,1.0,,
17:26:36.257,5.9,MANUAL,0,0,0.0,0.0,0.0,4.17,6.89,CENTER_DUAL,-384.4,-704.4,1.0,,
17:26:37.327,7.2,MANUAL,0,0,0.0,0.0,0.0,4.17,6.89,CENTER_DUAL,188.1,-131.9,1.0,,
17:26:38.411,7.1,MANUAL,0,0,0.0,0.0,0.0,4.17,6.89,CENTER_DUAL,126.4,-193.6,1.0,,
17:26:39.540,6.4,MANUAL,0,0,0.0,0.0,0.0,4.17,6.89,RIGHT_LANE_ONLY,242.6,-77.4,0.5,,
17:26:40.673,7.3,MANUAL,0,0,0.0,0.0,0.0,4.17,6.89,RIGHT_LANE_ONLY,265.0,-55.0,0.5,,
17:26:41.770,7.2,MANUAL,0,0,0.0,0.0,0.0,4.17,6.89,RIGHT_LANE_ONLY,233.1,-86.9,0.5,,
17:26:42.867,7.1,MANUAL,0,0,0.0,0.0,0.0,4.17,6.89,CENTER_DUAL,227.1,-92.9,1.0,,
17:26:43.981,7.0,MANUAL,0,0,0.0,0.0,0.0,4.17,6.89,CENTER_DUAL,204.2,-115.8,1.0,,
17:26:45.000,8.2,MANUAL,0,0,0.0,0.0,0.0,4.17,6.89,LEFT_LANE_ONLY,192.2,-127.8,0.5,,
17:26:46.010,8.1,MANUAL,0,0,0.0,0.0,0.0,4.17,6.89,CENTER_DUAL,218.1,-101.9,1.0,,
17:26:47.089,7.2,MANUAL,0,0,0.0,0.0,0.0,4.17,6.89,CENTER_DUAL,223.1,-96.9,1.0,,
17:26:48.130,6.4,MANUAL,0,0,0.0,0.0,0.0,4.17,6.89,CENTER_DUAL,228.6,-91.4,1.0,,
17:26:49.184,5.4,MANUAL,0,0,0.0,0.0,0.0,4.17,6.89,CENTER_DUAL,271.7,-48.3,1.0,,
17:26:50.216,5.8,MANUAL,0,0,0.0,0.0,0.0,4.17,6.89,CENTER_DUAL,263.8,-56.2,1.0,,
17:26:51.218,6.4,MANUAL,0,0,0.0,0.0,0.0,4.17,6.89,CENTER_DUAL,278.6,-41.4,1.0,,
17:26:52.307,6.4,MANUAL,0,0,0.0,0.0,0.0,4.17,6.89,CENTER_DUAL,301.8,-18.2,1.0,,
17:26:53.392,7.1,MANUAL,0,0,0.0,0.0,0.0,4.17,6.89,CENTER_DUAL,273.9,-46.1,1.0,,
17:26:54.453,5.8,MANUAL,0,0,0.0,0.0,0.0,4.17,6.89,CENTER_DUAL,280.3,-39.7,1.0,,
17:26:55.610,5.4,MANUAL,0,0,0.0,0.0,0.0,4.17,6.89,CENTER_DUAL,280.4,-39.6,1.0,,
17:26:56.747,6.4,MANUAL,0,0,0.0,0.0,0.0,4.17,6.89,CENTER_DUAL,263.1,-56.9,1.0,,
17:26:57.794,6.5,MANUAL,0,0,0.0,0.0,0.0,4.17,6.89,CENTER_DUAL,390.8,70.8,1.0,,
17:26:58.861,6.5,MANUAL,0,0,0.0,0.0,0.0,4.17,6.89,CENTER_DUAL,462.9,142.9,1.0,,
17:26:59.935,7.1,MANUAL,0,0,0.0,0.0,0.0,4.17,6.89,CENTER_DUAL,471.8,151.8,1.0,,
17:27:00.941,6.5,MANUAL,0,0,0.0,0.0,0.0,4.17,6.89,CENTER_DUAL,494.4,174.4,1.0,,
17:27:01.966,7.1,MANUAL,0,0,0.0,0.0,0.0,4.17,6.89,CENTER_DUAL,550.2,230.2,1.0,,
17:27:03.069,7.2,MANUAL,0,0,0.0,0.0,0.0,4.17,6.89,CENTER_DUAL,298.9,-21.1,1.0,,
17:27:04.184,7.2,MANUAL,0,0,0.0,0.0,0.0,4.17,6.89,CENTER_DUAL,565.6,245.6,1.0,,
17:27:05.308,7.2,MANUAL,0,0,0.0,0.0,0.0,4.17,6.89,CENTER_DUAL,378.4,58.4,1.0,,
17:27:06.434,7.1,MANUAL,0,0,0.0,0.0,0.0,4.17,6.89,CENTER_DUAL,421.8,101.8,1.0,,
17:27:07.577,6.5,MANUAL,0,0,0.0,0.0,0.0,4.17,6.89,CENTER_DUAL,409.7,89.7,1.0,,
17:27:08.660,8.2,MANUAL,0,0,0.0,0.0,0.0,4.17,6.89,CENTER_DUAL,421.4,101.4,1.0,,
17:27:09.747,7.1,MANUAL,0,0,0.0,0.0,0.0,4.17,6.89,CENTER_DUAL,355.7,35.7,1.0,,
17:27:10.869,8.2,MANUAL,0,0,0.0,0.0,0.0,4.17,6.89,CENTER_DUAL,511.8,191.8,1.0,,
17:27:11.941,5.3,MANUAL,0,0,0.0,0.0,0.0,4.17,6.89,CENTER_DUAL,376.1,56.1,1.0,,
17:27:12.971,6.5,MANUAL,0,0,0.0,0.0,0.0,4.17,6.89,CENTER_DUAL,311.8,-8.2,1.0,,
17:27:14.087,5.8,MANUAL,0,0,0.0,0.0,0.0,4.17,6.89,CENTER_DUAL,385.3,65.3,1.0,,
17:27:15.119,5.3,MANUAL,0,0,0.0,0.0,0.0,4.17,6.89,LEFT_LANE_ONLY,444.5,124.5,0.5,,
17:27:16.296,4.9,MANUAL,0,0,0.0,0.0,0.0,4.17,6.89,CENTER_DUAL,297.8,-22.2,1.0,,
17:27:17.327,4.6,MANUAL,0,0,0.0,0.0,0.0,4.17,6.89,CENTER_DUAL,303.5,-16.5,1.0,,
17:27:18.448,4.6,MANUAL,0,0,0.0,0.0,0.0,4.17,6.89,CENTER_DUAL,286.4,-33.6,1.0,,
17:27:19.566,4.3,MANUAL,0,0,0.0,0.0,0.0,4.17,6.89,CENTER_DUAL,284.0,-36.0,1.0,,
17:27:20.638,5.0,MANUAL,0,0,0.0,0.0,0.0,4.17,6.89,CENTER_DUAL,271.4,-48.6,1.0,,
17:27:21.660,4.9,MANUAL,0,0,0.0,0.0,0.0,4.17,6.89,CENTER_DUAL,330.9,10.9,1.0,,
17:27:22.753,5.0,MANUAL,0,0,0.0,0.0,0.0,4.17,6.89,CENTER_DUAL,372.4,52.4,1.0,,
17:27:23.869,6.4,MANUAL,0,0,0.0,0.0,0.0,4.17,6.89,CENTER_DUAL,274.7,-45.3,1.0,,
17:27:24.974,7.1,MANUAL,0,0,0.0,0.0,0.0,4.17,6.89,CENTER_DUAL,303.3,-16.7,1.0,,
17:27:26.127,7.1,MANUAL,0,0,0.0,0.0,0.0,4.17,6.89,CENTER_DUAL,342.0,22.0,1.0,,
17:27:27.274,5.3,MANUAL,0,0,0.0,0.0,0.0,4.17,6.89,CENTER_DUAL,340.3,20.3,1.0,,
17:27:28.452,4.6,MANUAL,0,0,0.0,0.0,0.0,4.17,6.89,CENTER_DUAL,358.5,38.5,1.0,,
17:27:29.482,4.9,MANUAL,0,0,0.0,0.0,0.0,4.17,6.89,CENTER_DUAL,376.5,56.5,1.0,,
17:27:30.482,5.0,MANUAL,0,0,0.0,0.0,0.0,4.17,6.89,CENTER_DUAL,395.3,75.3,1.0,,
17:27:31.581,5.8,MANUAL,0,0,0.0,0.0,0.0,4.17,6.89,CENTER_DUAL,431.1,111.1,1.0,,
17:27:32.668,6.6,MANUAL,0,0,0.0,0.0,0.0,4.17,6.89,RIGHT_LANE_ONLY,349.0,29.0,0.5,,
17:27:33.679,6.5,MANUAL,0,0,0.0,0.0,0.0,4.17,6.89,CENTER_DUAL,245.0,-75.0,1.0,,
17:27:34.849,5.4,MANUAL,0,0,0.0,0.0,0.0,4.17,6.89,RIGHT_LANE_ONLY,288.7,-31.3,0.5,,
17:27:35.874,6.9,MANUAL,0,0,0.0,0.0,0.0,4.17,6.89,RIGHT_LANE_ONLY,212.9,-107.1,0.5,,
17:27:36.898,6.5,MANUAL,0,0,0.0,0.0,0.0,4.17,6.89,CENTER_DUAL,395.8,75.8,1.0,,
17:27:37.988,5.4,MANUAL,0,0,0.0,0.0,0.0,4.17,6.89,CENTER_DUAL,430.2,110.2,1.0,,
17:27:39.084,6.3,MANUAL,0,0,0.0,0.0,0.0,4.17,6.89,RIGHT_LANE_ONLY,22.6,-297.4,0.5,,
17:27:40.094,8.1,MANUAL,0,0,0.0,0.0,0.0,4.17,6.89,RIGHT_LANE_ONLY,113.2,-206.8,0.5,,
17:27:41.223,7.1,MANUAL,0,0,0.0,0.0,0.0,4.17,6.89,RIGHT_LANE_ONLY,208.6,-111.4,0.5,,
17:27:42.232,7.1,MANUAL,0,0,0.0,0.0,0.0,4.17,6.89,RIGHT_LANE_ONLY,177.3,-142.7,0.5,,
17:27:43.307,5.4,MANUAL,0,0,0.0,0.0,0.0,4.17,6.89,RIGHT_LANE_ONLY,116.3,-203.7,0.5,,
17:27:44.471,5.8,MANUAL,0,0,0.0,0.0,0.0,4.17,6.89,RIGHT_LANE_ONLY,235.6,-84.4,0.5,,
17:27:45.605,6.5,MANUAL,0,0,0.0,0.0,0.0,4.17,6.89,RIGHT_LANE_ONLY,295.7,-24.3,0.5,,
17:27:46.610,5.8,MANUAL,0,0,0.0,0.0,0.0,4.17,6.89,RIGHT_LANE_ONLY,253.9,-66.1,0.5,,
17:27:47.673,7.0,MANUAL,0,0,0.0,0.0,0.0,4.17,6.89,CENTER_DUAL,240.0,-80.0,1.0,,
17:27:48.752,8.1,MANUAL,0,0,0.0,0.0,0.0,4.17,6.89,CENTER_DUAL,396.9,76.9,1.0,,
17:27:49.850,6.4,MANUAL,0,0,0.0,0.0,0.0,4.17,6.89,LEFT_LANE_ONLY,423.3,103.3,0.5,,
17:27:50.958,6.4,MANUAL,0,0,0.0,0.0,0.0,4.17,6.89,LEFT_LANE_ONLY,342.7,22.7,0.5,,
17:27:52.013,7.2,MANUAL,0,0,0.0,0.0,0.0,4.17,6.89,LEFT_LANE_ONLY,180.1,-139.9,0.5,,
17:27:53.032,5.8,MANUAL,0,0,0.0,0.0,0.0,4.17,6.89,CENTER_DUAL,319.7,-0.3,1.0,,
17:27:54.150,7.0,MANUAL,0,0,0.0,0.0,0.0,4.17,6.89,CENTER_DUAL,370.8,50.8,1.0,,
17:27:55.255,6.4,MANUAL,0,0,0.0,0.0,0.0,4.17,6.89,CENTER_DUAL,279.5,-40.5,1.0,,
17:27:56.393,7.1,MANUAL,0,0,0.0,0.0,0.0,4.17,6.89,CENTER_DUAL,242.6,-77.4,1.0,,
17:27:57.485,7.2,MANUAL,0,0,0.0,0.0,0.0,4.17,6.89,CENTER_DUAL,237.2,-82.8,1.0,,
17:27:58.533,5.9,MANUAL,0,0,0.0,0.0,0.0,4.17,6.89,RIGHT_LANE_ONLY,147.6,-172.4,0.5,,
17:27:59.542,7.1,MANUAL,0,0,0.0,0.0,0.0,4.17,6.89,LEFT_LANE_ONLY,249.7,-70.3,0.5,,
17:28:00.639,5.3,MANUAL,0,0,0.0,0.0,0.0,4.17,6.89,RIGHT_LANE_ONLY,270.0,-50.0,0.5,,
17:28:01.719,7.3,MANUAL,0,0,0.0,0.0,0.0,4.17,6.89,CENTER_DUAL,364.0,44.0,1.0,,
17:28:02.836,5.3,MANUAL,0,0,0.0,0.0,0.0,4.17,6.89,CENTER_DUAL,320.6,0.6,1.0,,
17:28:03.941,5.9,MANUAL,0,0,0.0,0.0,0.0,4.17,6.89,CENTER_DUAL,269.2,-50.8,1.0,,
17:28:05.013,7.1,MANUAL,0,0,0.0,0.0,0.0,4.17,6.89,CENTER_DUAL,257.4,-62.6,1.0,,
17:28:06.089,7.1,MANUAL,0,0,0.0,0.0,0.0,4.17,6.89,RIGHT_LANE_ONLY,411.1,91.1,0.5,,
17:28:07.192,7.9,MANUAL,0,0,0.0,0.0,0.0,4.17,6.89,CENTER_DUAL,364.5,44.5,1.0,,
17:28:08.223,7.2,MANUAL,0,0,0.0,0.0,0.0,4.17,6.89,CENTER_DUAL,360.6,40.6,1.0,,
17:28:09.321,7.0,MANUAL,0,0,0.0,0.0,0.0,4.17,6.89,CENTER_DUAL,414.1,94.1,1.0,,
17:28:10.454,7.1,MANUAL,0,0,0.0,0.0,0.0,4.17,6.89,CENTER_DUAL,393.8,73.8,1.0,,
17:28:11.603,5.4,MANUAL,0,0,0.0,0.0,0.0,4.17,6.89,CENTER_DUAL,381.1,61.1,1.0,,
17:28:12.740,5.3,MANUAL,0,0,0.0,0.0,0.0,4.17,6.89,CENTER_DUAL,372.8,52.8,1.0,,
17:28:13.911,5.3,MANUAL,0,0,0.0,0.0,0.0,4.17,6.89,CENTER_DUAL,371.6,51.6,1.0,,
17:28:15.067,5.4,MANUAL,0,0,0.0,0.0,0.0,4.17,6.89,CENTER_DUAL,371.7,51.7,1.0,,
17:28:16.091,5.0,MANUAL,0,0,0.0,0.0,0.0,4.17,6.89,CENTER_DUAL,372.1,52.1,1.0,,
17:28:17.289,5.0,MANUAL,0,0,0.0,0.0,0.0,4.17,6.89,CENTER_DUAL,372.5,52.5,1.0,,
17:28:18.295,4.9,MANUAL,0,0,0.0,0.0,0.0,4.17,6.89,CENTER_DUAL,372.1,52.1,1.0,,
17:28:19.301,5.0,MANUAL,0,0,0.0,0.0,0.0,4.17,6.89,CENTER_DUAL,371.3,51.3,1.0,,
17:28:20.317,5.0,MANUAL,0,0,0.0,0.0,0.0,4.17,6.89,CENTER_DUAL,368.8,48.8,1.0,,
17:28:21.492,5.0,MANUAL,0,0,0.0,0.0,0.0,4.17,6.89,CENTER_DUAL,363.4,43.4,1.0,,
17:28:22.506,5.0,MANUAL,0,0,0.0,0.0,0.0,4.17,6.89,CENTER_DUAL,362.6,42.6,1.0,,
17:28:23.538,5.0,MANUAL,0,0,0.0,0.0,0.0,4.17,6.89,CENTER_DUAL,362.0,42.0,1.0,,
17:28:24.539,5.0,MANUAL,0,0,0.0,0.0,0.0,4.17,6.89,CENTER_DUAL,361.4,41.4,1.0,,
17:28:25.554,4.9,MANUAL,0,0,0.0,0.0,0.0,4.17,6.89,CENTER_DUAL,360.2,40.2,1.0,,
17:28:26.579,5.0,MANUAL,0,0,0.0,0.0,0.0,4.17,6.89,CENTER_DUAL,359.1,39.1,1.0,,
17:28:27.602,5.0,MANUAL,0,0,0.0,0.0,0.0,4.17,6.89,CENTER_DUAL,358.1,38.1,1.0,,
17:28:28.608,5.0,MANUAL,0,0,0.0,0.0,0.0,4.17,6.89,CENTER_DUAL,357.6,37.6,1.0,,
17:28:29.611,4.6,MANUAL,0,0,0.0,0.0,0.0,4.17,6.89,CENTER_DUAL,357.7,37.7,1.0,,
17:28:30.649,4.6,MANUAL,0,0,0.0,0.0,0.0,4.17,6.89,CENTER_DUAL,345.6,25.6,1.0,,
17:28:31.719,3.8,MANUAL,0,0,0.0,0.0,0.0,4.17,6.89,CENTER_DUAL,340.3,20.3,1.0,,
17:28:32.829,5.0,MANUAL,0,0,0.0,0.0,0.0,4.17,6.89,CENTER_DUAL,339.6,19.6,1.0,,
17:28:33.858,5.0,MANUAL,0,0,0.0,0.0,0.0,4.17,6.89,CENTER_DUAL,338.8,18.8,1.0,,
17:28:34.877,4.9,MANUAL,0,0,0.0,0.0,0.0,4.17,6.89,CENTER_DUAL,338.2,18.2,1.0,,
17:28:36.070,5.4,MANUAL,0,0,0.0,0.0,0.0,4.17,6.89,CENTER_DUAL,337.3,17.3,1.0,,
17:28:37.254,4.9,MANUAL,0,0,0.0,0.0,0.0,4.17,6.89,CENTER_DUAL,339.8,19.8,1.0,,
17:28:38.410,5.4,MANUAL,0,0,0.0,0.0,0.0,4.17,6.89,CENTER_DUAL,338.0,18.0,1.0,,
17:28:39.571,5.4,MANUAL,0,0,0.0,0.0,0.0,4.17,6.89,CENTER_DUAL,334.7,14.7,1.0,,
17:28:40.728,5.0,MANUAL,0,0,0.0,0.0,0.0,4.17,6.89,CENTER_DUAL,346.0,26.0,1.0,,
17:28:41.901,5.0,MANUAL,0,0,0.0,0.0,0.0,4.17,6.89,CENTER_DUAL,347.1,27.1,1.0,,
17:28:43.068,4.9,MANUAL,0,0,0.0,0.0,0.0,4.17,6.89,CENTER_DUAL,347.3,27.3,1.0,,
17:28:44.257,4.9,MANUAL,0,0,0.0,0.0,0.0,4.17,6.89,CENTER_DUAL,346.4,26.4,1.0,,
17:28:45.465,5.0,MANUAL,0,0,0.0,0.0,0.0,4.17,6.89,CENTER_DUAL,345.7,25.7,1.0,,
17:28:46.480,5.4,MANUAL,0,0,0.0,0.0,0.0,4.17,6.89,CENTER_DUAL,345.8,25.8,1.0,,
17:28:47.519,7.2,MANUAL,0,0,0.0,0.0,0.0,4.17,6.89,CENTER_DUAL,-8.9,-328.9,1.0,,
17:28:48.582,6.5,MANUAL,0,0,0.0,0.0,0.0,4.17,6.89,CENTER_DUAL,346.5,26.5,1.0,,
17:28:49.592,7.2,MANUAL,0,0,0.0,0.0,0.0,4.17,6.89,CENTER_DUAL,322.2,2.2,1.0,,
17:28:50.600,7.2,MANUAL,0,0,0.0,0.0,0.0,4.17,6.89,CENTER_DUAL,340.2,20.2,1.0,,
17:28:51.651,5.9,MANUAL,0,0,0.0,0.0,0.0,4.17,6.89,CENTER_DUAL,319.5,-0.5,1.0,,
17:28:52.704,5.5,MANUAL,0,0,0.0,0.0,0.0,4.17,6.89,CENTER_DUAL,304.1,-15.9,1.0,,
17:28:53.751,5.8,MANUAL,0,0,0.0,0.0,0.0,4.17,6.89,CENTER_DUAL,310.7,-9.3,1.0,,
17:28:54.821,5.4,MANUAL,0,0,0.0,0.0,0.0,4.17,6.89,CENTER_DUAL,368.8,48.8,1.0,,
17:28:55.880,5.8,MANUAL,0,0,0.0,0.0,0.0,4.17,6.89,LEFT_LANE_ONLY,331.3,11.3,0.5,,
17:28:56.972,5.9,MANUAL,0,0,0.0,0.0,0.0,4.17,6.89,CENTER_DUAL,334.2,14.2,1.0,,
17:28:58.010,5.8,MANUAL,0,0,0.0,0.0,0.0,4.17,6.89,CENTER_DUAL,318.4,-1.6,1.0,,
17:28:59.082,6.0,MANUAL,0,0,0.0,0.0,0.0,4.17,6.89,CENTER_DUAL,320.4,0.4,1.0,,
17:29:00.245,5.4,MANUAL,0,0,0.0,0.0,0.0,4.17,6.89,CENTER_DUAL,320.0,0.0,1.0,,
17:29:01.368,5.4,MANUAL,0,0,0.0,0.0,0.0,4.17,6.89,CENTER_DUAL,306.5,-13.5,1.0,,
17:29:02.372,5.0,MANUAL,0,0,0.0,0.0,0.0,4.17,6.89,CENTER_DUAL,291.0,-29.0,1.0,,
17:29:03.566,5.0,MANUAL,0,0,0.0,0.0,0.0,4.17,6.89,CENTER_DUAL,301.6,-18.4,1.0,,
17:29:04.751,5.3,MANUAL,0,0,0.0,0.0,0.0,4.17,6.89,CENTER_DUAL,300.3,-19.7,1.0,,
17:29:05.881,5.8,MANUAL,0,0,0.0,0.0,0.0,4.17,6.89,LEFT_LANE_ONLY,303.2,-16.8,0.5,,
17:29:07.020,5.3,MANUAL,0,0,0.0,0.0,0.0,4.17,6.89,CENTER_DUAL,321.8,1.8,1.0,,
17:29:08.165,5.3,MANUAL,0,0,0.0,0.0,0.0,4.17,6.89,CENTER_DUAL,302.1,-17.9,1.0,,
17:29:09.340,5.4,MANUAL,0,0,0.0,0.0,0.0,4.17,6.89,CENTER_DUAL,264.4,-55.6,1.0,,
17:29:10.511,5.0,MANUAL,0,0,0.0,0.0,0.0,4.17,6.89,CENTER_DUAL,259.0,-61.0,1.0,,
17:29:11.686,5.0,MANUAL,0,0,0.0,0.0,0.0,4.17,6.89,CENTER_DUAL,258.8,-61.2,1.0,,
17:29:12.841,5.0,MANUAL,0,0,0.0,0.0,0.0,4.17,6.89,CENTER_DUAL,248.5,-71.5,1.0,,
17:29:13.990,5.0,MANUAL,0,0,0.0,0.0,0.0,4.17,6.89,CENTER_DUAL,231.8,-88.2,1.0,,
17:29:15.127,5.4,MANUAL,0,0,0.0,0.0,0.0,4.17,6.89,CENTER_DUAL,230.9,-89.1,1.0,,
17:29:16.245,5.3,MANUAL,0,0,0.0,0.0,0.0,4.17,6.89,CENTER_DUAL,228.4,-91.6,1.0,,
17:29:17.398,5.3,MANUAL,0,0,0.0,0.0,0.0,4.17,6.89,CENTER_DUAL,230.6,-89.4,1.0,,
17:29:18.416,4.6,MANUAL,0,0,0.0,0.0,0.0,4.17,6.89,CENTER_DUAL,242.4,-77.6,1.0,,
17:29:19.511,6.4,MANUAL,0,0,0.0,0.0,0.0,4.17,6.89,CENTER_DUAL,229.2,-90.8,1.0,,
17:29:20.627,5.0,MANUAL,0,0,0.0,0.0,0.0,4.17,6.89,RIGHT_LANE_ONLY,203.4,-116.6,0.5,,
17:29:21.762,5.3,MANUAL,0,0,0.0,0.0,0.0,4.17,6.89,CENTER_DUAL,301.2,-18.8,1.0,,
17:29:22.894,5.3,MANUAL,0,0,0.0,0.0,0.0,4.17,6.89,CENTER_DUAL,291.1,-28.9,1.0,,
17:29:23.926,4.6,MANUAL,0,0,0.0,0.0,0.0,4.17,6.89,LEFT_LANE_ONLY,278.7,-41.3,0.5,,
17:29:25.112,5.0,MANUAL,0,0,0.0,0.0,0.0,4.17,6.89,CENTER_DUAL,351.6,31.6,1.0,,
17:29:26.150,5.0,MANUAL,0,0,0.0,0.0,0.0,4.17,6.89,CENTER_DUAL,345.6,25.6,1.0,,
17:29:27.333,4.9,MANUAL,0,0,0.0,0.0,0.0,4.17,6.89,CENTER_DUAL,319.3,-0.7,1.0,,
17:29:28.516,5.0,MANUAL,0,0,0.0,0.0,0.0,4.17,6.89,CENTER_DUAL,305.6,-14.4,1.0,,
17:29:29.547,4.6,MANUAL,0,0,0.0,0.0,0.0,4.17,6.89,CENTER_DUAL,305.6,-14.4,1.0,,
17:29:30.613,4.6,MANUAL,0,0,0.0,0.0,0.0,4.17,6.89,CENTER_DUAL,304.5,-15.5,1.0,,
17:29:31.676,4.5,MANUAL,0,0,0.0,0.0,0.0,4.17,6.89,CENTER_DUAL,303.5,-16.5,1.0,,
17:29:32.785,6.4,MANUAL,0,0,0.0,0.0,0.0,4.17,6.89,CENTER_DUAL,335.5,15.5,1.0,,
17:29:33.795,7.1,MANUAL,0,0,0.0,0.0,0.0,4.17,6.89,CENTER_DUAL,290.6,-29.4,1.0,,
17:29:34.932,4.9,MANUAL,0,0,0.0,0.0,0.0,4.17,6.89,LEFT_LANE_ONLY,297.8,-22.2,0.5,,
17:29:36.038,8.0,MANUAL,0,0,0.0,0.0,0.0,4.17,6.89,LEFT_LANE_ONLY,146.7,-173.3,0.5,,
17:29:37.113,7.1,MANUAL,0,0,0.0,0.0,0.0,4.17,6.89,CENTER_DUAL,264.9,-55.1,1.0,,
17:29:38.164,8.1,MANUAL,0,0,0.0,0.0,0.0,4.17,6.89,CENTER_DUAL,113.4,-206.6,1.0,,
17:29:39.251,7.2,MANUAL,0,0,0.0,0.0,0.0,4.17,6.89,CENTER_DUAL,252.2,-67.8,1.0,,
17:29:40.288,6.5,MANUAL,0,0,0.0,0.0,0.0,4.17,6.89,CENTER_DUAL,209.3,-110.7,1.0,,
17:29:41.445,5.4,MANUAL,0,0,0.0,0.0,0.0,4.17,6.89,LEFT_LANE_ONLY,319.0,-1.0,0.5,,
17:29:42.592,7.1,MANUAL,0,0,0.0,0.0,0.0,4.17,6.89,CENTER_DUAL,307.7,-12.3,1.0,,
17:29:43.707,5.4,MANUAL,0,0,0.0,0.0,0.0,4.17,6.89,LEFT_LANE_ONLY,256.1,-63.9,0.5,,
17:29:44.809,7.1,MANUAL,0,0,0.0,0.0,0.0,4.17,6.89,CENTER_DUAL,191.4,-128.6,1.0,,
17:29:45.830,6.5,MANUAL,0,0,0.0,0.0,0.0,4.17,6.89,LEFT_LANE_ONLY,152.8,-167.2,0.5,,
17:29:46.951,7.1,MANUAL,0,0,0.0,0.0,0.0,4.17,6.89,CENTER_DUAL,333.7,13.7,1.0,,
17:29:47.968,7.2,MANUAL,0,0,0.0,0.0,0.0,4.17,6.89,RIGHT_LANE_ONLY,328.2,8.2,0.5,,
17:29:49.102,6.9,MANUAL,0,0,0.0,0.0,0.0,4.17,6.89,RIGHT_LANE_ONLY,337.4,17.4,0.5,,
17:29:50.244,7.1,MANUAL,0,0,0.0,0.0,0.0,4.17,6.89,RIGHT_LANE_ONLY,364.7,44.7,0.5,,
17:29:51.283,6.9,MANUAL,0,0,0.0,0.0,0.0,4.17,6.89,CENTER_DUAL,275.6,-44.4,1.0,,
17:29:52.428,7.1,MANUAL,0,0,0.0,0.0,0.0,4.17,6.89,CENTER_DUAL,241.5,-78.5,1.0,,
17:29:53.576,5.7,MANUAL,0,0,0.0,0.0,0.0,4.17,6.89,RIGHT_LANE_ONLY,235.1,-84.9,0.5,,
17:29:54.744,6.5,MANUAL,0,0,0.0,0.0,0.0,4.17,6.89,CENTER_DUAL,327.8,7.8,1.0,,
17:29:55.859,5.9,MANUAL,0,0,0.0,0.0,0.0,4.17,6.89,LEFT_LANE_ONLY,399.1,79.1,0.5,,
17:29:56.958,5.7,MANUAL,0,0,0.0,0.0,0.0,4.17,6.89,CENTER_DUAL,379.8,59.8,1.0,,
17:29:58.094,7.1,MANUAL,0,0,0.0,0.0,0.0,4.17,6.89,CENTER_DUAL,304.5,-15.5,1.0,,
17:29:59.200,7.1,MANUAL,0,0,0.0,0.0,0.0,4.17,6.89,CENTER_DUAL,331.7,11.7,1.0,,
17:30:00.317,7.2,MANUAL,0,0,0.0,0.0,0.0,4.17,6.89,CENTER_DUAL,298.6,-21.4,1.0,,
17:30:01.377,5.8,MANUAL,0,0,0.0,0.0,0.0,4.17,6.89,RIGHT_LANE_ONLY,296.8,-23.2,0.5,,
17:30:02.515,7.3,MANUAL,0,0,0.0,0.0,0.0,4.17,6.89,CENTER_DUAL,174.3,-145.7,1.0,,
17:30:03.582,8.1,MANUAL,0,0,0.0,0.0,0.0,4.17,6.89,CENTER_DUAL,268.0,-52.0,1.0,,
17:30:04.590,8.1,MANUAL,0,0,0.0,0.0,0.0,4.17,6.89,RIGHT_LANE_ONLY,329.7,9.7,0.5,,
17:30:05.660,7.2,MANUAL,0,0,0.0,0.0,0.0,4.17,6.89,RIGHT_LANE_ONLY,301.3,-18.7,0.5,,
17:30:06.755,7.1,MANUAL,0,0,0.0,0.0,0.0,4.17,6.89,RIGHT_LANE_ONLY,482.3,162.3,0.5,,
17:30:07.873,7.2,MANUAL,0,0,0.0,0.0,0.0,4.17,6.89,RIGHT_LANE_ONLY,492.6,172.6,0.5,,
17:30:09.015,6.6,MANUAL,0,0,0.0,0.0,0.0,4.17,6.89,CENTER_DUAL,522.3,202.3,1.0,,
17:30:10.053,7.2,MANUAL,0,0,0.0,0.0,0.0,4.17,6.89,CENTER_DUAL,269.5,-50.5,1.0,,
17:30:11.114,7.2,MANUAL,0,0,0.0,0.0,0.0,4.17,6.89,RIGHT_LANE_ONLY,263.7,-56.3,0.5,,
17:30:12.179,5.9,MANUAL,0,0,0.0,0.0,0.0,4.17,6.89,RIGHT_LANE_ONLY,221.4,-98.6,0.5,,
17:30:13.187,7.1,MANUAL,0,0,0.0,0.0,0.0,4.17,6.89,RIGHT_LANE_ONLY,257.7,-62.3,0.5,,
17:30:14.319,5.4,MANUAL,0,0,0.0,0.0,0.0,4.17,6.89,LEFT_LANE_ONLY,302.7,-17.3,0.5,,
17:30:15.348,5.0,MANUAL,0,0,0.0,0.0,0.0,4.17,6.89,CENTER_DUAL,266.5,-53.5,1.0,,
17:30:16.455,4.3,MANUAL,0,0,0.0,0.0,0.0,4.17,6.89,LEFT_LANE_ONLY,294.4,-25.6,0.5,,
17:30:17.642,3.8,MANUAL,0,0,0.0,0.0,0.0,4.17,6.89,CENTER_DUAL,232.0,-88.0,1.0,,
17:30:18.782,4.6,MANUAL,0,0,0.0,0.0,0.0,4.17,6.89,CENTER_DUAL,240.7,-79.3,1.0,,
17:30:19.966,4.3,MANUAL,0,0,0.0,0.0,0.0,4.17,6.89,CENTER_DUAL,223.6,-96.4,1.0,,
17:30:21.011,5.0,MANUAL,0,0,0.0,0.0,0.0,4.17,6.89,CENTER_DUAL,305.5,-14.5,1.0,,
17:30:22.140,4.9,MANUAL,0,0,0.0,0.0,0.0,4.17,6.89,RIGHT_LANE_ONLY,186.7,-133.3,0.5,,
17:30:23.307,5.0,MANUAL,0,0,0.0,0.0,0.0,4.17,6.89,LEFT_LANE_ONLY,277.5,-42.5,0.5,,
17:30:24.406,5.3,MANUAL,0,0,0.0,0.0,0.0,4.17,6.89,LEFT_LANE_ONLY,276.6,-43.4,0.5,,
17:30:25.605,4.9,MANUAL,0,0,0.0,0.0,0.0,4.17,6.89,LEFT_LANE_ONLY,277.2,-42.8,0.5,,
17:30:26.626,5.0,MANUAL,0,0,0.0,0.0,0.0,4.17,6.89,CENTER_DUAL,241.7,-78.3,1.0,,
17:30:27.645,4.9,MANUAL,0,0,0.0,0.0,0.0,4.17,6.89,LEFT_LANE_ONLY,236.8,-83.2,0.5,,
17:30:28.839,4.9,MANUAL,0,0,0.0,0.0,0.0,4.17,6.89,CENTER_DUAL,260.4,-59.6,1.0,,
17:30:29.966,5.0,MANUAL,0,0,0.0,0.0,0.0,4.17,6.89,RIGHT_LANE_ONLY,305.4,-14.6,0.5,,
17:30:31.007,7.2,MANUAL,0,0,0.0,0.0,0.0,4.17,6.89,RIGHT_LANE_ONLY,416.6,96.6,0.5,,
17:30:32.017,7.2,MANUAL,0,0,0.0,0.0,0.0,4.17,6.89,RIGHT_LANE_ONLY,453.2,133.2,0.5,,
17:30:33.100,6.4,MANUAL,0,0,0.0,0.0,0.0,4.17,6.89,RIGHT_LANE_ONLY,406.4,86.4,0.5,,
17:30:34.137,7.1,MANUAL,0,0,0.0,0.0,0.0,4.17,6.89,RIGHT_LANE_ONLY,460.1,140.1,0.5,,
17:30:35.274,7.1,MANUAL,0,0,0.0,0.0,0.0,4.17,6.89,RIGHT_LANE_ONLY,550.7,230.7,0.5,,
17:30:36.344,8.1,MANUAL,0,0,0.0,0.0,0.0,4.17,6.89,RIGHT_LANE_ONLY,340.4,20.4,0.5,,
17:30:37.371,8.1,MANUAL,0,0,0.0,0.0,0.0,4.17,6.89,RIGHT_LANE_ONLY,281.9,-38.1,0.5,,
17:30:38.391,7.2,MANUAL,0,0,0.0,0.0,0.0,4.17,6.89,CENTER_DUAL,249.5,-70.5,1.0,,
17:30:39.403,8.0,MANUAL,0,0,0.0,0.0,0.0,4.17,6.89,CENTER_DUAL,245.5,-74.5,1.0,,
17:30:40.413,8.0,MANUAL,0,0,0.0,0.0,0.0,4.17,6.89,RIGHT_LANE_ONLY,232.7,-87.3,0.5,,
17:30:41.520,8.0,MANUAL,0,0,0.0,0.0,0.0,4.17,6.89,RIGHT_LANE_ONLY,221.2,-98.8,0.5,,
17:30:42.601,7.2,MANUAL,0,0,0.0,0.0,0.0,4.17,6.89,RIGHT_LANE_ONLY,198.5,-121.5,0.5,,
17:30:43.646,8.0,MANUAL,0,0,0.0,0.0,0.0,4.17,6.89,RIGHT_LANE_ONLY,225.1,-94.9,0.5,,
17:30:44.678,8.1,MANUAL,0,0,0.0,0.0,0.0,4.17,6.89,RIGHT_LANE_ONLY,244.9,-75.1,0.5,,
17:30:45.766,7.1,MANUAL,0,0,0.0,0.0,0.0,4.17,6.89,CENTER_DUAL,331.1,11.1,1.0,,
17:30:46.849,6.5,MANUAL,0,0,0.0,0.0,0.0,4.17,6.89,CENTER_DUAL,313.3,-6.7,1.0,,
17:30:47.896,8.1,MANUAL,0,0,0.0,0.0,0.0,4.17,6.89,RIGHT_LANE_ONLY,499.9,179.9,0.5,,
17:30:48.963,8.1,MANUAL,0,0,0.0,0.0,0.0,4.17,6.89,CENTER_DUAL,329.5,9.5,1.0,,
17:30:50.088,8.0,MANUAL,0,0,0.0,0.0,0.0,4.17,6.89,CENTER_DUAL,386.3,66.3,1.0,,
17:30:51.202,8.1,MANUAL,0,0,0.0,0.0,0.0,4.17,6.89,CENTER_DUAL,336.2,16.2,1.0,,
17:30:52.218,8.0,MANUAL,0,0,0.0,0.0,0.0,4.17,6.89,CENTER_DUAL,-123.4,-443.4,1.0,,
17:30:53.218,8.1,MANUAL,0,0,0.0,0.0,0.0,4.17,6.89,RIGHT_LANE_ONLY,47.0,-273.0,0.5,,
17:30:54.328,8.1,MANUAL,0,0,0.0,0.0,0.0,4.17,6.89,CENTER_DUAL,-246.9,-566.9,1.0,,
17:30:55.353,8.1,MANUAL,0,0,0.0,0.0,0.0,4.17,6.89,CENTER_DUAL,-111.8,-431.8,1.0,,
17:30:56.360,8.2,MANUAL,0,0,0.0,0.0,0.0,4.17,6.89,LEFT_LANE_ONLY,72.6,-247.4,0.5,,
17:30:57.477,8.0,MANUAL,0,0,0.0,0.0,0.0,4.17,6.89,CENTER_DUAL,327.5,7.5,1.0,,
17:30:58.602,8.0,MANUAL,0,0,0.0,0.0,0.0,4.17,6.89,CENTER_DUAL,326.1,6.1,1.0,,
17:30:59.612,8.1,MANUAL,0,0,0.0,0.0,0.0,4.17,6.89,CENTER_DUAL,325.6,5.6,1.0,,
17:31:00.635,7.1,MANUAL,0,0,0.0,0.0,0.0,4.17,6.89,CENTER_DUAL,745.4,425.4,1.0,,
17:31:01.637,8.0,MANUAL,0,0,0.0,0.0,0.0,4.17,6.89,CENTER_DUAL,635.5,315.5,1.0,,
17:31:02.666,7.1,MANUAL,0,0,0.0,0.0,0.0,4.17,6.89,CENTER_DUAL,333.6,13.6,1.0,,
17:31:03.668,8.1,MANUAL,0,0,0.0,0.0,0.0,4.17,6.89,RIGHT_LANE_ONLY,425.3,105.3,0.5,,
17:31:04.785,8.2,MANUAL,0,0,0.0,0.0,0.0,4.17,6.89,RIGHT_LANE_ONLY,37.8,-282.2,0.5,,
17:31:05.897,8.0,MANUAL,0,0,0.0,0.0,0.0,4.17,6.89,RIGHT_LANE_ONLY,-1067.6,-1387.6,0.5,,
17:31:06.931,7.2,MANUAL,0,0,0.0,0.0,0.0,4.17,6.89,RIGHT_LANE_ONLY,304.2,-15.8,0.5,,
17:31:07.947,8.1,MANUAL,0,0,0.0,0.0,0.0,4.17,6.89,RIGHT_LANE_ONLY,154.3,-165.7,0.5,,
17:31:08.957,7.1,MANUAL,0,0,0.0,0.0,0.0,4.17,6.89,RIGHT_LANE_ONLY,237.8,-82.2,0.5,,
17:31:10.004,7.3,MANUAL,0,0,0.0,0.0,0.0,4.17,6.89,RIGHT_LANE_ONLY,297.8,-22.2,0.5,,
17:31:11.024,7.2,MANUAL,0,0,0.0,0.0,0.0,4.17,6.89,RIGHT_LANE_ONLY,167.8,-152.2,0.5,,
17:31:12.038,8.0,MANUAL,0,0,0.0,0.0,0.0,4.17,6.89,RIGHT_LANE_ONLY,181.4,-138.6,0.5,,
17:31:13.162,8.1,MANUAL,0,0,0.0,0.0,0.0,4.17,6.89,RIGHT_LANE_ONLY,482.7,162.7,0.5,,
17:31:14.296,7.3,MANUAL,0,0,0.0,0.0,0.0,4.17,6.89,RIGHT_LANE_ONLY,145.2,-174.8,0.5,,
17:31:15.319,8.0,MANUAL,0,0,0.0,0.0,0.0,4.17,6.89,CENTER_DUAL,170.3,-149.7,1.0,,
17:31:16.341,8.1,MANUAL,0,0,0.0,0.0,0.0,4.17,6.89,CENTER_DUAL,227.7,-92.3,1.0,,
17:31:17.444,8.0,MANUAL,0,0,0.0,0.0,0.0,4.17,6.89,CENTER_DUAL,239.8,-80.2,1.0,,
17:31:18.494,8.0,MANUAL,0,0,0.0,0.0,0.0,4.17,6.89,CENTER_DUAL,241.7,-78.3,1.0,,
17:31:19.502,8.2,MANUAL,0,0,0.0,0.0,0.0,4.17,6.89,RIGHT_LANE_ONLY,318.8,-1.2,0.5,,
17:31:20.526,8.0,MANUAL,0,0,0.0,0.0,0.0,4.17,6.89,CENTER_DUAL,424.8,104.8,1.0,,
17:31:21.587,8.0,MANUAL,0,0,0.0,0.0,0.0,4.17,6.89,LEFT_LANE_ONLY,301.4,-18.6,0.5,,
17:31:22.594,8.1,MANUAL,0,0,0.0,0.0,0.0,4.17,6.89,CENTER_DUAL,239.7,-80.3,1.0,,
17:31:23.653,8.0,MANUAL,0,0,0.0,0.0,0.0,4.17,6.89,CENTER_DUAL,-152.1,-472.1,1.0,,
17:31:24.770,8.0,MANUAL,0,0,0.0,0.0,0.0,4.17,6.89,CENTER_DUAL,54.9,-265.1,1.0,,
17:31:25.886,7.9,MANUAL,0,0,0.0,0.0,0.0,4.17,6.89,CENTER_DUAL,-410.2,-730.2,1.0,,
17:31:27.012,7.9,MANUAL,0,0,0.0,0.0,0.0,4.17,6.89,CENTER_DUAL,-317.5,-637.5,1.0,,
17:31:28.125,8.1,MANUAL,0,0,0.0,0.0,0.0,4.17,6.89,CENTER_DUAL,9.6,-310.4,1.0,,
17:31:29.136,8.1,MANUAL,0,0,0.0,0.0,0.0,4.17,6.89,CENTER_DUAL,268.1,-51.9,1.0,,
17:31:30.149,8.2,MANUAL,0,0,0.0,0.0,0.0,4.17,6.89,CENTER_DUAL,211.4,-108.6,1.0,,
17:31:31.269,8.0,MANUAL,0,0,0.0,0.0,0.0,4.17,6.89,RIGHT_LANE_ONLY,205.2,-114.8,0.5,,
17:31:32.280,7.2,MANUAL,0,0,0.0,0.0,0.0,4.17,6.89,RIGHT_LANE_ONLY,213.7,-106.3,0.5,,
17:31:33.320,7.3,MANUAL,0,0,0.0,0.0,0.0,4.17,6.89,RIGHT_LANE_ONLY,184.2,-135.8,0.5,,
17:31:34.381,8.0,MANUAL,0,0,0.0,0.0,0.0,4.17,6.89,LEFT_LANE_ONLY,297.5,-22.5,0.5,,
17:31:35.455,7.2,MANUAL,0,0,0.0,0.0,0.0,4.17,6.89,LEFT_LANE_ONLY,302.0,-18.0,0.5,,
17:31:36.487,8.1,MANUAL,0,0,0.0,0.0,0.0,4.17,6.89,CENTER_DUAL,315.7,-4.3,1.0,,
17:31:37.579,7.1,MANUAL,0,0,0.0,0.0,0.0,4.17,6.89,LEFT_LANE_ONLY,307.5,-12.5,0.5,,
17:31:38.644,7.3,MANUAL,0,0,0.0,0.0,0.0,4.17,6.89,LEFT_LANE_ONLY,319.5,-0.5,0.5,,
17:31:39.722,8.1,MANUAL,0,0,0.0,0.0,0.0,4.17,6.89,LEFT_LANE_ONLY,248.9,-71.1,0.5,,
17:31:40.784,8.1,MANUAL,0,0,0.0,0.0,0.0,4.17,6.89,LEFT_LANE_ONLY,383.9,63.9,0.5,,
17:31:41.898,8.1,MANUAL,0,0,0.0,0.0,0.0,4.17,6.89,LEFT_LANE_ONLY,244.1,-75.9,0.5,,
17:31:42.910,8.0,MANUAL,0,0,0.0,0.0,0.0,4.17,6.89,CENTER_DUAL,176.8,-143.2,1.0,,
17:31:43.929,8.0,MANUAL,0,0,0.0,0.0,0.0,4.17,6.89,RIGHT_LANE_ONLY,284.3,-35.7,0.5,,
17:31:45.055,8.0,MANUAL,0,0,0.0,0.0,0.0,4.17,6.89,CENTER_DUAL,-54.0,-374.0,1.0,,
17:31:46.069,7.9,MANUAL,0,0,0.0,0.0,0.0,4.17,6.89,CENTER_DUAL,269.1,-50.9,1.0,,
17:31:47.119,8.0,MANUAL,0,0,0.0,0.0,0.0,4.17,6.89,CENTER_DUAL,393.4,73.4,1.0,,
17:31:48.250,7.1,MANUAL,0,0,0.0,0.0,0.0,4.17,6.89,CENTER_DUAL,156.6,-163.4,1.0,,
17:31:49.385,7.1,MANUAL,0,0,0.0,0.0,0.0,4.17,6.89,CENTER_DUAL,210.5,-109.5,1.0,,
17:31:50.387,7.3,MANUAL,0,0,0.0,0.0,0.0,4.17,6.89,CENTER_DUAL,241.4,-78.6,1.0,,
17:31:51.429,5.9,MANUAL,0,0,0.0,0.0,0.0,4.17,6.89,CENTER_DUAL,278.5,-41.5,1.0,,
17:31:52.575,5.9,MANUAL,0,0,0.0,0.0,0.0,4.17,6.89,CENTER_DUAL,336.1,16.1,1.0,,
17:31:53.687,6.5,MANUAL,0,0,0.0,0.0,0.0,4.17,6.89,CENTER_DUAL,389.6,69.6,1.0,,
17:31:54.800,6.5,MANUAL,0,0,0.0,0.0,0.0,4.17,6.89,LEFT_LANE_ONLY,410.3,90.3,0.5,,
17:31:55.876,5.4,MANUAL,0,0,0.0,0.0,0.0,4.17,6.89,LEFT_LANE_ONLY,409.4,89.4,0.5,,
17:31:56.951,5.8,MANUAL,0,0,0.0,0.0,0.0,4.17,6.89,CENTER_DUAL,376.0,56.0,1.0,,
17:31:58.013,5.5,MANUAL,0,0,0.0,0.0,0.0,4.17,6.89,LEFT_LANE_ONLY,423.8,103.8,0.5,,
17:31:59.075,5.5,MANUAL,0,0,0.0,0.0,0.0,4.17,6.89,LEFT_LANE_ONLY,427.9,107.9,0.5,,
17:32:00.110,5.9,MANUAL,0,0,0.0,0.0,0.0,4.17,6.89,LEFT_LANE_ONLY,428.5,108.5,0.5,,
17:32:01.222,6.4,MANUAL,0,0,0.0,0.0,0.0,4.17,6.89,LEFT_LANE_ONLY,409.8,89.8,0.5,,
17:32:02.380,5.8,MANUAL,0,0,0.0,0.0,0.0,4.17,6.89,LEFT_LANE_ONLY,417.7,97.7,0.5,,
17:32:03.488,7.2,MANUAL,0,0,0.0,0.0,0.0,4.17,6.89,CENTER_DUAL,261.0,-59.0,1.0,,
17:32:04.571,6.4,MANUAL,0,0,0.0,0.0,0.0,4.17,6.89,CENTER_DUAL,227.0,-93.0,1.0,,
17:32:05.677,6.5,MANUAL,0,0,0.0,0.0,0.0,4.17,6.89,LEFT_LANE_ONLY,218.9,-101.1,0.5,,
17:32:06.837,5.8,MANUAL,0,0,0.0,0.0,0.0,4.17,6.89,CENTER_DUAL,235.7,-84.3,1.0,,
17:32:07.893,7.1,MANUAL,0,0,0.0,0.0,0.0,4.17,6.89,CENTER_DUAL,219.3,-100.7,1.0,,
17:32:09.017,6.3,MANUAL,0,0,0.0,0.0,0.0,4.17,6.89,LEFT_LANE_ONLY,296.5,-23.5,0.5,,
17:32:10.090,5.4,MANUAL,0,0,0.0,0.0,0.0,4.17,6.89,CENTER_DUAL,262.0,-58.0,1.0,,
17:32:11.221,5.0,MANUAL,0,0,0.0,0.0,0.0,4.17,6.89,CENTER_DUAL,258.4,-61.6,1.0,,
17:32:12.234,5.0,MANUAL,0,0,0.0,0.0,0.0,4.17,6.89,CENTER_DUAL,331.1,11.1,1.0,,
17:32:13.362,5.0,MANUAL,0,0,0.0,0.0,0.0,4.17,6.89,CENTER_DUAL,374.1,54.1,1.0,,
17:32:14.550,4.6,MANUAL,0,0,0.0,0.0,0.0,4.17,6.89,CENTER_DUAL,378.2,58.2,1.0,,
17:32:15.603,4.7,MANUAL,0,0,0.0,0.0,0.0,4.17,6.89,CENTER_DUAL,375.8,55.8,1.0,,
17:32:16.790,5.4,MANUAL,0,0,0.0,0.0,0.0,4.17,6.89,LEFT_LANE_ONLY,374.4,54.4,0.5,,
17:32:17.813,4.5,MANUAL,0,0,0.0,0.0,0.0,4.17,6.89,LEFT_LANE_ONLY,374.2,54.2,0.5,,
17:32:18.853,4.9,MANUAL,0,0,0.0,0.0,0.0,4.17,6.89,LEFT_LANE_ONLY,370.3,50.3,0.5,,
17:32:19.969,5.4,MANUAL,0,0,0.0,0.0,0.0,4.17,6.89,LEFT_LANE_ONLY,374.5,54.5,0.5,,
17:32:21.098,5.4,MANUAL,0,0,0.0,0.0,0.0,4.17,6.89,LEFT_LANE_ONLY,375.6,55.6,0.5,,
17:32:22.294,4.6,MANUAL,0,0,0.0,0.0,0.0,4.17,6.89,LEFT_LANE_ONLY,348.8,28.8,0.5,,
17:32:23.357,4.6,MANUAL,0,0,0.0,0.0,0.0,4.17,6.89,LEFT_LANE_ONLY,379.7,59.7,0.5,,
17:32:24.390,4.3,MANUAL,0,0,0.0,0.0,0.0,4.17,6.89,LEFT_LANE_ONLY,370.2,50.2,0.5,,
17:32:25.523,5.4,MANUAL,0,0,0.0,0.0,0.0,4.17,6.89,CENTER_DUAL,352.6,32.6,1.0,,
17:32:26.526,4.7,MANUAL,0,0,0.0,0.0,0.0,4.17,6.89,LEFT_LANE_ONLY,356.2,36.2,0.5,,
17:32:27.627,5.0,MANUAL,0,0,0.0,0.0,0.0,4.17,6.89,LEFT_LANE_ONLY,356.1,36.1,0.5,,
17:32:28.661,7.1,MANUAL,0,0,0.0,0.0,0.0,4.17,6.89,CENTER_DUAL,181.3,-138.7,1.0,,
17:32:29.671,7.1,MANUAL,0,0,0.0,0.0,0.0,4.17,6.89,CENTER_DUAL,215.7,-104.3,1.0,,
17:32:30.828,5.9,MANUAL,0,0,0.0,0.0,0.0,4.17,6.89,CENTER_DUAL,232.7,-87.3,1.0,,
17:32:31.993,5.9,MANUAL,0,0,0.0,0.0,0.0,4.17,6.89,LEFT_LANE_ONLY,309.3,-10.7,0.5,,
17:32:33.059,5.3,MANUAL,0,0,0.0,0.0,0.0,4.17,6.89,CENTER_DUAL,299.0,-21.0,1.0,,
17:32:34.074,5.8,MANUAL,0,0,0.0,0.0,0.0,4.17,6.89,LEFT_LANE_ONLY,279.6,-40.4,0.5,,
17:32:35.170,6.4,MANUAL,0,0,0.0,0.0,0.0,4.17,6.89,CENTER_DUAL,267.6,-52.4,1.0,,
17:32:36.222,5.9,MANUAL,0,0,0.0,0.0,0.0,4.17,6.89,CENTER_DUAL,263.4,-56.6,1.0,,
17:32:37.229,5.3,MANUAL,0,0,0.0,0.0,0.0,4.17,6.89,CENTER_DUAL,263.6,-56.4,1.0,,
17:32:38.333,6.5,MANUAL,0,0,0.0,0.0,0.0,4.17,6.89,RIGHT_LANE_ONLY,274.3,-45.7,0.5,,
17:32:39.505,5.3,MANUAL,0,0,0.0,0.0,0.0,4.17,6.89,CENTER_DUAL,299.9,-20.1,1.0,,
17:32:40.682,5.9,MANUAL,0,0,0.0,0.0,0.0,4.17,6.89,CENTER_DUAL,329.0,9.0,1.0,,
17:32:41.696,4.6,MANUAL,0,0,0.0,0.0,0.0,4.17,6.89,CENTER_DUAL,363.6,43.6,1.0,,
17:32:42.919,5.0,MANUAL,0,0,0.0,0.0,0.0,4.17,6.89,CENTER_DUAL,366.3,46.3,1.0,,
17:32:43.949,5.0,MANUAL,0,0,0.0,0.0,0.0,4.17,6.89,CENTER_DUAL,367.3,47.3,1.0,,
17:32:45.065,4.2,MANUAL,0,0,0.0,0.0,0.0,4.17,6.89,CENTER_DUAL,364.5,44.5,1.0,,
17:32:46.185,4.6,MANUAL,0,0,0.0,0.0,0.0,4.17,6.89,CENTER_DUAL,360.7,40.7,1.0,,
17:32:47.223,4.6,MANUAL,0,0,0.0,0.0,0.0,4.17,6.89,CENTER_DUAL,371.0,51.0,1.0,,
17:32:48.319,4.6,MANUAL,0,0,0.0,0.0,0.0,4.17,6.89,CENTER_DUAL,376.9,56.9,1.0,,
17:32:49.377,4.9,MANUAL,0,0,0.0,0.0,0.0,4.17,6.89,CENTER_DUAL,377.6,57.6,1.0,,
17:32:50.471,4.3,MANUAL,0,0,0.0,0.0,0.0,4.17,6.89,CENTER_DUAL,383.6,63.6,1.0,,
17:32:51.561,4.6,MANUAL,0,0,0.0,0.0,0.0,4.17,6.89,CENTER_DUAL,392.8,72.8,1.0,,
17:32:52.595,4.7,MANUAL,0,0,0.0,0.0,0.0,4.17,6.89,CENTER_DUAL,396.8,76.8,1.0,,
17:32:53.631,4.9,MANUAL,0,0,0.0,0.0,0.0,4.17,6.89,CENTER_DUAL,404.7,84.7,1.0,,
17:32:54.665,4.9,MANUAL,0,0,0.0,0.0,0.0,4.17,6.89,CENTER_DUAL,414.2,94.2,1.0,,
17:32:55.675,4.9,MANUAL,0,0,0.0,0.0,0.0,4.17,6.89,CENTER_DUAL,394.8,74.8,1.0,,
17:32:56.800,5.3,MANUAL,0,0,0.0,0.0,0.0,4.17,6.89,CENTER_DUAL,387.7,67.7,1.0,,
17:32:57.945,5.3,MANUAL,0,0,0.0,0.0,0.0,4.17,6.89,CENTER_DUAL,415.3,95.3,1.0,,
17:32:58.958,5.3,MANUAL,0,0,0.0,0.0,0.0,4.17,6.89,CENTER_DUAL,299.4,-20.6,1.0,,
17:33:00.118,4.8,MANUAL,0,0,0.0,0.0,0.0,4.17,6.89,CENTER_DUAL,262.4,-57.6,1.0,,
17:33:01.300,5.3,MANUAL,0,0,0.0,0.0,0.0,4.17,6.89,CENTER_DUAL,261.2,-58.8,1.0,,
17:33:02.310,5.0,MANUAL,0,0,0.0,0.0,0.0,4.17,6.89,CENTER_DUAL,263.2,-56.8,1.0,,
17:33:03.470,4.9,MANUAL,0,0,0.0,0.0,0.0,4.17,6.89,CENTER_DUAL,264.2,-55.8,1.0,,
17:33:04.581,5.3,MANUAL,0,0,0.0,0.0,0.0,4.17,6.89,CENTER_DUAL,352.1,32.1,1.0,,
17:33:05.724,5.4,MANUAL,0,0,0.0,0.0,0.0,4.17,6.89,CENTER_DUAL,382.7,62.7,1.0,,
17:33:06.914,4.9,MANUAL,0,0,0.0,0.0,0.0,4.17,6.89,CENTER_DUAL,382.5,62.5,1.0,,
17:33:08.019,5.0,MANUAL,0,0,0.0,0.0,0.0,4.17,6.89,CENTER_DUAL,382.1,62.1,1.0,,
17:33:09.224,4.9,MANUAL,0,0,0.0,0.0,0.0,4.17,6.89,CENTER_DUAL,383.3,63.3,1.0,,
17:33:10.333,6.3,MANUAL,0,0,0.0,0.0,0.0,4.17,6.89,CENTER_DUAL,381.2,61.2,1.0,,
17:33:11.488,5.4,MANUAL,0,0,0.0,0.0,0.0,4.17,6.89,CENTER_DUAL,370.0,50.0,1.0,,
17:33:12.631,5.4,MANUAL,0,0,0.0,0.0,0.0,4.17,6.89,CENTER_DUAL,367.7,47.7,1.0,,
17:33:13.795,5.4,MANUAL,0,0,0.0,0.0,0.0,4.17,6.89,CENTER_DUAL,364.6,44.6,1.0,,
17:33:14.934,6.3,MANUAL,0,0,0.0,0.0,0.0,4.17,6.89,CENTER_DUAL,401.3,81.3,1.0,,
17:33:16.011,5.9,MANUAL,0,0,0.0,0.0,0.0,4.17,6.89,CENTER_DUAL,406.7,86.7,1.0,,
17:33:17.161,4.9,MANUAL,0,0,0.0,0.0,0.0,4.17,6.89,CENTER_DUAL,386.3,66.3,1.0,,
17:33:18.295,4.5,MANUAL,0,0,0.0,0.0,0.0,4.17,6.89,CENTER_DUAL,348.2,28.2,1.0,,
17:33:19.343,4.9,MANUAL,0,0,0.0,0.0,0.0,4.17,6.89,CENTER_DUAL,332.6,12.6,1.0,,
17:33:20.516,4.3,MANUAL,0,0,0.0,0.0,0.0,4.17,6.89,CENTER_DUAL,324.2,4.2,1.0,,
17:33:21.618,4.6,MANUAL,0,0,0.0,0.0,0.0,4.17,6.89,CENTER_DUAL,333.0,13.0,1.0,,
17:33:22.918,3.8,MANUAL,0,0,0.0,0.0,0.0,4.17,6.89,CENTER_DUAL,339.4,19.4,1.0,,
17:33:23.950,4.0,MANUAL,0,0,0.0,0.0,0.0,4.17,6.89,CENTER_DUAL,343.7,23.7,1.0,,
17:33:25.070,4.6,MANUAL,0,0,0.0,0.0,0.0,4.17,6.89,CENTER_DUAL,356.7,36.7,1.0,,
17:33:26.187,4.6,MANUAL,0,0,0.0,0.0,0.0,4.17,6.89,CENTER_DUAL,363.5,43.5,1.0,,
17:33:27.220,4.9,MANUAL,0,0,0.0,0.0,0.0,4.17,6.89,CENTER_DUAL,364.2,44.2,1.0,,
17:33:28.316,4.5,MANUAL,0,0,0.0,0.0,0.0,4.17,6.89,CENTER_DUAL,352.1,32.1,1.0,,
17:33:29.405,4.7,MANUAL,0,0,0.0,0.0,0.0,4.17,6.89,CENTER_DUAL,343.8,23.8,1.0,,
17:33:30.488,4.6,MANUAL,0,0,0.0,0.0,0.0,4.17,6.89,CENTER_DUAL,343.2,23.2,1.0,,
17:33:31.601,4.5,MANUAL,0,0,0.0,0.0,0.0,4.17,6.89,CENTER_DUAL,345.7,25.7,1.0,,
17:33:32.625,4.9,MANUAL,0,0,0.0,0.0,0.0,4.17,6.89,CENTER_DUAL,354.5,34.5,1.0,,
17:33:33.782,4.9,MANUAL,0,0,0.0,0.0,0.0,4.17,6.89,CENTER_DUAL,340.2,20.2,1.0,,
17:33:34.822,5.7,MANUAL,0,0,0.0,0.0,0.0,4.17,6.89,CENTER_DUAL,329.2,9.2,1.0,,
17:33:35.863,5.9,MANUAL,0,0,0.0,0.0,0.0,4.17,6.89,CENTER_DUAL,294.0,-26.0,1.0,,
17:33:36.903,6.4,MANUAL,0,0,0.0,0.0,0.0,4.17,6.89,CENTER_DUAL,280.7,-39.3,1.0,,
17:33:38.031,7.2,MANUAL,0,0,0.0,0.0,0.0,4.17,6.89,CENTER_DUAL,293.5,-26.5,1.0,,
17:33:39.073,5.9,MANUAL,0,0,0.0,0.0,0.0,4.17,6.89,CENTER_DUAL,292.3,-27.7,1.0,,
17:33:40.219,6.4,MANUAL,0,0,0.0,0.0,0.0,4.17,6.89,CENTER_DUAL,282.0,-38.0,1.0,,
17:33:41.358,6.5,MANUAL,0,0,0.0,0.0,0.0,4.17,6.89,CENTER_DUAL,280.1,-39.9,1.0,,
17:33:42.361,6.4,MANUAL,0,0,0.0,0.0,0.0,4.17,6.89,CENTER_DUAL,279.9,-40.1,1.0,,
17:33:43.528,5.4,MANUAL,0,0,0.0,0.0,0.0,4.17,6.89,CENTER_DUAL,279.7,-40.3,1.0,,
17:33:44.610,5.9,MANUAL,0,0,0.0,0.0,0.0,4.17,6.89,CENTER_DUAL,279.9,-40.1,1.0,,
17:33:45.654,6.4,MANUAL,0,0,0.0,0.0,0.0,4.17,6.89,CENTER_DUAL,270.9,-49.1,1.0,,
17:33:46.658,5.8,MANUAL,0,0,0.0,0.0,0.0,4.17,6.89,CENTER_DUAL,266.3,-53.7,1.0,,
17:33:47.753,6.5,MANUAL,0,0,0.0,0.0,0.0,4.17,6.89,CENTER_DUAL,268.9,-51.1,1.0,,
17:33:48.813,5.3,MANUAL,0,0,0.0,0.0,0.0,4.17,6.89,CENTER_DUAL,259.9,-60.1,1.0,,
17:33:49.897,5.8,MANUAL,0,0,0.0,0.0,0.0,4.17,6.89,CENTER_DUAL,238.9,-81.1,1.0,,
17:33:51.045,4.9,MANUAL,0,0,0.0,0.0,0.0,4.17,6.89,CENTER_DUAL,260.1,-59.9,1.0,,
17:33:52.050,4.9,MANUAL,0,0,0.0,0.0,0.0,4.17,6.89,CENTER_DUAL,316.9,-3.1,1.0,,
17:33:53.085,4.9,MANUAL,0,0,0.0,0.0,0.0,4.17,6.89,CENTER_DUAL,339.0,19.0,1.0,,
17:33:54.108,4.6,MANUAL,0,0,0.0,0.0,0.0,4.17,6.89,CENTER_DUAL,341.9,21.9,1.0,,
17:33:55.131,4.9,MANUAL,0,0,0.0,0.0,0.0,4.17,6.89,CENTER_DUAL,323.8,3.8,1.0,,
17:33:56.165,4.3,MANUAL,0,0,0.0,0.0,0.0,4.17,6.89,CENTER_DUAL,314.1,-5.9,1.0,,
17:33:57.318,5.3,MANUAL,0,0,0.0,0.0,0.0,4.17,6.89,RIGHT_LANE_ONLY,345.9,25.9,0.5,,
17:33:58.455,5.4,MANUAL,0,0,0.0,0.0,0.0,4.17,6.89,RIGHT_LANE_ONLY,343.5,23.5,0.5,,
17:33:59.573,5.9,MANUAL,0,0,0.0,0.0,0.0,4.17,6.89,RIGHT_LANE_ONLY,330.3,10.3,0.5,,
17:34:00.692,5.4,MANUAL,0,0,0.0,0.0,0.0,4.17,6.89,CENTER_DUAL,294.7,-25.3,1.0,,
17:34:01.847,4.9,MANUAL,0,0,0.0,0.0,0.0,4.17,6.89,CENTER_DUAL,285.9,-34.1,1.0,,
17:34:02.995,5.4,MANUAL,0,0,0.0,0.0,0.0,4.17,6.89,CENTER_DUAL,283.2,-36.8,1.0,,
17:34:04.067,5.8,MANUAL,0,0,0.0,0.0,0.0,4.17,6.89,CENTER_DUAL,284.8,-35.2,1.0,,
17:34:05.180,6.4,MANUAL,0,0,0.0,0.0,0.0,4.17,6.89,CENTER_DUAL,240.0,-80.0,1.0,,
17:34:06.322,5.9,MANUAL,0,0,0.0,0.0,0.0,4.17,6.89,CENTER_DUAL,227.4,-92.6,1.0,,
17:34:07.338,6.4,MANUAL,0,0,0.0,0.0,0.0,4.17,6.89,CENTER_DUAL,231.7,-88.3,1.0,,
17:34:08.530,4.6,MANUAL,0,0,0.0,0.0,0.0,4.17,6.89,CENTER_DUAL,259.1,-60.9,1.0,,
17:34:09.538,5.0,MANUAL,0,0,0.0,0.0,0.0,4.17,6.89,CENTER_DUAL,249.3,-70.7,1.0,,
17:34:10.544,5.0,MANUAL,0,0,0.0,0.0,0.0,4.17,6.89,CENTER_DUAL,258.2,-61.8,1.0,,
17:34:11.700,5.3,MANUAL,0,0,0.0,0.0,0.0,4.17,6.89,CENTER_DUAL,247.9,-72.1,1.0,,
17:34:12.898,5.0,MANUAL,0,0,0.0,0.0,0.0,4.17,6.89,CENTER_DUAL,253.0,-67.0,1.0,,
17:34:14.058,5.4,MANUAL,0,0,0.0,0.0,0.0,4.17,6.89,CENTER_DUAL,279.7,-40.3,1.0,,
17:34:15.184,5.8,MANUAL,0,0,0.0,0.0,0.0,4.17,6.89,CENTER_DUAL,292.5,-27.5,1.0,,
17:34:16.236,5.9,MANUAL,0,0,0.0,0.0,0.0,4.17,6.89,CENTER_DUAL,300.8,-19.2,1.0,,
17:34:17.359,5.4,MANUAL,0,0,0.0,0.0,0.0,4.17,6.89,RIGHT_LANE_ONLY,307.0,-13.0,0.5,,
17:34:18.467,5.9,MANUAL,0,0,0.0,0.0,0.0,4.17,6.89,CENTER_DUAL,276.5,-43.5,1.0,,
17:34:19.536,6.4,MANUAL,0,0,0.0,0.0,0.0,4.17,6.89,CENTER_DUAL,275.2,-44.8,1.0,,
17:34:20.647,5.9,MANUAL,0,0,0.0,0.0,0.0,4.17,6.89,CENTER_DUAL,278.8,-41.2,1.0,,
17:34:21.648,6.4,MANUAL,0,0,0.0,0.0,0.0,4.17,6.89,CENTER_DUAL,279.2,-40.8,1.0,,
17:34:22.728,6.4,MANUAL,0,0,0.0,0.0,0.0,4.17,6.89,CENTER_DUAL,278.7,-41.3,1.0,,
17:34:23.741,7.2,MANUAL,0,0,0.0,0.0,0.0,4.17,6.89,CENTER_DUAL,271.2,-48.8,1.0,,
17:34:24.786,6.4,MANUAL,0,0,0.0,0.0,0.0,4.17,6.89,CENTER_DUAL,268.6,-51.4,1.0,,
17:34:25.847,6.4,MANUAL,0,0,0.0,0.0,0.0,4.17,6.89,CENTER_DUAL,271.8,-48.2,1.0,,
17:34:26.857,7.1,MANUAL,0,0,0.0,0.0,0.0,4.17,6.89,CENTER_DUAL,280.6,-39.4,1.0,,
17:34:27.872,6.5,MANUAL,0,0,0.0,0.0,0.0,4.17,6.89,CENTER_DUAL,291.5,-28.5,1.0,,
17:34:28.950,6.5,MANUAL,0,0,0.0,0.0,0.0,4.17,6.89,CENTER_DUAL,292.2,-27.8,1.0,,
17:34:30.001,6.5,MANUAL,0,0,0.0,0.0,0.0,4.17,6.89,CENTER_DUAL,292.6,-27.4,1.0,,
17:34:31.159,5.8,MANUAL,0,0,0.0,0.0,0.0,4.17,6.89,CENTER_DUAL,290.2,-29.8,1.0,,
17:34:32.228,5.4,MANUAL,0,0,0.0,0.0,0.0,4.17,6.89,CENTER_DUAL,296.2,-23.8,1.0,,
17:34:33.346,5.3,MANUAL,0,0,0.0,0.0,0.0,4.17,6.89,CENTER_DUAL,322.3,2.3,1.0,,
17:34:34.447,5.7,MANUAL,0,0,0.0,0.0,0.0,4.17,6.89,CENTER_DUAL,324.6,4.6,1.0,,
17:34:35.570,5.3,MANUAL,0,0,0.0,0.0,0.0,4.17,6.89,CENTER_DUAL,325.1,5.1,1.0,,
17:34:36.687,5.4,MANUAL,0,0,0.0,0.0,0.0,4.17,6.89,CENTER_DUAL,321.1,1.1,1.0,,
17:34:37.781,5.4,MANUAL,0,0,0.0,0.0,0.0,4.17,6.89,CENTER_DUAL,321.8,1.8,1.0,,
17:34:38.886,4.6,MANUAL,0,0,0.0,0.0,0.0,4.17,6.89,CENTER_DUAL,319.6,-0.4,1.0,,
17:34:39.976,5.3,MANUAL,0,0,0.0,0.0,0.0,4.17,6.89,CENTER_DUAL,315.0,-5.0,1.0,,
17:34:41.107,4.9,MANUAL,0,0,0.0,0.0,0.0,4.17,6.89,CENTER_DUAL,324.5,4.5,1.0,,
17:34:42.281,4.9,MANUAL,0,0,0.0,0.0,0.0,4.17,6.89,CENTER_DUAL,298.4,-21.6,1.0,,
17:34:43.319,5.0,MANUAL,0,0,0.0,0.0,0.0,4.17,6.89,CENTER_DUAL,296.5,-23.5,1.0,,
17:34:44.463,5.4,MANUAL,0,0,0.0,0.0,0.0,4.17,6.89,CENTER_DUAL,280.0,-40.0,1.0,,
17:34:45.514,5.8,MANUAL,0,0,0.0,0.0,0.0,4.17,6.89,CENTER_DUAL,230.9,-89.1,1.0,,
17:34:46.640,6.5,MANUAL,0,0,0.0,0.0,0.0,4.17,6.89,CENTER_DUAL,222.7,-97.3,1.0,,
17:34:47.775,5.3,MANUAL,0,0,0.0,0.0,0.0,4.17,6.89,CENTER_DUAL,223.5,-96.5,1.0,,
17:34:48.841,5.8,MANUAL,0,0,0.0,0.0,0.0,4.17,6.89,CENTER_DUAL,225.6,-94.4,1.0,,
17:34:50.019,5.4,MANUAL,0,0,0.0,0.0,0.0,4.17,6.89,CENTER_DUAL,225.8,-94.2,1.0,,
17:34:51.056,5.8,MANUAL,0,0,0.0,0.0,0.0,4.17,6.89,CENTER_DUAL,245.2,-74.8,1.0,,
17:34:52.156,5.8,MANUAL,0,0,0.0,0.0,0.0,4.17,6.89,CENTER_DUAL,250.1,-69.9,1.0,,
17:34:53.274,5.3,MANUAL,0,0,0.0,0.0,0.0,4.17,6.89,CENTER_DUAL,249.6,-70.4,1.0,,
17:34:54.348,5.3,MANUAL,0,0,0.0,0.0,0.0,4.17,6.89,CENTER_DUAL,248.9,-71.1,1.0,,
17:34:55.473,5.3,MANUAL,0,0,0.0,0.0,0.0,4.17,6.89,CENTER_DUAL,248.3,-71.7,1.0,,
17:34:56.593,5.3,MANUAL,0,0,0.0,0.0,0.0,4.17,6.89,CENTER_DUAL,248.9,-71.1,1.0,,
17:34:57.726,4.9,MANUAL,0,0,0.0,0.0,0.0,4.17,6.89,CENTER_DUAL,250.1,-69.9,1.0,,
17:34:58.796,5.8,MANUAL,0,0,0.0,0.0,0.0,4.17,6.89,CENTER_DUAL,246.5,-73.5,1.0,,
17:34:59.871,5.9,MANUAL,0,0,0.0,0.0,0.0,4.17,6.89,CENTER_DUAL,250.5,-69.5,1.0,,
17:35:00.912,5.5,MANUAL,0,0,0.0,0.0,0.0,4.17,6.89,CENTER_DUAL,250.5,-69.5,1.0,,
17:35:01.976,5.5,MANUAL,0,0,0.0,0.0,0.0,4.17,6.89,CENTER_DUAL,248.7,-71.3,1.0,,
17:35:03.072,5.4,MANUAL,0,0,0.0,0.0,0.0,4.17,6.89,CENTER_DUAL,248.6,-71.4,1.0,,
17:35:04.228,5.4,MANUAL,0,0,0.0,0.0,0.0,4.17,6.89,CENTER_DUAL,242.2,-77.8,1.0,,
17:35:05.348,4.9,MANUAL,0,0,0.0,0.0,0.0,4.17,6.89,CENTER_DUAL,242.0,-78.0,1.0,,
17:35:06.357,5.8,MANUAL,0,0,0.0,0.0,0.0,4.17,6.89,CENTER_DUAL,244.5,-75.5,1.0,,
17:35:07.514,4.9,MANUAL,0,0,0.0,0.0,0.0,4.17,6.89,CENTER_DUAL,244.1,-75.9,1.0,,
17:35:08.601,6.5,MANUAL,0,0,0.0,0.0,0.0,4.17,6.89,CENTER_DUAL,217.9,-102.1,1.0,,
17:35:09.698,6.4,MANUAL,0,0,0.0,0.0,0.0,4.17,6.89,CENTER_DUAL,211.6,-108.4,1.0,,
17:35:10.805,5.8,MANUAL,0,0,0.0,0.0,0.0,4.17,6.89,CENTER_DUAL,210.2,-109.8,1.0,,
17:35:11.953,5.9,MANUAL,0,0,0.0,0.0,0.0,4.17,6.89,CENTER_DUAL,209.2,-110.8,1.0,,
17:35:13.064,6.4,MANUAL,0,0,0.0,0.0,0.0,4.17,6.89,CENTER_DUAL,208.4,-111.6,1.0,,
17:35:14.173,6.4,MANUAL,0,0,0.0,0.0,0.0,4.17,6.89,CENTER_DUAL,207.8,-112.2,1.0,,
17:35:15.291,5.9,MANUAL,0,0,0.0,0.0,0.0,4.17,6.89,CENTER_DUAL,206.5,-113.5,1.0,,
17:35:16.375,6.4,MANUAL,0,0,0.0,0.0,0.0,4.17,6.89,CENTER_DUAL,203.6,-116.4,1.0,,
17:35:17.449,6.4,MANUAL,0,0,0.0,0.0,0.0,4.17,6.89,CENTER_DUAL,200.7,-119.3,1.0,,
17:35:18.546,6.4,MANUAL,0,0,0.0,0.0,0.0,4.17,6.89,CENTER_DUAL,199.7,-120.3,1.0,,
17:35:19.637,6.5,MANUAL,0,0,0.0,0.0,0.0,4.17,6.89,CENTER_DUAL,199.7,-120.3,1.0,,
17:35:20.733,6.5,MANUAL,0,0,0.0,0.0,0.0,4.17,6.89,CENTER_DUAL,199.9,-120.1,1.0,,
17:35:21.828,6.4,MANUAL,0,0,0.0,0.0,0.0,4.17,6.89,CENTER_DUAL,199.8,-120.2,1.0,,
17:35:22.910,6.5,MANUAL,0,0,0.0,0.0,0.0,4.17,6.89,CENTER_DUAL,199.4,-120.6,1.0,,
17:35:23.998,6.4,MANUAL,0,0,0.0,0.0,0.0,4.17,6.89,CENTER_DUAL,199.4,-120.6,1.0,,
17:35:25.094,6.5,MANUAL,0,0,0.0,0.0,0.0,4.17,6.89,CENTER_DUAL,200.3,-119.7,1.0,,
17:35:26.204,6.4,MANUAL,0,0,0.0,0.0,0.0,4.17,6.89,RIGHT_LANE_ONLY,187.3,-132.7,0.5,,
17:35:27.254,7.3,MANUAL,0,0,0.0,0.0,0.0,4.17,6.89,CENTER_DUAL,274.0,-46.0,1.0,,
17:35:28.299,6.5,MANUAL,0,0,0.0,0.0,0.0,4.17,6.89,LEFT_LANE_ONLY,271.9,-48.1,0.5,,
17:35:29.378,6.4,MANUAL,0,0,0.0,0.0,0.0,4.17,6.89,CENTER_DUAL,204.0,-116.0,1.0,,
17:35:30.493,6.5,MANUAL,0,0,0.0,0.0,0.0,4.17,6.89,CENTER_DUAL,219.6,-100.4,1.0,,
17:35:31.614,6.5,MANUAL,0,0,0.0,0.0,0.0,4.17,6.89,CENTER_DUAL,202.7,-117.3,1.0,,
17:35:32.705,6.4,MANUAL,0,0,0.0,0.0,0.0,4.17,6.89,CENTER_DUAL,189.1,-130.9,1.0,,
17:35:33.797,6.4,MANUAL,0,0,0.0,0.0,0.0,4.17,6.89,CENTER_DUAL,187.9,-132.1,1.0,,
17:35:34.896,6.4,MANUAL,0,0,0.0,0.0,0.0,4.17,6.89,RIGHT_LANE_ONLY,184.1,-135.9,0.5,,
17:35:36.032,6.3,MANUAL,0,0,0.0,0.0,0.0,4.17,6.89,CENTER_DUAL,191.3,-128.7,1.0,,
17:35:37.080,6.3,MANUAL,0,0,0.0,0.0,0.0,4.17,6.89,CENTER_DUAL,231.2,-88.8,1.0,,
17:35:38.122,5.8,MANUAL,0,0,0.0,0.0,0.0,4.17,6.89,LEFT_LANE_ONLY,171.2,-148.8,0.5,,
17:35:39.133,4.3,MANUAL,0,0,0.0,0.0,0.0,4.17,6.89,RIGHT_LANE_ONLY,169.1,-150.9,0.5,,
17:35:40.170,6.4,MANUAL,0,0,0.0,0.0,0.0,4.17,6.89,LEFT_LANE_ONLY,304.5,-15.5,0.5,,
17:35:41.307,6.4,MANUAL,0,0,0.0,0.0,0.0,4.17,6.89,CENTER_DUAL,174.4,-145.6,1.0,,
17:35:42.373,6.4,MANUAL,0,0,0.0,0.0,0.0,4.17,6.89,CENTER_DUAL,208.3,-111.7,1.0,,
17:35:43.394,8.0,MANUAL,0,0,0.0,0.0,0.0,4.17,6.89,CENTER_DUAL,168.6,-151.4,1.0,,
17:35:44.493,5.4,MANUAL,0,0,0.0,0.0,0.0,4.17,6.89,CENTER_DUAL,260.0,-60.0,1.0,,
17:35:45.623,6.2,MANUAL,0,0,0.0,0.0,0.0,4.17,6.89,CENTER_DUAL,367.4,47.4,1.0,,
17:35:46.786,5.9,MANUAL,0,0,0.0,0.0,0.0,4.17,6.89,CENTER_DUAL,220.4,-99.6,1.0,,
17:35:47.924,5.8,MANUAL,0,0,0.0,0.0,0.0,4.17,6.89,LEFT_LANE_ONLY,311.6,-8.4,0.5,,
17:35:49.055,5.8,MANUAL,0,0,0.0,0.0,0.0,4.17,6.89,CENTER_DUAL,219.6,-100.4,1.0,,
17:35:50.064,7.2,MANUAL,0,0,0.0,0.0,0.0,4.17,6.89,CENTER_DUAL,193.4,-126.6,1.0,,
17:35:51.178,6.4,MANUAL,0,0,0.0,0.0,0.0,4.17,6.89,CENTER_DUAL,176.5,-143.5,1.0,,
17:35:52.267,6.5,MANUAL,0,0,0.0,0.0,0.0,4.17,6.89,CENTER_DUAL,172.1,-147.9,1.0,,
17:35:53.418,6.4,MANUAL,0,0,0.0,0.0,0.0,4.17,6.89,CENTER_DUAL,166.1,-153.9,1.0,,
17:35:54.558,5.8,MANUAL,0,0,0.0,0.0,0.0,4.17,6.89,CENTER_DUAL,163.7,-156.3,1.0,,
17:35:55.603,7.1,MANUAL,0,0,0.0,0.0,0.0,4.17,6.89,CENTER_DUAL,147.2,-172.8,1.0,,
17:35:56.626,7.1,MANUAL,0,0,0.0,0.0,0.0,4.17,6.89,CENTER_DUAL,345.2,25.2,1.0,,
17:35:57.660,6.4,MANUAL,0,0,0.0,0.0,0.0,4.17,6.89,CENTER_DUAL,361.2,41.2,1.0,,
17:35:58.763,6.3,MANUAL,0,0,0.0,0.0,0.0,4.17,6.89,CENTER_DUAL,351.4,31.4,1.0,,
17:35:59.817,6.4,MANUAL,0,0,0.0,0.0,0.0,4.17,6.89,CENTER_DUAL,326.1,6.1,1.0,,
17:36:00.923,4.6,MANUAL,0,0,0.0,0.0,0.0,4.17,6.89,CENTER_DUAL,340.3,20.3,1.0,,
17:36:02.078,5.0,MANUAL,0,0,0.0,0.0,0.0,4.17,6.89,CENTER_DUAL,345.7,25.7,1.0,,
17:36:03.120,6.4,MANUAL,0,0,0.0,0.0,0.0,4.17,6.89,CENTER_DUAL,362.0,42.0,1.0,,
17:36:04.123,7.0,MANUAL,0,0,0.0,0.0,0.0,4.17,6.89,CENTER_DUAL,356.5,36.5,1.0,,
17:36:05.126,7.1,MANUAL,0,0,0.0,0.0,0.0,4.17,6.89,CENTER_DUAL,339.7,19.7,1.0,,
17:36:06.161,6.4,MANUAL,0,0,0.0,0.0,0.0,4.17,6.89,CENTER_DUAL,347.5,27.5,1.0,,
17:36:07.292,7.0,MANUAL,0,0,0.0,0.0,0.0,4.17,6.89,CENTER_DUAL,364.1,44.1,1.0,,
17:36:08.310,7.2,MANUAL,0,0,0.0,0.0,0.0,4.17,6.89,CENTER_DUAL,370.7,50.7,1.0,,
17:36:09.327,7.0,MANUAL,0,0,0.0,0.0,0.0,4.17,6.89,CENTER_DUAL,377.7,57.7,1.0,,
17:36:10.401,6.5,MANUAL,0,0,0.0,0.0,0.0,4.17,6.89,CENTER_DUAL,378.8,58.8,1.0,,
17:36:11.552,7.1,MANUAL,0,0,0.0,0.0,0.0,4.17,6.89,CENTER_DUAL,380.1,60.1,1.0,,
17:36:12.597,6.5,MANUAL,0,0,0.0,0.0,0.0,4.17,6.89,CENTER_DUAL,386.2,66.2,1.0,,
17:36:13.683,6.5,MANUAL,0,0,0.0,0.0,0.0,4.17,6.89,CENTER_DUAL,405.1,85.1,1.0,,
17:36:14.710,7.2,MANUAL,0,0,0.0,0.0,0.0,4.17,6.89,CENTER_DUAL,507.0,187.0,1.0,,
17:36:15.846,7.3,MANUAL,0,0,0.0,0.0,0.0,4.17,6.89,CENTER_DUAL,451.4,131.4,1.0,,
17:36:16.952,7.1,MANUAL,0,0,0.0,0.0,0.0,4.17,6.89,CENTER_DUAL,301.6,-18.4,1.0,,
17:36:17.952,6.4,MANUAL,0,0,0.0,0.0,0.0,4.17,6.89,CENTER_DUAL,242.3,-77.7,1.0,,
17:36:19.033,6.3,MANUAL,0,0,0.0,0.0,0.0,4.17,6.89,CENTER_DUAL,229.3,-90.7,1.0,,
17:36:20.082,6.4,MANUAL,0,0,0.0,0.0,0.0,4.17,6.89,CENTER_DUAL,202.4,-117.6,1.0,,
17:36:21.177,7.1,MANUAL,0,0,0.0,0.0,0.0,4.17,6.89,CENTER_DUAL,211.8,-108.2,1.0,,
17:36:22.253,7.1,MANUAL,0,0,0.0,0.0,0.0,4.17,6.89,CENTER_DUAL,231.6,-88.4,1.0,,
17:36:23.351,8.0,MANUAL,0,0,0.0,0.0,0.0,4.17,6.89,CENTER_DUAL,258.1,-61.9,1.0,,
17:36:24.390,7.2,MANUAL,0,0,0.0,0.0,0.0,4.17,6.89,CENTER_DUAL,246.8,-73.2,1.0,,
17:36:25.458,7.1,MANUAL,0,0,0.0,0.0,0.0,4.17,6.89,CENTER_DUAL,247.0,-73.0,1.0,,
17:36:26.572,7.1,MANUAL,0,0,0.0,0.0,0.0,4.17,6.89,CENTER_DUAL,253.4,-66.6,1.0,,
17:36:27.660,8.1,MANUAL,0,0,0.0,0.0,0.0,4.17,6.89,CENTER_DUAL,247.3,-72.7,1.0,,
17:36:28.722,8.0,MANUAL,0,0,0.0,0.0,0.0,4.17,6.89,CENTER_DUAL,210.7,-109.3,1.0,,
17:36:29.784,7.9,MANUAL,0,0,0.0,0.0,0.0,4.17,6.89,CENTER_DUAL,248.4,-71.6,1.0,,
17:36:30.846,7.2,MANUAL,0,0,0.0,0.0,0.0,4.17,6.89,CENTER_DUAL,252.9,-67.1,1.0,,
17:36:31.896,7.1,MANUAL,0,0,0.0,0.0,0.0,4.17,6.89,CENTER_DUAL,263.6,-56.4,1.0,,
17:36:32.983,8.0,MANUAL,0,0,0.0,0.0,0.0,4.17,6.89,CENTER_DUAL,273.9,-46.1,1.0,,
17:36:34.104,7.1,MANUAL,0,0,0.0,0.0,0.0,4.17,6.89,CENTER_DUAL,276.7,-43.3,1.0,,
17:36:35.186,7.8,MANUAL,0,0,0.0,0.0,0.0,4.17,6.89,CENTER_DUAL,263.8,-56.2,1.0,,
17:36:36.225,7.9,MANUAL,0,0,0.0,0.0,0.0,4.17,6.89,CENTER_DUAL,134.4,-185.6,1.0,,
17:36:37.233,7.1,MANUAL,0,0,0.0,0.0,0.0,4.17,6.89,CENTER_DUAL,282.2,-37.8,1.0,,
17:36:38.277,6.4,MANUAL,0,0,0.0,0.0,0.0,4.17,6.89,LEFT_LANE_ONLY,282.1,-37.9,0.5,,
17:36:39.350,8.0,MANUAL,0,0,0.0,0.0,0.0,4.17,6.89,CENTER_DUAL,352.7,32.7,1.0,,
17:36:40.408,7.2,MANUAL,0,0,0.0,0.0,0.0,4.17,6.89,CENTER_DUAL,403.4,83.4,1.0,,
17:36:41.449,6.5,MANUAL,0,0,0.0,0.0,0.0,4.17,6.89,LEFT_LANE_ONLY,248.1,-71.9,0.5,,
17:36:42.495,7.1,MANUAL,0,0,0.0,0.0,0.0,4.17,6.89,CENTER_DUAL,249.0,-71.0,1.0,,
17:36:43.640,6.5,MANUAL,0,0,0.0,0.0,0.0,4.17,6.89,CENTER_DUAL,230.3,-89.7,1.0,,
17:36:44.693,7.2,MANUAL,0,0,0.0,0.0,0.0,4.17,6.89,CENTER_DUAL,241.3,-78.7,1.0,,
17:36:45.859,4.9,MANUAL,0,0,0.0,0.0,0.0,4.17,6.89,LEFT_LANE_ONLY,271.7,-48.3,0.5,,
17:36:46.890,6.4,MANUAL,0,0,0.0,0.0,0.0,4.17,6.89,RIGHT_LANE_ONLY,139.7,-180.3,0.5,,
17:36:47.900,8.0,MANUAL,0,0,0.0,0.0,0.0,4.17,6.89,CENTER_DUAL,179.2,-140.8,1.0,,
17:36:49.043,6.3,MANUAL,0,0,0.0,0.0,0.0,4.17,6.89,CENTER_DUAL,206.0,-114.0,1.0,,
17:36:50.124,5.4,MANUAL,0,0,0.0,0.0,0.0,4.17,6.89,CENTER_DUAL,271.4,-48.6,1.0,,
17:36:51.255,7.1,MANUAL,0,0,0.0,0.0,0.0,4.17,6.89,CENTER_DUAL,333.1,13.1,1.0,,
17:36:52.406,6.3,MANUAL,0,0,0.0,0.0,0.0,4.17,6.89,LEFT_LANE_ONLY,329.4,9.4,0.5,,
17:36:53.501,7.1,MANUAL,0,0,0.0,0.0,0.0,4.17,6.89,CENTER_DUAL,169.9,-150.1,1.0,,
17:36:54.536,7.9,MANUAL,0,0,0.0,0.0,0.0,4.17,6.89,CENTER_DUAL,164.1,-155.9,1.0,,
17:36:55.575,6.4,MANUAL,0,0,0.0,0.0,0.0,4.17,6.89,RIGHT_LANE_ONLY,169.2,-150.8,0.5,,
17:36:56.688,5.9,MANUAL,0,0,0.0,0.0,0.0,4.17,6.89,CENTER_DUAL,219.0,-101.0,1.0,,
17:36:57.763,5.8,MANUAL,0,0,0.0,0.0,0.0,4.17,6.89,CENTER_DUAL,237.6,-82.4,1.0,,
17:36:58.808,5.8,MANUAL,0,0,0.0,0.0,0.0,4.17,6.89,CENTER_DUAL,311.7,-8.3,1.0,,
17:36:59.904,5.3,MANUAL,0,0,0.0,0.0,0.0,4.17,6.89,CENTER_DUAL,358.0,38.0,1.0,,
17:37:00.915,5.0,MANUAL,0,0,0.0,0.0,0.0,4.17,6.89,CENTER_DUAL,372.8,52.8,1.0,,
17:37:02.051,5.3,MANUAL,0,0,0.0,0.0,0.0,4.17,6.89,CENTER_DUAL,383.2,63.2,1.0,,
17:37:03.166,5.4,MANUAL,0,0,0.0,0.0,0.0,4.17,6.89,CENTER_DUAL,386.6,66.6,1.0,,
17:37:04.291,5.3,MANUAL,0,0,0.0,0.0,0.0,4.17,6.89,CENTER_DUAL,372.6,52.6,1.0,,
17:37:05.452,5.0,MANUAL,0,0,0.0,0.0,0.0,4.17,6.89,CENTER_DUAL,368.4,48.4,1.0,,
17:37:06.633,5.0,MANUAL,0,0,0.0,0.0,0.0,4.17,6.89,CENTER_DUAL,367.9,47.9,1.0,,
17:37:07.784,5.0,MANUAL,0,0,0.0,0.0,0.0,4.17,6.89,CENTER_DUAL,368.3,48.3,1.0,,
17:37:08.958,4.9,MANUAL,0,0,0.0,0.0,0.0,4.17,6.89,CENTER_DUAL,369.0,49.0,1.0,,
17:37:10.123,4.9,MANUAL,0,0,0.0,0.0,0.0,4.17,6.89,CENTER_DUAL,375.9,55.9,1.0,,
17:37:11.282,5.3,MANUAL,0,0,0.0,0.0,0.0,4.17,6.89,CENTER_DUAL,380.2,60.2,1.0,,
17:37:12.413,5.3,MANUAL,0,0,0.0,0.0,0.0,4.17,6.89,CENTER_DUAL,380.7,60.7,1.0,,
17:37:13.569,4.9,MANUAL,0,0,0.0,0.0,0.0,4.17,6.89,CENTER_DUAL,371.0,51.0,1.0,,
17:37:14.733,5.4,MANUAL,0,0,0.0,0.0,0.0,4.17,6.89,CENTER_DUAL,357.0,37.0,1.0,,
17:37:15.896,5.4,MANUAL,0,0,0.0,0.0,0.0,4.17,6.89,CENTER_DUAL,352.6,32.6,1.0,,
17:37:16.902,5.0,MANUAL,0,0,0.0,0.0,0.0,4.17,6.89,CENTER_DUAL,340.0,20.0,1.0,,
17:37:17.927,4.6,MANUAL,0,0,0.0,0.0,0.0,4.17,6.89,CENTER_DUAL,332.5,12.5,1.0,,
17:37:19.068,4.3,MANUAL,0,0,0.0,0.0,0.0,4.17,6.89,CENTER_DUAL,334.6,14.6,1.0,,
17:37:20.336,4.3,MANUAL,0,0,0.0,0.0,0.0,4.17,6.89,CENTER_DUAL,347.7,27.7,1.0,,
17:37:21.481,4.9,MANUAL,0,0,0.0,0.0,0.0,4.17,6.89,CENTER_DUAL,358.8,38.8,1.0,,
17:37:22.615,4.6,MANUAL,0,0,0.0,0.0,0.0,4.17,6.89,CENTER_DUAL,364.7,44.7,1.0,,
17:37:23.675,4.6,MANUAL,0,0,0.0,0.0,0.0,4.17,6.89,CENTER_DUAL,364.3,44.3,1.0,,
17:37:24.754,4.6,MANUAL,0,0,0.0,0.0,0.0,4.17,6.89,CENTER_DUAL,363.9,43.9,1.0,,
17:37:25.841,4.6,MANUAL,0,0,0.0,0.0,0.0,4.17,6.89,CENTER_DUAL,357.9,37.9,1.0,,
17:37:26.908,4.6,MANUAL,0,0,0.0,0.0,0.0,4.17,6.89,CENTER_DUAL,354.1,34.1,1.0,,
17:37:27.990,4.6,MANUAL,0,0,0.0,0.0,0.0,4.17,6.89,CENTER_DUAL,351.6,31.6,1.0,,
17:37:29.046,5.0,MANUAL,0,0,0.0,0.0,0.0,4.17,6.89,CENTER_DUAL,346.5,26.5,1.0,,
17:37:30.087,4.9,MANUAL,0,0,0.0,0.0,0.0,4.17,6.89,CENTER_DUAL,343.2,23.2,1.0,,
17:37:31.102,4.9,MANUAL,0,0,0.0,0.0,0.0,4.17,6.89,CENTER_DUAL,347.0,27.0,1.0,,
17:37:32.130,4.9,MANUAL,0,0,0.0,0.0,0.0,4.17,6.89,CENTER_DUAL,349.4,29.4,1.0,,
17:37:33.185,4.6,MANUAL,0,0,0.0,0.0,0.0,4.17,6.89,CENTER_DUAL,351.3,31.3,1.0,,
17:37:34.247,4.6,MANUAL,0,0,0.0,0.0,0.0,4.17,6.89,CENTER_DUAL,336.9,16.9,1.0,,
17:37:35.306,4.6,MANUAL,0,0,0.0,0.0,0.0,4.17,6.89,CENTER_DUAL,301.8,-18.2,1.0,,
17:37:36.405,4.6,MANUAL,0,0,0.0,0.0,0.0,4.17,6.89,CENTER_DUAL,288.1,-31.9,1.0,,
17:37:37.455,5.0,MANUAL,0,0,0.0,0.0,0.0,4.17,6.89,CENTER_DUAL,336.1,16.1,1.0,,
17:37:38.469,5.3,MANUAL,0,0,0.0,0.0,0.0,4.17,6.89,CENTER_DUAL,310.6,-9.4,1.0,,
17:37:39.472,5.3,MANUAL,0,0,0.0,0.0,0.0,4.17,6.89,CENTER_DUAL,304.1,-15.9,1.0,,
17:37:40.508,4.9,MANUAL,0,0,0.0,0.0,0.0,4.17,6.89,CENTER_DUAL,361.5,41.5,1.0,,
17:37:41.535,4.9,MANUAL,0,0,0.0,0.0,0.0,4.17,6.89,CENTER_DUAL,374.6,54.6,1.0,,
17:37:42.612,4.6,MANUAL,0,0,0.0,0.0,0.0,4.17,6.89,CENTER_DUAL,386.7,66.7,1.0,,
17:37:43.661,4.9,MANUAL,0,0,0.0,0.0,0.0,4.17,6.89,CENTER_DUAL,389.1,69.1,1.0,,
17:37:44.721,4.6,MANUAL,0,0,0.0,0.0,0.0,4.17,6.89,CENTER_DUAL,389.0,69.0,1.0,,
17:37:45.842,4.6,MANUAL,0,0,0.0,0.0,0.0,4.17,6.89,CENTER_DUAL,389.1,69.1,1.0,,
17:37:46.941,4.6,MANUAL,0,0,0.0,0.0,0.0,4.17,6.89,CENTER_DUAL,389.6,69.6,1.0,,
17:37:47.978,4.6,MANUAL,0,0,0.0,0.0,0.0,4.17,6.89,CENTER_DUAL,395.6,75.6,1.0,,
17:37:49.168,5.3,MANUAL,0,0,0.0,0.0,0.0,4.17,6.89,CENTER_DUAL,376.8,56.8,1.0,,
17:37:50.288,5.4,MANUAL,0,0,0.0,0.0,0.0,4.17,6.89,CENTER_DUAL,377.1,57.1,1.0,,
17:37:51.416,5.0,MANUAL,0,0,0.0,0.0,0.0,4.17,6.89,CENTER_DUAL,378.2,58.2,1.0,,
17:37:52.546,5.4,MANUAL,0,0,0.0,0.0,0.0,4.17,6.89,CENTER_DUAL,379.4,59.4,1.0,,
17:37:53.653,5.5,MANUAL,0,0,0.0,0.0,0.0,4.17,6.89,CENTER_DUAL,380.1,60.1,1.0,,
17:37:54.800,5.3,MANUAL,0,0,0.0,0.0,0.0,4.17,6.89,CENTER_DUAL,380.7,60.7,1.0,,
17:37:55.916,5.4,MANUAL,0,0,0.0,0.0,0.0,4.17,6.89,CENTER_DUAL,385.0,65.0,1.0,,
17:37:57.080,4.6,MANUAL,0,0,0.0,0.0,0.0,4.17,6.89,CENTER_DUAL,341.4,21.4,1.0,,
17:37:58.234,5.3,MANUAL,0,0,0.0,0.0,0.0,4.17,6.89,CENTER_DUAL,336.0,16.0,1.0,,
17:37:59.364,5.3,MANUAL,0,0,0.0,0.0,0.0,4.17,6.89,CENTER_DUAL,332.3,12.3,1.0,,
17:38:00.490,5.3,MANUAL,0,0,0.0,0.0,0.0,4.17,6.89,CENTER_DUAL,329.6,9.6,1.0,,
17:38:01.601,5.3,MANUAL,0,0,0.0,0.0,0.0,4.17,6.89,CENTER_DUAL,329.4,9.4,1.0,,
17:38:02.659,4.9,MANUAL,0,0,0.0,0.0,0.0,4.17,6.89,CENTER_DUAL,340.0,20.0,1.0,,
17:38:03.840,5.0,MANUAL,0,0,0.0,0.0,0.0,4.17,6.89,CENTER_DUAL,330.5,10.5,1.0,,
17:38:04.850,4.9,MANUAL,0,0,0.0,0.0,0.0,4.17,6.89,CENTER_DUAL,329.8,9.8,1.0,,
17:38:05.988,6.5,MANUAL,0,0,0.0,0.0,0.0,4.17,6.89,CENTER_DUAL,334.8,14.8,1.0,,
17:38:07.111,7.1,MANUAL,0,0,0.0,0.0,0.0,4.17,6.89,CENTER_DUAL,317.6,-2.4,1.0,,
17:38:08.178,6.4,MANUAL,0,0,0.0,0.0,0.0,4.17,6.89,CENTER_DUAL,310.9,-9.1,1.0,,
17:38:09.285,6.3,MANUAL,0,0,0.0,0.0,0.0,4.17,6.89,CENTER_DUAL,320.6,0.6,1.0,,
17:38:10.330,5.4,MANUAL,0,0,0.0,0.0,0.0,4.17,6.89,CENTER_DUAL,311.6,-8.4,1.0,,
17:38:11.485,5.4,MANUAL,0,0,0.0,0.0,0.0,4.17,6.89,CENTER_DUAL,319.9,-0.1,1.0,,
17:38:12.653,5.0,MANUAL,0,0,0.0,0.0,0.0,4.17,6.89,CENTER_DUAL,328.7,8.7,1.0,,
17:38:13.818,5.4,MANUAL,0,0,0.0,0.0,0.0,4.17,6.89,CENTER_DUAL,337.7,17.7,1.0,,
17:38:14.970,5.4,MANUAL,0,0,0.0,0.0,0.0,4.17,6.89,CENTER_DUAL,339.8,19.8,1.0,,
17:38:16.115,5.4,MANUAL,0,0,0.0,0.0,0.0,4.17,6.89,CENTER_DUAL,346.9,26.9,1.0,,
17:38:17.254,5.3,MANUAL,0,0,0.0,0.0,0.0,4.17,6.89,CENTER_DUAL,351.0,31.0,1.0,,
17:38:18.392,5.3,MANUAL,0,0,0.0,0.0,0.0,4.17,6.89,CENTER_DUAL,353.1,33.1,1.0,,
17:38:19.572,5.0,MANUAL,0,0,0.0,0.0,0.0,4.17,6.89,CENTER_DUAL,360.7,40.7,1.0,,
17:38:20.715,5.0,MANUAL,0,0,0.0,0.0,0.0,4.17,6.89,CENTER_DUAL,365.2,45.2,1.0,,
17:38:21.814,5.4,MANUAL,0,0,0.0,0.0,0.0,4.17,6.89,CENTER_DUAL,353.9,33.9,1.0,,
17:38:22.981,4.9,MANUAL,0,0,0.0,0.0,0.0,4.17,6.89,CENTER_DUAL,352.3,32.3,1.0,,
17:38:24.046,5.4,MANUAL,0,0,0.0,0.0,0.0,4.17,6.89,CENTER_DUAL,345.5,25.5,1.0,,
17:38:25.143,5.4,MANUAL,0,0,0.0,0.0,0.0,4.17,6.89,CENTER_DUAL,337.2,17.2,1.0,,
17:38:26.270,5.4,MANUAL,0,0,0.0,0.0,0.0,4.17,6.89,CENTER_DUAL,334.7,14.7,1.0,,
17:38:27.384,5.8,MANUAL,0,0,0.0,0.0,0.0,4.17,6.89,CENTER_DUAL,333.9,13.9,1.0,,
17:38:28.388,6.0,MANUAL,0,0,0.0,0.0,0.0,4.17,6.89,CENTER_DUAL,334.5,14.5,1.0,,
17:38:29.453,5.4,MANUAL,0,0,0.0,0.0,0.0,4.17,6.89,CENTER_DUAL,344.2,24.2,1.0,,
17:38:30.566,5.3,MANUAL,0,0,0.0,0.0,0.0,4.17,6.89,CENTER_DUAL,354.6,34.6,1.0,,
17:38:31.709,5.4,MANUAL,0,0,0.0,0.0,0.0,4.17,6.89,CENTER_DUAL,351.4,31.4,1.0,,
17:38:32.813,5.3,MANUAL,0,0,0.0,0.0,0.0,4.17,6.89,CENTER_DUAL,342.8,22.8,1.0,,
17:38:33.918,5.4,MANUAL,0,0,0.0,0.0,0.0,4.17,6.89,CENTER_DUAL,333.7,13.7,1.0,,
17:38:35.020,4.9,MANUAL,0,0,0.0,0.0,0.0,4.17,6.89,CENTER_DUAL,345.2,25.2,1.0,,
17:38:36.087,5.4,MANUAL,0,0,0.0,0.0,0.0,4.17,6.89,CENTER_DUAL,346.6,26.6,1.0,,
17:38:37.136,5.8,MANUAL,0,0,0.0,0.0,0.0,4.17,6.89,CENTER_DUAL,345.4,25.4,1.0,,
17:38:38.188,5.3,MANUAL,0,0,0.0,0.0,0.0,4.17,6.89,CENTER_DUAL,342.6,22.6,1.0,,
17:38:39.357,5.0,MANUAL,0,0,0.0,0.0,0.0,4.17,6.89,CENTER_DUAL,342.4,22.4,1.0,,
17:38:40.422,5.8,MANUAL,0,0,0.0,0.0,0.0,4.17,6.89,CENTER_DUAL,325.0,5.0,1.0,,
17:38:41.567,4.9,MANUAL,0,0,0.0,0.0,0.0,4.17,6.89,CENTER_DUAL,347.2,27.2,1.0,,
17:38:42.702,4.9,MANUAL,0,0,0.0,0.0,0.0,4.17,6.89,CENTER_DUAL,350.7,30.7,1.0,,
17:38:43.888,5.0,MANUAL,0,0,0.0,0.0,0.0,4.17,6.89,CENTER_DUAL,350.9,30.9,1.0,,
17:38:45.021,5.3,MANUAL,0,0,0.0,0.0,0.0,4.17,6.89,CENTER_DUAL,348.7,28.7,1.0,,
17:38:46.167,5.0,MANUAL,0,0,0.0,0.0,0.0,4.17,6.89,CENTER_DUAL,337.3,17.3,1.0,,
17:38:47.184,4.3,MANUAL,0,0,0.0,0.0,0.0,4.17,6.89,CENTER_DUAL,336.5,16.5,1.0,,
17:38:48.209,6.4,MANUAL,0,0,0.0,0.0,0.0,4.17,6.89,CENTER_DUAL,382.6,62.6,1.0,,
17:38:49.317,6.5,MANUAL,0,0,0.0,0.0,0.0,4.17,6.89,LEFT_LANE_ONLY,428.9,108.9,0.5,,
17:38:50.370,7.1,MANUAL,0,0,0.0,0.0,0.0,4.17,6.89,CENTER_DUAL,321.6,1.6,1.0,,
17:38:51.482,7.2,MANUAL,0,0,0.0,0.0,0.0,4.17,6.89,CENTER_DUAL,255.0,-65.0,1.0,,
17:38:52.566,5.9,MANUAL,0,0,0.0,0.0,0.0,4.17,6.89,CENTER_DUAL,297.1,-22.9,1.0,,
17:38:53.658,6.4,MANUAL,0,0,0.0,0.0,0.0,4.17,6.89,CENTER_DUAL,305.6,-14.4,1.0,,
17:38:54.771,7.1,MANUAL,0,0,0.0,0.0,0.0,4.17,6.89,CENTER_DUAL,314.8,-5.2,1.0,,
17:38:55.795,7.1,MANUAL,0,0,0.0,0.0,0.0,4.17,6.89,CENTER_DUAL,313.2,-6.8,1.0,,
17:38:56.802,7.3,MANUAL,0,0,0.0,0.0,0.0,4.17,6.89,CENTER_DUAL,157.5,-162.5,1.0,,
17:38:57.813,7.1,MANUAL,0,0,0.0,0.0,0.0,4.17,6.89,LEFT_LANE_ONLY,291.8,-28.2,0.5,,
17:38:58.838,7.2,MANUAL,0,0,0.0,0.0,0.0,4.17,6.89,LEFT_LANE_ONLY,243.6,-76.4,0.5,,
17:38:59.861,6.3,MANUAL,0,0,0.0,0.0,0.0,4.17,6.89,LEFT_LANE_ONLY,264.7,-55.3,0.5,,
17:39:00.919,6.6,MANUAL,0,0,0.0,0.0,0.0,4.17,6.89,LEFT_LANE_ONLY,310.1,-9.9,0.5,,
17:39:01.995,6.3,MANUAL,0,0,0.0,0.0,0.0,4.17,6.89,LEFT_LANE_ONLY,308.3,-11.7,0.5,,
17:39:03.138,5.7,MANUAL,0,0,0.0,0.0,0.0,4.17,6.89,LEFT_LANE_ONLY,296.2,-23.8,0.5,,
17:39:04.270,5.8,MANUAL,0,0,0.0,0.0,0.0,4.17,6.89,LEFT_LANE_ONLY,305.3,-14.7,0.5,,
17:39:05.408,6.4,MANUAL,0,0,0.0,0.0,0.0,4.17,6.89,LEFT_LANE_ONLY,300.7,-19.3,0.5,,
17:39:06.498,7.0,MANUAL,0,0,0.0,0.0,0.0,4.17,6.89,LEFT_LANE_ONLY,204.9,-115.1,0.5,,
17:39:07.563,7.2,MANUAL,0,0,0.0,0.0,0.0,4.17,6.89,LEFT_LANE_ONLY,174.2,-145.8,0.5,,
17:39:08.653,7.2,MANUAL,0,0,0.0,0.0,0.0,4.17,6.89,LEFT_LANE_ONLY,165.2,-154.8,0.5,,
17:39:09.715,8.0,MANUAL,0,0,0.0,0.0,0.0,4.17,6.89,CENTER_DUAL,236.9,-83.1,1.0,,
17:39:10.866,7.1,MANUAL,0,0,0.0,0.0,0.0,4.17,6.89,RIGHT_LANE_ONLY,133.4,-186.6,0.5,,
17:39:11.988,5.9,MANUAL,0,0,0.0,0.0,0.0,4.17,6.89,CENTER_DUAL,157.1,-162.9,1.0,,
17:39:13.118,5.8,MANUAL,0,0,0.0,0.0,0.0,4.17,6.89,CENTER_DUAL,257.6,-62.4,1.0,,
17:39:14.276,6.3,MANUAL,0,0,0.0,0.0,0.0,4.17,6.89,CENTER_DUAL,323.4,3.4,1.0,,
17:39:15.370,5.8,MANUAL,0,0,0.0,0.0,0.0,4.17,6.89,CENTER_DUAL,387.4,67.4,1.0,,
17:39:16.469,5.4,MANUAL,0,0,0.0,0.0,0.0,4.17,6.89,CENTER_DUAL,384.6,64.6,1.0,,
17:39:17.571,5.3,MANUAL,0,0,0.0,0.0,0.0,4.17,6.89,CENTER_DUAL,368.4,48.4,1.0,,
17:39:18.650,5.4,MANUAL,0,0,0.0,0.0,0.0,4.17,6.89,CENTER_DUAL,367.6,47.6,1.0,,
17:39:19.761,5.4,MANUAL,0,0,0.0,0.0,0.0,4.17,6.89,CENTER_DUAL,366.6,46.6,1.0,,
17:39:20.896,5.3,MANUAL,0,0,0.0,0.0,0.0,4.17,6.89,CENTER_DUAL,365.4,45.4,1.0,,
17:39:22.089,4.9,MANUAL,0,0,0.0,0.0,0.0,4.17,6.89,CENTER_DUAL,364.8,44.8,1.0,,
17:39:23.221,5.3,MANUAL,0,0,0.0,0.0,0.0,4.17,6.89,CENTER_DUAL,377.9,57.9,1.0,,
17:39:24.338,5.4,MANUAL,0,0,0.0,0.0,0.0,4.17,6.89,CENTER_DUAL,380.8,60.8,1.0,,
17:39:25.499,5.0,MANUAL,0,0,0.0,0.0,0.0,4.17,6.89,CENTER_DUAL,381.8,61.8,1.0,,
17:39:26.517,4.9,MANUAL,0,0,0.0,0.0,0.0,4.17,6.89,CENTER_DUAL,382.4,62.4,1.0,,
17:39:27.664,5.3,MANUAL,0,0,0.0,0.0,0.0,4.17,6.89,CENTER_DUAL,389.8,69.8,1.0,,
17:39:28.668,4.9,MANUAL,0,0,0.0,0.0,0.0,4.17,6.89,CENTER_DUAL,392.2,72.2,1.0,,
17:39:29.829,5.3,MANUAL,0,0,0.0,0.0,0.0,4.17,6.89,CENTER_DUAL,393.2,73.2,1.0,,
17:39:30.843,4.9,MANUAL,0,0,0.0,0.0,0.0,4.17,6.89,CENTER_DUAL,393.7,73.7,1.0,,
17:39:31.850,4.9,MANUAL,0,0,0.0,0.0,0.0,4.17,6.89,CENTER_DUAL,394.2,74.2,1.0,,
17:39:32.889,4.6,MANUAL,0,0,0.0,0.0,0.0,4.17,6.89,CENTER_DUAL,394.6,74.6,1.0,,
17:39:34.048,5.0,MANUAL,0,0,0.0,0.0,0.0,4.17,6.89,CENTER_DUAL,394.2,74.2,1.0,,
17:39:35.190,5.4,MANUAL,0,0,0.0,0.0,0.0,4.17,6.89,CENTER_DUAL,392.9,72.9,1.0,,
17:39:36.389,5.0,MANUAL,0,0,0.0,0.0,0.0,4.17,6.89,CENTER_DUAL,390.1,70.1,1.0,,
17:39:37.402,4.9,MANUAL,0,0,0.0,0.0,0.0,4.17,6.89,CENTER_DUAL,386.1,66.1,1.0,,
17:39:38.412,4.9,MANUAL,0,0,0.0,0.0,0.0,4.17,6.89,CENTER_DUAL,385.2,65.2,1.0,,
17:39:39.595,5.3,MANUAL,0,0,0.0,0.0,0.0,4.17,6.89,CENTER_DUAL,384.7,64.7,1.0,,
17:39:40.776,5.0,MANUAL,0,0,0.0,0.0,0.0,4.17,6.89,CENTER_DUAL,384.8,64.8,1.0,,
17:39:41.933,5.3,MANUAL,0,0,0.0,0.0,0.0,4.17,6.89,CENTER_DUAL,398.7,78.7,1.0,,
17:39:43.135,4.9,MANUAL,0,0,0.0,0.0,0.0,4.17,6.89,RIGHT_LANE_ONLY,315.0,-5.0,0.5,,
17:39:44.289,5.3,MANUAL,0,0,0.0,0.0,0.0,4.17,6.89,CENTER_DUAL,282.2,-37.8,1.0,,
17:39:45.439,5.4,MANUAL,0,0,0.0,0.0,0.0,4.17,6.89,RIGHT_LANE_ONLY,297.4,-22.6,0.5,,
17:39:46.517,6.0,MANUAL,0,0,0.0,0.0,0.0,4.17,6.89,LEFT_LANE_ONLY,326.6,6.6,0.5,,
17:39:47.585,5.9,MANUAL,0,0,0.0,0.0,0.0,4.17,6.89,LEFT_LANE_ONLY,330.7,10.7,0.5,,
17:39:48.715,6.5,MANUAL,0,0,0.0,0.0,0.0,4.17,6.89,LEFT_LANE_ONLY,482.4,162.4,0.5,,
17:39:49.834,5.4,MANUAL,0,0,0.0,0.0,0.0,4.17,6.89,LEFT_LANE_ONLY,441.8,121.8,0.5,,
17:39:50.890,4.5,MANUAL,0,0,0.0,0.0,0.0,4.17,6.89,CENTER_DUAL,321.0,1.0,1.0,,
17:39:52.087,4.9,MANUAL,0,0,0.0,0.0,0.0,4.17,6.89,CENTER_DUAL,289.8,-30.2,1.0,,
17:39:53.117,4.6,MANUAL,0,0,0.0,0.0,0.0,4.17,6.89,CENTER_DUAL,272.5,-47.5,1.0,,
17:39:54.242,5.3,MANUAL,0,0,0.0,0.0,0.0,4.17,6.89,CENTER_DUAL,288.9,-31.1,1.0,,
17:39:55.418,4.9,MANUAL,0,0,0.0,0.0,0.0,4.17,6.89,CENTER_DUAL,300.8,-19.2,1.0,,
17:39:56.586,5.3,MANUAL,0,0,0.0,0.0,0.0,4.17,6.89,CENTER_DUAL,306.5,-13.5,1.0,,
17:39:57.746,5.3,MANUAL,0,0,0.0,0.0,0.0,4.17,6.89,CENTER_DUAL,304.7,-15.3,1.0,,
17:39:58.870,5.4,MANUAL,0,0,0.0,0.0,0.0,4.17,6.89,CENTER_DUAL,292.4,-27.6,1.0,,
17:40:00.018,5.3,MANUAL,0,0,0.0,0.0,0.0,4.17,6.89,CENTER_DUAL,288.5,-31.5,1.0,,
17:40:01.163,5.3,MANUAL,0,0,0.0,0.0,0.0,4.17,6.89,CENTER_DUAL,287.8,-32.2,1.0,,
17:40:02.213,7.1,MANUAL,0,0,0.0,0.0,0.0,4.17,6.89,CENTER_DUAL,224.7,-95.3,1.0,,
17:40:03.342,7.1,MANUAL,0,0,0.0,0.0,0.0,4.17,6.89,CENTER_DUAL,260.5,-59.5,1.0,,
17:40:04.480,7.2,MANUAL,0,0,0.0,0.0,0.0,4.17,6.89,CENTER_DUAL,384.8,64.8,1.0,,
17:40:05.517,7.1,MANUAL,0,0,0.0,0.0,0.0,4.17,6.89,CENTER_DUAL,536.2,216.2,1.0,,
17:40:06.528,7.1,MANUAL,0,0,0.0,0.0,0.0,4.17,6.89,CENTER_DUAL,473.9,153.9,1.0,,
17:40:07.609,6.4,MANUAL,0,0,0.0,0.0,0.0,4.17,6.89,CENTER_DUAL,365.2,45.2,1.0,,
17:40:08.637,6.4,MANUAL,0,0,0.0,0.0,0.0,4.17,6.89,LEFT_LANE_ONLY,313.4,-6.6,0.5,,
17:40:09.808,5.8,MANUAL,0,0,0.0,0.0,0.0,4.17,6.89,CENTER_DUAL,333.7,13.7,1.0,,
17:40:10.833,4.9,MANUAL,0,0,0.0,0.0,0.0,4.17,6.89,CENTER_DUAL,300.7,-19.3,1.0,,
17:40:11.860,5.4,MANUAL,0,0,0.0,0.0,0.0,4.17,6.89,CENTER_DUAL,276.0,-44.0,1.0,,
17:40:12.870,5.0,MANUAL,0,0,0.0,0.0,0.0,4.17,6.89,CENTER_DUAL,283.9,-36.1,1.0,,
17:40:14.055,5.4,MANUAL,0,0,0.0,0.0,0.0,4.17,6.89,CENTER_DUAL,252.8,-67.2,1.0,,
17:40:15.284,4.6,MANUAL,0,0,0.0,0.0,0.0,4.17,6.89,CENTER_DUAL,253.6,-66.4,1.0,,
17:40:16.424,5.5,MANUAL,0,0,0.0,0.0,0.0,4.17,6.89,CENTER_DUAL,246.4,-73.6,1.0,,
17:40:17.560,5.3,MANUAL,0,0,0.0,0.0,0.0,4.17,6.89,CENTER_DUAL,230.9,-89.1,1.0,,
17:40:18.755,5.0,MANUAL,0,0,0.0,0.0,0.0,4.17,6.89,CENTER_DUAL,209.4,-110.6,1.0,,
17:40:19.808,5.7,MANUAL,0,0,0.0,0.0,0.0,4.17,6.89,CENTER_DUAL,202.4,-117.6,1.0,,
17:40:20.853,7.2,MANUAL,0,0,0.0,0.0,0.0,4.17,6.89,RIGHT_LANE_ONLY,225.5,-94.5,0.5,,
17:40:21.927,7.1,MANUAL,0,0,0.0,0.0,0.0,4.17,6.89,CENTER_DUAL,226.8,-93.2,1.0,,
17:40:22.958,7.0,MANUAL,0,0,0.0,0.0,0.0,4.17,6.89,CENTER_DUAL,217.5,-102.5,1.0,,
17:40:24.088,7.2,MANUAL,0,0,0.0,0.0,0.0,4.17,6.89,RIGHT_LANE_ONLY,191.8,-128.2,0.5,,
17:40:25.100,5.9,MANUAL,0,0,0.0,0.0,0.0,4.17,6.89,CENTER_DUAL,295.4,-24.6,1.0,,
17:40:26.110,5.8,MANUAL,0,0,0.0,0.0,0.0,4.17,6.89,CENTER_DUAL,313.0,-7.0,1.0,,
17:40:27.261,5.4,MANUAL,0,0,0.0,0.0,0.0,4.17,6.89,CENTER_DUAL,308.9,-11.1,1.0,,
17:40:28.273,6.3,MANUAL,0,0,0.0,0.0,0.0,4.17,6.89,CENTER_DUAL,317.0,-3.0,1.0,,
17:40:29.331,5.9,MANUAL,0,0,0.0,0.0,0.0,4.17,6.89,LEFT_LANE_ONLY,304.8,-15.2,0.5,,
17:40:30.429,6.4,MANUAL,0,0,0.0,0.0,0.0,4.17,6.89,CENTER_DUAL,347.9,27.9,1.0,,
17:40:31.552,5.4,MANUAL,0,0,0.0,0.0,0.0,4.17,6.89,CENTER_DUAL,343.4,23.4,1.0,,
17:40:32.704,4.9,MANUAL,0,0,0.0,0.0,0.0,4.17,6.89,CENTER_DUAL,366.4,46.4,1.0,,
17:40:33.876,5.6,MANUAL,0,0,0.0,0.0,0.0,4.17,6.89,CENTER_DUAL,419.8,99.8,1.0,,
17:40:34.984,6.4,MANUAL,0,0,0.0,0.0,0.0,4.17,6.89,CENTER_DUAL,344.0,24.0,1.0,,
17:40:36.024,7.1,MANUAL,0,0,0.0,0.0,0.0,4.17,6.89,CENTER_DUAL,423.8,103.8,1.0,,
17:40:37.088,6.4,MANUAL,0,0,0.0,0.0,0.0,4.17,6.89,RIGHT_LANE_ONLY,417.2,97.2,0.5,,
17:40:38.118,7.2,MANUAL,0,0,0.0,0.0,0.0,4.17,6.89,CENTER_DUAL,241.8,-78.2,1.0,,
17:40:39.257,7.2,MANUAL,0,0,0.0,0.0,0.0,4.17,6.89,CENTER_DUAL,239.1,-80.9,1.0,,
17:40:40.408,6.4,MANUAL,0,0,0.0,0.0,0.0,4.17,6.89,CENTER_DUAL,236.9,-83.1,1.0,,
17:40:41.526,7.2,MANUAL,0,0,0.0,0.0,0.0,4.17,6.89,CENTER_DUAL,232.6,-87.4,1.0,,
17:40:42.559,6.4,MANUAL,0,0,0.0,0.0,0.0,4.17,6.89,CENTER_DUAL,231.6,-88.4,1.0,,
17:40:43.681,7.1,MANUAL,0,0,0.0,0.0,0.0,4.17,6.89,CENTER_DUAL,231.2,-88.8,1.0,,
17:40:44.695,6.5,MANUAL,0,0,0.0,0.0,0.0,4.17,6.89,CENTER_DUAL,230.8,-89.2,1.0,,
17:40:45.837,6.4,MANUAL,0,0,0.0,0.0,0.0,4.17,6.89,CENTER_DUAL,222.8,-97.2,1.0,,
17:40:46.847,7.0,MANUAL,0,0,0.0,0.0,0.0,4.17,6.89,RIGHT_LANE_ONLY,273.5,-46.5,0.5,,
17:40:47.898,6.8,MANUAL,0,0,0.0,0.0,0.0,4.17,6.89,CENTER_DUAL,358.2,38.2,1.0,,
17:40:48.947,6.4,MANUAL,0,0,0.0,0.0,0.0,4.17,6.89,RIGHT_LANE_ONLY,335.7,15.7,0.5,,
17:40:49.972,5.3,MANUAL,0,0,0.0,0.0,0.0,4.17,6.89,CENTER_DUAL,379.5,59.5,1.0,,
17:40:51.075,6.4,MANUAL,0,0,0.0,0.0,0.0,4.17,6.89,CENTER_DUAL,221.1,-98.9,1.0,,
17:40:52.085,6.4,MANUAL,0,0,0.0,0.0,0.0,4.17,6.89,CENTER_DUAL,350.2,30.2,1.0,,
17:40:53.192,6.4,MANUAL,0,0,0.0,0.0,0.0,4.17,6.89,RIGHT_LANE_ONLY,395.1,75.1,0.5,,
17:40:54.286,6.4,MANUAL,0,0,0.0,0.0,0.0,4.17,6.89,RIGHT_LANE_ONLY,396.2,76.2,0.5,,
17:40:55.389,6.4,MANUAL,0,0,0.0,0.0,0.0,4.17,6.89,RIGHT_LANE_ONLY,398.5,78.5,0.5,,
17:40:56.461,6.4,MANUAL,0,0,0.0,0.0,0.0,4.17,6.89,RIGHT_LANE_ONLY,398.7,78.7,0.5,,
17:40:57.525,5.8,MANUAL,0,0,0.0,0.0,0.0,4.17,6.89,RIGHT_LANE_ONLY,368.4,48.4,0.5,,
17:40:58.589,7.1,MANUAL,0,0,0.0,0.0,0.0,4.17,6.89,CENTER_DUAL,315.4,-4.6,1.0,,
17:40:59.660,7.0,MANUAL,0,0,0.0,0.0,0.0,4.17,6.89,CENTER_DUAL,309.4,-10.6,1.0,,
17:41:00.739,6.5,MANUAL,0,0,0.0,0.0,0.0,4.17,6.89,CENTER_DUAL,303.8,-16.2,1.0,,
17:41:01.816,7.1,MANUAL,0,0,0.0,0.0,0.0,4.17,6.89,CENTER_DUAL,302.6,-17.4,1.0,,
17:41:02.834,7.1,MANUAL,0,0,0.0,0.0,0.0,4.17,6.89,CENTER_DUAL,285.1,-34.9,1.0,,
17:41:03.981,6.6,MANUAL,0,0,0.0,0.0,0.0,4.17,6.89,CENTER_DUAL,281.7,-38.3,1.0,,
17:41:05.004,7.1,MANUAL,0,0,0.0,0.0,0.0,4.17,6.89,CENTER_DUAL,276.4,-43.6,1.0,,
17:41:06.048,6.4,MANUAL,0,0,0.0,0.0,0.0,4.17,6.89,CENTER_DUAL,272.0,-48.0,1.0,,
17:41:07.090,5.8,MANUAL,0,0,0.0,0.0,0.0,4.17,6.89,CENTER_DUAL,271.5,-48.5,1.0,,
17:41:08.111,7.1,MANUAL,0,0,0.0,0.0,0.0,4.17,6.89,CENTER_DUAL,270.8,-49.2,1.0,,
17:41:09.152,6.4,MANUAL,0,0,0.0,0.0,0.0,4.17,6.89,RIGHT_LANE_ONLY,267.3,-52.7,0.5,,
17:41:10.226,6.5,MANUAL,0,0,0.0,0.0,0.0,4.17,6.89,RIGHT_LANE_ONLY,274.5,-45.5,0.5,,
17:41:11.278,7.2,MANUAL,0,0,0.0,0.0,0.0,4.17,6.89,CENTER_DUAL,262.4,-57.6,1.0,,
17:41:12.400,7.1,MANUAL,0,0,0.0,0.0,0.0,4.17,6.89,CENTER_DUAL,259.4,-60.6,1.0,,
17:41:13.405,6.5,MANUAL,0,0,0.0,0.0,0.0,4.17,6.89,CENTER_DUAL,253.6,-66.4,1.0,,
17:41:14.471,6.4,MANUAL,0,0,0.0,0.0,0.0,4.17,6.89,CENTER_DUAL,242.6,-77.4,1.0,,
17:41:15.517,7.2,MANUAL,0,0,0.0,0.0,0.0,4.17,6.89,CENTER_DUAL,514.7,194.7,1.0,,
17:41:16.551,7.1,MANUAL,0,0,0.0,0.0,0.0,4.17,6.89,CENTER_DUAL,560.3,240.3,1.0,,
17:41:17.589,7.2,MANUAL,0,0,0.0,0.0,0.0,4.17,6.89,RIGHT_LANE_ONLY,553.0,233.0,0.5,,
17:41:18.681,8.1,MANUAL,0,0,0.0,0.0,0.0,4.17,6.89,CENTER_DUAL,20.5,-299.5,1.0,,
17:41:19.809,7.1,MANUAL,0,0,0.0,0.0,0.0,4.17,6.89,CENTER_DUAL,279.9,-40.1,1.0,,
17:41:20.927,7.3,MANUAL,0,0,0.0,0.0,0.0,4.17,6.89,CENTER_DUAL,284.1,-35.9,1.0,,
17:41:22.030,5.4,MANUAL,0,0,0.0,0.0,0.0,4.17,6.89,CENTER_DUAL,313.2,-6.8,1.0,,
17:41:23.070,6.4,MANUAL,0,0,0.0,0.0,0.0,4.17,6.89,CENTER_DUAL,291.1,-28.9,1.0,,
17:41:24.116,5.8,MANUAL,0,0,0.0,0.0,0.0,4.17,6.89,CENTER_DUAL,304.8,-15.2,1.0,,
17:41:25.116,7.1,MANUAL,0,0,0.0,0.0,0.0,4.17,6.89,CENTER_DUAL,295.6,-24.4,1.0,,
17:41:26.160,6.4,MANUAL,0,0,0.0,0.0,0.0,4.17,6.89,CENTER_DUAL,350.6,30.6,1.0,,
17:41:27.230,6.5,MANUAL,0,0,0.0,0.0,0.0,4.17,6.89,CENTER_DUAL,355.4,35.4,1.0,,
17:41:28.319,6.4,MANUAL,0,0,0.0,0.0,0.0,4.17,6.89,CENTER_DUAL,347.6,27.6,1.0,,
17:41:29.417,6.5,MANUAL,0,0,0.0,0.0,0.0,4.17,6.89,CENTER_DUAL,343.4,23.4,1.0,,
17:41:30.512,6.4,MANUAL,0,0,0.0,0.0,0.0,4.17,6.89,CENTER_DUAL,343.2,23.2,1.0,,
17:41:31.592,6.5,MANUAL,0,0,0.0,0.0,0.0,4.17,6.89,CENTER_DUAL,361.1,41.1,1.0,,
17:41:32.661,6.4,MANUAL,0,0,0.0,0.0,0.0,4.17,6.89,CENTER_DUAL,363.1,43.1,1.0,,
17:41:33.700,6.4,MANUAL,0,0,0.0,0.0,0.0,4.17,6.89,CENTER_DUAL,363.5,43.5,1.0,,
17:41:34.750,6.5,MANUAL,0,0,0.0,0.0,0.0,4.17,6.89,CENTER_DUAL,367.7,47.7,1.0,,
17:41:35.793,6.5,MANUAL,0,0,0.0,0.0,0.0,4.17,6.89,CENTER_DUAL,381.5,61.5,1.0,,
17:41:36.845,6.5,MANUAL,0,0,0.0,0.0,0.0,4.17,6.89,CENTER_DUAL,383.9,63.9,1.0,,
17:41:37.902,6.6,MANUAL,0,0,0.0,0.0,0.0,4.17,6.89,CENTER_DUAL,385.6,65.6,1.0,,
17:41:38.979,6.5,MANUAL,0,0,0.0,0.0,0.0,4.17,6.89,CENTER_DUAL,385.4,65.4,1.0,,
17:41:40.067,6.4,MANUAL,0,0,0.0,0.0,0.0,4.17,6.89,CENTER_DUAL,371.8,51.8,1.0,,
17:41:41.128,6.4,MANUAL,0,0,0.0,0.0,0.0,4.17,6.89,CENTER_DUAL,364.1,44.1,1.0,,
17:41:42.185,7.0,MANUAL,0,0,0.0,0.0,0.0,4.17,6.89,CENTER_DUAL,363.8,43.8,1.0,,
17:41:43.217,6.5,MANUAL,0,0,0.0,0.0,0.0,4.17,6.89,CENTER_DUAL,374.3,54.3,1.0,,
17:41:44.355,6.3,MANUAL,0,0,0.0,0.0,0.0,4.17,6.89,CENTER_DUAL,378.3,58.3,1.0,,
17:41:45.380,7.1,MANUAL,0,0,0.0,0.0,0.0,4.17,6.89,CENTER_DUAL,381.8,61.8,1.0,,
17:41:46.410,6.3,MANUAL,0,0,0.0,0.0,0.0,4.17,6.89,CENTER_DUAL,364.6,44.6,1.0,,
17:41:47.492,6.4,MANUAL,0,0,0.0,0.0,0.0,4.17,6.89,CENTER_DUAL,360.8,40.8,1.0,,
17:41:48.641,6.4,MANUAL,0,0,0.0,0.0,0.0,4.17,6.89,CENTER_DUAL,360.9,40.9,1.0,,
17:41:49.756,6.4,MANUAL,0,0,0.0,0.0,0.0,4.17,6.89,CENTER_DUAL,362.0,42.0,1.0,,
17:41:50.867,5.4,MANUAL,0,0,0.0,0.0,0.0,4.17,6.89,CENTER_DUAL,362.8,42.8,1.0,,
17:41:51.985,5.8,MANUAL,0,0,0.0,0.0,0.0,4.17,6.89,CENTER_DUAL,358.8,38.8,1.0,,
17:41:53.013,6.3,MANUAL,0,0,0.0,0.0,0.0,4.17,6.89,CENTER_DUAL,358.0,38.0,1.0,,
17:41:54.150,5.8,MANUAL,0,0,0.0,0.0,0.0,4.17,6.89,CENTER_DUAL,363.8,43.8,1.0,,
17:41:55.247,6.9,MANUAL,0,0,0.0,0.0,0.0,4.17,6.89,CENTER_DUAL,373.4,53.4,1.0,,
17:41:56.298,7.0,MANUAL,0,0,0.0,0.0,0.0,4.17,6.89,CENTER_DUAL,364.5,44.5,1.0,,
17:41:57.353,5.3,MANUAL,0,0,0.0,0.0,0.0,4.17,6.89,CENTER_DUAL,370.7,50.7,1.0,,
17:41:58.399,5.7,MANUAL,0,0,0.0,0.0,0.0,4.17,6.89,CENTER_DUAL,273.8,-46.2,1.0,,
17:41:59.523,5.8,MANUAL,0,0,0.0,0.0,0.0,4.17,6.89,LEFT_LANE_ONLY,248.6,-71.4,0.5,,
17:42:00.641,6.4,MANUAL,0,0,0.0,0.0,0.0,4.17,6.89,CENTER_DUAL,286.9,-33.1,1.0,,
17:42:01.707,6.4,MANUAL,0,0,0.0,0.0,0.0,4.17,6.89,CENTER_DUAL,288.4,-31.6,1.0,,
17:42:02.744,7.1,MANUAL,0,0,0.0,0.0,0.0,4.17,6.89,CENTER_DUAL,290.5,-29.5,1.0,,
17:42:03.756,5.3,MANUAL,0,0,0.0,0.0,0.0,4.17,6.89,CENTER_DUAL,271.8,-48.2,1.0,,
17:42:04.869,6.4,MANUAL,0,0,0.0,0.0,0.0,4.17,6.89,CENTER_DUAL,333.3,13.3,1.0,,
17:42:05.918,6.4,MANUAL,0,0,0.0,0.0,0.0,4.17,6.89,CENTER_DUAL,345.9,25.9,1.0,,
17:42:06.984,5.3,MANUAL,0,0,0.0,0.0,0.0,4.17,6.89,CENTER_DUAL,340.8,20.8,1.0,,
17:42:08.003,4.9,MANUAL,0,0,0.0,0.0,0.0,4.17,6.89,CENTER_DUAL,316.6,-3.4,1.0,,
17:42:09.197,4.0,MANUAL,0,0,0.0,0.0,0.0,4.17,6.89,CENTER_DUAL,304.2,-15.8,1.0,,
17:42:10.380,4.6,MANUAL,0,0,0.0,0.0,0.0,4.17,6.89,CENTER_DUAL,311.0,-9.0,1.0,,
17:42:11.481,4.6,MANUAL,0,0,0.0,0.0,0.0,4.17,6.89,CENTER_DUAL,289.0,-31.0,1.0,,
17:42:12.642,5.3,MANUAL,0,0,0.0,0.0,0.0,4.17,6.89,CENTER_DUAL,215.9,-104.1,1.0,,
17:42:13.818,5.0,MANUAL,0,0,0.0,0.0,0.0,4.17,6.89,CENTER_DUAL,205.2,-114.8,1.0,,
17:42:14.984,5.4,MANUAL,0,0,0.0,0.0,0.0,4.17,6.89,CENTER_DUAL,118.1,-201.9,1.0,,
17:42:16.023,5.3,MANUAL,0,0,0.0,0.0,0.0,4.17,6.89,RIGHT_LANE_ONLY,40.4,-279.6,0.5,,
17:42:17.139,5.3,MANUAL,0,0,0.0,0.0,0.0,4.17,6.89,RIGHT_LANE_ONLY,15.1,-304.9,0.5,,
17:42:18.236,6.3,MANUAL,0,0,0.0,0.0,0.0,4.17,6.89,RIGHT_LANE_ONLY,43.9,-276.1,0.5,,
17:42:19.275,7.1,MANUAL,0,0,0.0,0.0,0.0,4.17,6.89,CENTER_DUAL,312.5,-7.5,1.0,,
17:42:20.383,7.2,MANUAL,0,0,0.0,0.0,0.0,4.17,6.89,LEFT_LANE_ONLY,381.3,61.3,0.5,,
17:42:21.391,8.0,MANUAL,0,0,0.0,0.0,0.0,4.17,6.89,LEFT_LANE_ONLY,538.8,218.8,0.5,,
17:42:22.459,7.2,MANUAL,0,0,0.0,0.0,0.0,4.17,6.89,LEFT_LANE_ONLY,1305.5,985.5,0.5,,
17:42:23.581,8.0,MANUAL,0,0,0.0,0.0,0.0,4.17,6.89,LEFT_LANE_ONLY,1321.2,1001.2,0.5,,
17:42:24.647,8.0,MANUAL,0,0,0.0,0.0,0.0,4.17,6.89,CENTER_DUAL,393.2,73.2,1.0,,
17:42:25.777,7.2,MANUAL,0,0,0.0,0.0,0.0,4.17,6.89,CENTER_DUAL,141.0,-179.0,1.0,,
17:42:26.792,8.1,MANUAL,0,0,0.0,0.0,0.0,4.17,6.89,RIGHT_LANE_ONLY,104.6,-215.4,0.5,,
17:42:27.809,8.0,MANUAL,0,0,0.0,0.0,0.0,4.17,6.89,RIGHT_LANE_ONLY,94.5,-225.5,0.5,,
17:42:28.828,8.0,MANUAL,0,0,0.0,0.0,0.0,4.17,6.89,LEFT_LANE_ONLY,248.2,-71.8,0.5,,
17:42:29.868,7.1,MANUAL,0,0,0.0,0.0,0.0,4.17,6.89,RIGHT_LANE_ONLY,180.7,-139.3,0.5,,
17:42:30.952,5.4,MANUAL,0,0,0.0,0.0,0.0,4.17,6.89,CENTER_DUAL,342.7,22.7,1.0,,
17:42:31.984,7.0,MANUAL,0,0,0.0,0.0,0.0,4.17,6.89,LEFT_LANE_ONLY,408.0,88.0,0.5,,
17:42:33.070,5.8,MANUAL,0,0,0.0,0.0,0.0,4.17,6.89,CENTER_DUAL,352.6,32.6,1.0,,
17:42:34.116,7.1,MANUAL,0,0,0.0,0.0,0.0,4.17,6.89,LEFT_LANE_ONLY,265.4,-54.6,0.5,,
17:42:35.161,4.9,MANUAL,0,0,0.0,0.0,0.0,4.17,6.89,CENTER_DUAL,291.0,-29.0,1.0,,
17:42:36.311,5.4,MANUAL,0,0,0.0,0.0,0.0,4.17,6.89,RIGHT_LANE_ONLY,232.3,-87.7,0.5,,
17:42:37.317,8.0,MANUAL,0,0,0.0,0.0,0.0,4.17,6.89,CENTER_DUAL,-265.0,-585.0,1.0,,
17:42:38.438,8.1,MANUAL,0,0,0.0,0.0,0.0,4.17,6.89,CENTER_DUAL,154.3,-165.7,1.0,,
17:42:39.547,8.0,MANUAL,0,0,0.0,0.0,0.0,4.17,6.89,CENTER_DUAL,1021.8,701.8,1.0,,
17:42:40.584,8.0,MANUAL,0,0,0.0,0.0,0.0,4.17,6.89,CENTER_DUAL,293.8,-26.2,1.0,,
17:42:41.591,8.0,MANUAL,0,0,0.0,0.0,0.0,4.17,6.89,LEFT_LANE_ONLY,176.1,-143.9,0.5,,
17:42:42.629,8.1,MANUAL,0,0,0.0,0.0,0.0,4.17,6.89,CENTER_DUAL,224.3,-95.7,1.0,,
17:42:43.648,8.0,MANUAL,0,0,0.0,0.0,0.0,4.17,6.89,RIGHT_LANE_ONLY,316.0,-4.0,0.5,,
17:42:44.740,6.4,MANUAL,0,0,0.0,0.0,0.0,4.17,6.89,CENTER_DUAL,206.5,-113.5,1.0,,
17:42:45.853,7.0,MANUAL,0,0,0.0,0.0,0.0,4.17,6.89,RIGHT_LANE_ONLY,220.8,-99.2,0.5,,
17:42:46.945,7.2,MANUAL,0,0,0.0,0.0,0.0,4.17,6.89,CENTER_DUAL,310.4,-9.6,1.0,,
17:42:47.952,7.1,MANUAL,0,0,0.0,0.0,0.0,4.17,6.89,LEFT_LANE_ONLY,276.2,-43.8,0.5,,
17:42:49.059,8.0,MANUAL,0,0,0.0,0.0,0.0,4.17,6.89,CENTER_DUAL,237.6,-82.4,1.0,,
17:42:50.129,5.9,MANUAL,0,0,0.0,0.0,0.0,4.17,6.89,RIGHT_LANE_ONLY,194.0,-126.0,0.5,,
17:42:51.146,5.8,MANUAL,0,0,0.0,0.0,0.0,4.17,6.89,RIGHT_LANE_ONLY,171.8,-148.2,0.5,,
17:42:52.202,7.1,MANUAL,0,0,0.0,0.0,0.0,4.17,6.89,RIGHT_LANE_ONLY,159.3,-160.7,0.5,,
17:42:53.316,7.2,MANUAL,0,0,0.0,0.0,0.0,4.17,6.89,RIGHT_LANE_ONLY,190.9,-129.1,0.5,,
17:42:54.388,7.1,MANUAL,0,0,0.0,0.0,0.0,4.17,6.89,CENTER_DUAL,262.4,-57.6,1.0,,
17:42:55.399,5.9,MANUAL,0,0,0.0,0.0,0.0,4.17,6.89,LEFT_LANE_ONLY,248.0,-72.0,0.5,,
17:42:56.539,7.1,MANUAL,0,0,0.0,0.0,0.0,4.17,6.89,LEFT_LANE_ONLY,365.4,45.4,0.5,,
17:42:57.649,8.0,MANUAL,0,0,0.0,0.0,0.0,4.17,6.89,CENTER_DUAL,673.4,353.4,1.0,,
17:42:58.766,8.1,MANUAL,0,0,0.0,0.0,0.0,4.17,6.89,RIGHT_LANE_ONLY,195.2,-124.8,0.5,,
17:42:59.768,7.9,MANUAL,0,0,0.0,0.0,0.0,4.17,6.89,CENTER_DUAL,210.0,-110.0,1.0,,
17:43:00.793,7.9,MANUAL,0,0,0.0,0.0,0.0,4.17,6.89,LEFT_LANE_ONLY,304.2,-15.8,0.5,,
17:43:01.885,7.9,MANUAL,0,0,0.0,0.0,0.0,4.17,6.89,LEFT_LANE_ONLY,336.0,16.0,0.5,,
17:43:02.985,8.1,MANUAL,0,0,0.0,0.0,0.0,4.17,6.89,LEFT_LANE_ONLY,302.3,-17.7,0.5,,
17:43:04.084,7.2,MANUAL,0,0,0.0,0.0,0.0,4.17,6.89,CENTER_DUAL,238.3,-81.7,1.0,,
17:43:05.222,7.2,MANUAL,0,0,0.0,0.0,0.0,4.17,6.89,CENTER_DUAL,217.2,-102.8,1.0,,
17:43:06.269,8.1,MANUAL,0,0,0.0,0.0,0.0,4.17,6.89,CENTER_DUAL,671.4,351.4,1.0,,
17:43:07.337,6.4,MANUAL,0,0,0.0,0.0,0.0,4.17,6.89,CENTER_DUAL,-1138.4,-1458.4,1.0,,
17:43:08.501,5.9,MANUAL,0,0,0.0,0.0,0.0,4.17,6.89,CENTER_DUAL,-802.3,-1122.3,1.0,,
17:43:09.612,5.3,MANUAL,0,0,0.0,0.0,0.0,4.17,6.89,CENTER_DUAL,477.5,157.5,1.0,,
17:43:10.743,5.8,MANUAL,0,0,0.0,0.0,0.0,4.17,6.89,CENTER_DUAL,240.0,-80.0,1.0,,
17:43:11.793,7.2,MANUAL,0,0,0.0,0.0,0.0,4.17,6.89,CENTER_DUAL,210.9,-109.1,1.0,,
17:43:12.796,7.0,MANUAL,0,0,0.0,0.0,0.0,4.17,6.89,RIGHT_LANE_ONLY,199.1,-120.9,0.5,,
17:43:13.867,6.3,MANUAL,0,0,0.0,0.0,0.0,4.17,6.89,LEFT_LANE_ONLY,351.7,31.7,0.5,,
17:43:14.928,5.8,MANUAL,0,0,0.0,0.0,0.0,4.17,6.89,CENTER_DUAL,246.6,-73.4,1.0,,
17:43:16.009,5.3,MANUAL,0,0,0.0,0.0,0.0,4.17,6.89,RIGHT_LANE_ONLY,220.6,-99.4,0.5,,
17:43:17.126,6.4,MANUAL,0,0,0.0,0.0,0.0,4.17,6.89,LEFT_LANE_ONLY,322.6,2.6,0.5,,
17:43:18.249,7.1,MANUAL,0,0,0.0,0.0,0.0,4.17,6.89,CENTER_DUAL,302.9,-17.1,1.0,,
17:43:19.257,7.1,MANUAL,0,0,0.0,0.0,0.0,4.17,6.89,LEFT_LANE_ONLY,288.0,-32.0,0.5,,
17:43:20.321,6.4,MANUAL,0,0,0.0,0.0,0.0,4.17,6.89,RIGHT_LANE_ONLY,272.7,-47.3,0.5,,
17:43:21.398,6.4,MANUAL,0,0,0.0,0.0,0.0,4.17,6.89,RIGHT_LANE_ONLY,229.4,-90.6,0.5,,
17:43:22.483,5.8,MANUAL,0,0,0.0,0.0,0.0,4.17,6.89,RIGHT_LANE_ONLY,221.2,-98.8,0.5,,
17:43:23.563,6.5,MANUAL,0,0,0.0,0.0,0.0,4.17,6.89,LEFT_LANE_ONLY,287.8,-32.2,0.5,,
17:43:24.569,7.0,MANUAL,0,0,0.0,0.0,0.0,4.17,6.89,CENTER_DUAL,340.7,20.7,1.0,,
17:43:25.652,7.9,MANUAL,0,0,0.0,0.0,0.0,4.17,6.89,CENTER_DUAL,344.5,24.5,1.0,,
17:43:26.686,5.4,MANUAL,0,0,0.0,0.0,0.0,4.17,6.89,LEFT_LANE_ONLY,496.9,176.9,0.5,,
17:43:27.773,5.8,MANUAL,0,0,0.0,0.0,0.0,4.17,6.89,LEFT_LANE_ONLY,501.7,181.7,0.5,,
17:43:28.804,5.9,MANUAL,0,0,0.0,0.0,0.0,4.17,6.89,RIGHT_LANE_ONLY,-18.6,-338.6,0.5,,
17:43:29.831,5.9,MANUAL,0,0,0.0,0.0,0.0,4.17,6.89,LEFT_LANE_ONLY,491.4,171.4,0.5,,
17:43:30.935,7.1,MANUAL,0,0,0.0,0.0,0.0,4.17,6.89,CENTER_DUAL,177.3,-142.7,1.0,,
17:43:32.031,8.2,MANUAL,0,0,0.0,0.0,0.0,4.17,6.89,CENTER_DUAL,219.6,-100.4,1.0,,
17:43:33.141,7.1,MANUAL,0,0,0.0,0.0,0.0,4.17,6.89,CENTER_DUAL,272.3,-47.7,1.0,,
17:43:34.245,7.2,MANUAL,0,0,0.0,0.0,0.0,4.17,6.89,CENTER_DUAL,291.2,-28.8,1.0,,
17:43:35.366,7.1,MANUAL,0,0,0.0,0.0,0.0,4.17,6.89,CENTER_DUAL,292.5,-27.5,1.0,,
17:43:36.396,6.3,MANUAL,0,0,0.0,0.0,0.0,4.17,6.89,CENTER_DUAL,233.8,-86.2,1.0,,
17:43:37.429,6.9,MANUAL,0,0,0.0,0.0,0.0,4.17,6.89,LEFT_LANE_ONLY,199.4,-120.6,0.5,,
17:43:38.435,7.1,MANUAL,0,0,0.0,0.0,0.0,4.17,6.89,CENTER_DUAL,199.9,-120.1,1.0,,
17:43:39.448,6.4,MANUAL,0,0,0.0,0.0,0.0,4.17,6.89,CENTER_DUAL,203.2,-116.8,1.0,,
17:43:40.564,7.3,MANUAL,0,0,0.0,0.0,0.0,4.17,6.89,LEFT_LANE_ONLY,123.6,-196.4,0.5,,
17:43:41.647,7.3,MANUAL,0,0,0.0,0.0,0.0,4.17,6.89,CENTER_DUAL,166.7,-153.3,1.0,,
17:43:42.776,7.1,MANUAL,0,0,0.0,0.0,0.0,4.17,6.89,CENTER_DUAL,98.0,-222.0,1.0,,
17:43:43.936,5.8,MANUAL,0,0,0.0,0.0,0.0,4.17,6.89,RIGHT_LANE_ONLY,20.2,-299.8,0.5,,
17:43:45.028,5.4,MANUAL,0,0,0.0,0.0,0.0,4.17,6.89,RIGHT_LANE_ONLY,65.7,-254.3,0.5,,
17:43:46.075,5.9,MANUAL,0,0,0.0,0.0,0.0,4.17,6.89,CENTER_DUAL,286.0,-34.0,1.0,,
17:43:47.130,5.8,MANUAL,0,0,0.0,0.0,0.0,4.17,6.89,CENTER_DUAL,311.0,-9.0,1.0,,
17:43:48.261,5.4,MANUAL,0,0,0.0,0.0,0.0,4.17,6.89,CENTER_DUAL,247.5,-72.5,1.0,,
17:43:49.311,5.8,MANUAL,0,0,0.0,0.0,0.0,4.17,6.89,RIGHT_LANE_ONLY,163.5,-156.5,0.5,,
17:43:50.402,5.8,MANUAL,0,0,0.0,0.0,0.0,4.17,6.89,RIGHT_LANE_ONLY,172.1,-147.9,0.5,,
17:43:51.490,5.9,MANUAL,0,0,0.0,0.0,0.0,4.17,6.89,RIGHT_LANE_ONLY,199.2,-120.8,0.5,,
17:43:52.546,5.8,MANUAL,0,0,0.0,0.0,0.0,4.17,6.89,RIGHT_LANE_ONLY,235.3,-84.7,0.5,,
17:43:53.585,5.4,MANUAL,0,0,0.0,0.0,0.0,4.17,6.89,CENTER_DUAL,297.6,-22.4,1.0,,
17:43:54.746,6.3,MANUAL,0,0,0.0,0.0,0.0,4.17,6.89,CENTER_DUAL,279.3,-40.7,1.0,,
17:43:55.790,5.7,MANUAL,0,0,0.0,0.0,0.0,4.17,6.89,RIGHT_LANE_ONLY,297.4,-22.6,0.5,,
17:43:56.827,5.8,MANUAL,0,0,0.0,0.0,0.0,4.17,6.89,RIGHT_LANE_ONLY,330.3,10.3,0.5,,
17:43:57.935,5.3,MANUAL,0,0,0.0,0.0,0.0,4.17,6.89,RIGHT_LANE_ONLY,331.5,11.5,0.5,,
17:43:58.971,5.8,MANUAL,0,0,0.0,0.0,0.0,4.17,6.89,RIGHT_LANE_ONLY,346.8,26.8,0.5,,
17:44:00.026,5.8,MANUAL,0,0,0.0,0.0,0.0,4.17,6.89,RIGHT_LANE_ONLY,349.8,29.8,0.5,,
17:44:01.041,6.4,MANUAL,0,0,0.0,0.0,0.0,4.17,6.89,RIGHT_LANE_ONLY,346.7,26.7,0.5,,
17:44:02.074,7.1,MANUAL,0,0,0.0,0.0,0.0,4.17,6.89,CENTER_DUAL,329.6,9.6,1.0,,
17:44:03.207,7.2,MANUAL,0,0,0.0,0.0,0.0,4.17,6.89,CENTER_DUAL,313.7,-6.3,1.0,,
17:44:04.293,7.2,MANUAL,0,0,0.0,0.0,0.0,4.17,6.89,CENTER_DUAL,371.1,51.1,1.0,,
17:44:05.421,7.1,MANUAL,0,0,0.0,0.0,0.0,4.17,6.89,CENTER_DUAL,397.0,77.0,1.0,,
17:44:06.448,6.4,MANUAL,0,0,0.0,0.0,0.0,4.17,6.89,LEFT_LANE_ONLY,450.4,130.4,0.5,,
17:44:07.605,6.4,MANUAL,0,0,0.0,0.0,0.0,4.17,6.89,CENTER_DUAL,355.5,35.5,1.0,,
17:44:08.644,6.4,MANUAL,0,0,0.0,0.0,0.0,4.17,6.89,LEFT_LANE_ONLY,355.0,35.0,0.5,,
17:44:09.646,7.2,MANUAL,0,0,0.0,0.0,0.0,4.17,6.89,LEFT_LANE_ONLY,90.6,-229.4,0.5,,
17:44:10.728,7.9,MANUAL,0,0,0.0,0.0,0.0,4.17,6.89,LEFT_LANE_ONLY,238.3,-81.7,0.5,,
17:44:11.794,7.9,MANUAL,0,0,0.0,0.0,0.0,4.17,6.89,LEFT_LANE_ONLY,235.7,-84.3,0.5,,
17:44:12.795,8.0,MANUAL,0,0,0.0,0.0,0.0,4.17,6.89,CENTER_DUAL,381.1,61.1,1.0,,
17:44:13.890,7.2,MANUAL,0,0,0.0,0.0,0.0,4.17,6.89,CENTER_DUAL,-13.8,-333.8,1.0,,
17:44:14.904,7.9,MANUAL,0,0,0.0,0.0,0.0,4.17,6.89,CENTER_DUAL,276.4,-43.6,1.0,,
17:44:15.999,7.0,MANUAL,0,0,0.0,0.0,0.0,4.17,6.89,LEFT_LANE_ONLY,184.0,-136.0,0.5,,
17:44:17.131,7.1,MANUAL,0,0,0.0,0.0,0.0,4.17,6.89,LEFT_LANE_ONLY,255.5,-64.5,0.5,,
17:44:18.167,6.4,MANUAL,0,0,0.0,0.0,0.0,4.17,6.89,LEFT_LANE_ONLY,319.6,-0.4,0.5,,
17:44:19.205,7.1,MANUAL,0,0,0.0,0.0,0.0,4.17,6.89,LEFT_LANE_ONLY,348.5,28.5,0.5,,
17:44:20.317,6.4,MANUAL,0,0,0.0,0.0,0.0,4.17,6.89,LEFT_LANE_ONLY,311.3,-8.7,0.5,,
17:44:21.369,7.1,MANUAL,0,0,0.0,0.0,0.0,4.17,6.89,LEFT_LANE_ONLY,363.7,43.7,0.5,,
17:44:22.478,6.4,MANUAL,0,0,0.0,0.0,0.0,4.17,6.89,CENTER_DUAL,344.6,24.6,1.0,,
17:44:23.595,6.3,MANUAL,0,0,0.0,0.0,0.0,4.17,6.89,LEFT_LANE_ONLY,328.9,8.9,0.5,,
17:44:24.734,6.3,MANUAL,0,0,0.0,0.0,0.0,4.17,6.89,RIGHT_LANE_ONLY,203.8,-116.2,0.5,,
17:44:25.757,5.9,MANUAL,0,0,0.0,0.0,0.0,4.17,6.89,RIGHT_LANE_ONLY,236.2,-83.8,0.5,,
17:44:26.776,6.4,MANUAL,0,0,0.0,0.0,0.0,4.17,6.89,RIGHT_LANE_ONLY,237.1,-82.9,0.5,,
17:44:27.886,6.4,MANUAL,0,0,0.0,0.0,0.0,4.17,6.89,RIGHT_LANE_ONLY,237.4,-82.6,0.5,,
17:44:28.887,5.4,MANUAL,0,0,0.0,0.0,0.0,4.17,6.89,RIGHT_LANE_ONLY,259.3,-60.7,0.5,,
17:44:29.962,7.0,MANUAL,0,0,0.0,0.0,0.0,4.17,6.89,RIGHT_LANE_ONLY,287.4,-32.6,0.5,,
17:44:30.985,6.4,MANUAL,0,0,0.0,0.0,0.0,4.17,6.89,CENTER_DUAL,318.4,-1.6,1.0,,
17:44:32.090,6.6,MANUAL,0,0,0.0,0.0,0.0,4.17,6.89,CENTER_DUAL,343.6,23.6,1.0,,
17:44:33.206,5.4,MANUAL,0,0,0.0,0.0,0.0,4.17,6.89,RIGHT_LANE_ONLY,335.6,15.6,0.5,,
17:44:34.342,7.1,MANUAL,0,0,0.0,0.0,0.0,4.17,6.89,CENTER_DUAL,286.6,-33.4,1.0,,
17:44:35.446,7.1,MANUAL,0,0,0.0,0.0,0.0,4.17,6.89,CENTER_DUAL,306.9,-13.1,1.0,,
17:44:36.556,7.2,MANUAL,0,0,0.0,0.0,0.0,4.17,6.89,CENTER_DUAL,329.3,9.3,1.0,,
17:44:37.605,7.1,MANUAL,0,0,0.0,0.0,0.0,4.17,6.89,CENTER_DUAL,392.1,72.1,1.0,,
17:44:38.701,6.9,MANUAL,0,0,0.0,0.0,0.0,4.17,6.89,CENTER_DUAL,371.2,51.2,1.0,,
17:44:39.827,7.1,MANUAL,0,0,0.0,0.0,0.0,4.17,6.89,CENTER_DUAL,357.3,37.3,1.0,,
17:44:40.889,6.4,MANUAL,0,0,0.0,0.0,0.0,4.17,6.89,CENTER_DUAL,214.2,-105.8,1.0,,
17:44:42.003,8.1,MANUAL,0,0,0.0,0.0,0.0,4.17,6.89,CENTER_DUAL,347.8,27.8,1.0,,
17:44:43.017,7.2,MANUAL,0,0,0.0,0.0,0.0,4.17,6.89,CENTER_DUAL,386.0,66.0,1.0,,
17:44:44.103,6.4,MANUAL,0,0,0.0,0.0,0.0,4.17,6.89,LEFT_LANE_ONLY,358.1,38.1,0.5,,
17:44:45.146,7.9,MANUAL,0,0,0.0,0.0,0.0,4.17,6.89,LEFT_LANE_ONLY,258.6,-61.4,0.5,,
17:44:46.274,7.1,MANUAL,0,0,0.0,0.0,0.0,4.17,6.89,CENTER_DUAL,63.8,-256.2,1.0,,
17:44:47.289,7.1,MANUAL,0,0,0.0,0.0,0.0,4.17,6.89,RIGHT_LANE_ONLY,47.5,-272.5,0.5,,
17:44:48.297,7.1,MANUAL,0,0,0.0,0.0,0.0,4.17,6.89,RIGHT_LANE_ONLY,59.3,-260.7,0.5,,
17:44:49.306,7.1,MANUAL,0,0,0.0,0.0,0.0,4.17,6.89,RIGHT_LANE_ONLY,78.6,-241.4,0.5,,
17:44:50.391,6.5,MANUAL,0,0,0.0,0.0,0.0,4.17,6.89,CENTER_DUAL,172.3,-147.7,1.0,,
17:44:51.410,5.9,MANUAL,0,0,0.0,0.0,0.0,4.17,6.89,CENTER_DUAL,209.2,-110.8,1.0,,
17:44:52.429,8.0,MANUAL,0,0,0.0,0.0,0.0,4.17,6.89,CENTER_DUAL,221.0,-99.0,1.0,,
17:44:53.574,5.4,MANUAL,0,0,0.0,0.0,0.0,4.17,6.89,CENTER_DUAL,288.9,-31.1,1.0,,
17:44:54.606,5.8,MANUAL,0,0,0.0,0.0,0.0,4.17,6.89,CENTER_DUAL,284.9,-35.1,1.0,,
17:44:55.728,5.4,MANUAL,0,0,0.0,0.0,0.0,4.17,6.89,CENTER_DUAL,282.1,-37.9,1.0,,
17:44:56.800,5.4,MANUAL,0,0,0.0,0.0,0.0,4.17,6.89,CENTER_DUAL,261.5,-58.5,1.0,,
17:44:57.889,5.4,MANUAL,0,0,0.0,0.0,0.0,4.17,6.89,CENTER_DUAL,278.2,-41.8,1.0,,
17:44:59.031,5.4,MANUAL,0,0,0.0,0.0,0.0,4.17,6.89,CENTER_DUAL,322.3,2.3,1.0,,
17:45:00.123,8.0,MANUAL,0,0,0.0,0.0,0.0,4.17,6.89,CENTER_DUAL,241.9,-78.1,1.0,,
17:45:01.192,7.9,MANUAL,0,0,0.0,0.0,0.0,4.17,6.89,CENTER_DUAL,400.0,80.0,1.0,,
17:45:02.200,8.1,MANUAL,0,0,0.0,0.0,0.0,4.17,6.89,CENTER_DUAL,177.8,-142.2,1.0,,
17:45:03.229,7.1,MANUAL,0,0,0.0,0.0,0.0,4.17,6.89,CENTER_DUAL,211.5,-108.5,1.0,,
17:45:04.268,7.1,MANUAL,0,0,0.0,0.0,0.0,4.17,6.89,RIGHT_LANE_ONLY,307.4,-12.6,0.5,,
17:45:05.296,6.4,MANUAL,0,0,0.0,0.0,0.0,4.17,6.89,CENTER_DUAL,320.4,0.4,1.0,,
17:45:06.344,5.3,MANUAL,0,0,0.0,0.0,0.0,4.17,6.89,CENTER_DUAL,235.5,-84.5,1.0,,
17:45:07.460,5.4,MANUAL,0,0,0.0,0.0,0.0,4.17,6.89,CENTER_DUAL,236.1,-83.9,1.0,,
17:45:08.584,5.4,MANUAL,0,0,0.0,0.0,0.0,4.17,6.89,CENTER_DUAL,309.6,-10.4,1.0,,
17:45:09.685,5.4,MANUAL,0,0,0.0,0.0,0.0,4.17,6.89,CENTER_DUAL,369.7,49.7,1.0,,
17:45:10.711,5.9,MANUAL,0,0,0.0,0.0,0.0,4.17,6.89,CENTER_DUAL,372.5,52.5,1.0,,
17:45:11.864,5.8,MANUAL,0,0,0.0,0.0,0.0,4.17,6.89,CENTER_DUAL,392.6,72.6,1.0,,
17:45:12.887,6.3,MANUAL,0,0,0.0,0.0,0.0,4.17,6.89,CENTER_DUAL,374.4,54.4,1.0,,
17:45:13.931,7.1,MANUAL,0,0,0.0,0.0,0.0,4.17,6.89,RIGHT_LANE_ONLY,527.3,207.3,0.5,,
17:45:15.078,7.1,MANUAL,0,0,0.0,0.0,0.0,4.17,6.89,LEFT_LANE_ONLY,311.5,-8.5,0.5,,
17:45:16.182,7.2,MANUAL,0,0,0.0,0.0,0.0,4.17,6.89,CENTER_DUAL,262.5,-57.5,1.0,,
17:45:17.221,6.3,MANUAL,0,0,0.0,0.0,0.0,4.17,6.89,LEFT_LANE_ONLY,269.4,-50.6,0.5,,
17:45:18.264,7.1,MANUAL,0,0,0.0,0.0,0.0,4.17,6.89,RIGHT_LANE_ONLY,200.6,-119.4,0.5,,
17:45:19.364,5.3,MANUAL,0,0,0.0,0.0,0.0,4.17,6.89,RIGHT_LANE_ONLY,197.8,-122.2,0.5,,
17:45:20.540,5.3,MANUAL,0,0,0.0,0.0,0.0,4.17,6.89,CENTER_DUAL,246.2,-73.8,1.0,,
17:45:21.709,5.4,MANUAL,0,0,0.0,0.0,0.0,4.17,6.89,CENTER_DUAL,283.7,-36.3,1.0,,
17:45:22.785,5.9,MANUAL,0,0,0.0,0.0,0.0,4.17,6.89,CENTER_DUAL,257.0,-63.0,1.0,,
17:45:23.811,8.0,MANUAL,0,0,0.0,0.0,0.0,4.17,6.89,CENTER_DUAL,390.7,70.7,1.0,,
17:45:24.948,7.3,MANUAL,0,0,0.0,0.0,0.0,4.17,6.89,CENTER_DUAL,323.7,3.7,1.0,,
17:45:26.112,6.4,MANUAL,0,0,0.0,0.0,0.0,4.17,6.89,CENTER_DUAL,229.8,-90.2,1.0,,
17:45:27.158,5.8,MANUAL,0,0,0.0,0.0,0.0,4.17,6.89,RIGHT_LANE_ONLY,353.4,33.4,0.5,,
17:45:28.211,5.9,MANUAL,0,0,0.0,0.0,0.0,4.17,6.89,CENTER_DUAL,-91.5,-411.5,1.0,,
17:45:29.338,7.2,MANUAL,0,0,0.0,0.0,0.0,4.17,6.89,CENTER_DUAL,238.1,-81.9,1.0,,
17:45:30.465,7.1,MANUAL,0,0,0.0,0.0,0.0,4.17,6.89,RIGHT_LANE_ONLY,326.4,6.4,0.5,,
17:45:31.592,6.5,MANUAL,0,0,0.0,0.0,0.0,4.17,6.89,RIGHT_LANE_ONLY,327.5,7.5,0.5,,
17:45:32.664,5.3,MANUAL,0,0,0.0,0.0,0.0,4.17,6.89,CENTER_DUAL,225.3,-94.7,1.0,,
17:45:33.816,4.6,MANUAL,0,0,0.0,0.0,0.0,4.17,6.89,RIGHT_LANE_ONLY,245.5,-74.5,0.5,,
17:45:34.974,5.4,MANUAL,0,0,0.0,0.0,0.0,4.17,6.89,CENTER_DUAL,235.9,-84.1,1.0,,
17:45:36.152,5.4,MANUAL,0,0,0.0,0.0,0.0,4.17,6.89,CENTER_DUAL,240.2,-79.8,1.0,,
17:45:37.333,5.0,MANUAL,0,0,0.0,0.0,0.0,4.17,6.89,CENTER_DUAL,264.0,-56.0,1.0,,
17:45:38.367,4.9,MANUAL,0,0,0.0,0.0,0.0,4.17,6.89,RIGHT_LANE_ONLY,290.6,-29.4,0.5,,
17:45:39.492,4.9,MANUAL,0,0,0.0,0.0,0.0,4.17,6.89,CENTER_DUAL,355.4,35.4,1.0,,
17:45:40.634,6.5,MANUAL,0,0,0.0,0.0,0.0,4.17,6.89,CENTER_DUAL,394.3,74.3,1.0,,
17:45:41.755,5.0,MANUAL,0,0,0.0,0.0,0.0,4.17,6.89,CENTER_DUAL,383.6,63.6,1.0,,
17:45:42.928,5.3,MANUAL,0,0,0.0,0.0,0.0,4.17,6.89,CENTER_DUAL,395.0,75.0,1.0,,
17:45:43.937,4.9,MANUAL,0,0,0.0,0.0,0.0,4.17,6.89,CENTER_DUAL,407.2,87.2,1.0,,
17:45:44.942,5.0,MANUAL,0,0,0.0,0.0,0.0,4.17,6.89,CENTER_DUAL,364.9,44.9,1.0,,
17:45:46.126,5.3,MANUAL,0,0,0.0,0.0,0.0,4.17,6.89,CENTER_DUAL,333.9,13.9,1.0,,
17:45:47.246,5.4,MANUAL,0,0,0.0,0.0,0.0,4.17,6.89,CENTER_DUAL,339.9,19.9,1.0,,
17:45:48.296,5.0,MANUAL,0,0,0.0,0.0,0.0,4.17,6.89,RIGHT_LANE_ONLY,366.6,46.6,0.5,,
17:45:49.415,5.3,MANUAL,0,0,0.0,0.0,0.0,4.17,6.89,CENTER_DUAL,217.5,-102.5,1.0,,
17:45:50.454,6.5,MANUAL,0,0,0.0,0.0,0.0,4.17,6.89,RIGHT_LANE_ONLY,73.9,-246.1,0.5,,
17:45:51.540,5.8,MANUAL,0,0,0.0,0.0,0.0,4.17,6.89,CENTER_DUAL,215.9,-104.1,1.0,,
17:45:52.686,5.4,MANUAL,0,0,0.0,0.0,0.0,4.17,6.89,CENTER_DUAL,342.2,22.2,1.0,,
17:45:53.803,5.9,MANUAL,0,0,0.0,0.0,0.0,4.17,6.89,RIGHT_LANE_ONLY,369.9,49.9,0.5,,
17:45:54.807,5.9,MANUAL,0,0,0.0,0.0,0.0,4.17,6.89,CENTER_DUAL,241.1,-78.9,1.0,,
17:45:55.947,5.9,MANUAL,0,0,0.0,0.0,0.0,4.17,6.89,RIGHT_LANE_ONLY,246.5,-73.5,0.5,,
17:45:57.012,7.3,MANUAL,0,0,0.0,0.0,0.0,4.17,6.89,CENTER_DUAL,360.2,40.2,1.0,,
17:45:58.142,5.8,MANUAL,0,0,0.0,0.0,0.0,4.17,6.89,CENTER_DUAL,386.3,66.3,1.0,,
17:45:59.253,5.9,MANUAL,0,0,0.0,0.0,0.0,4.17,6.89,CENTER_DUAL,287.1,-32.9,1.0,,
17:46:00.416,6.3,MANUAL,0,0,0.0,0.0,0.0,4.17,6.89,CENTER_DUAL,269.8,-50.2,1.0,,
17:46:01.422,6.4,MANUAL,0,0,0.0,0.0,0.0,4.17,6.89,CENTER_DUAL,356.2,36.2,1.0,,
17:46:02.535,5.9,MANUAL,0,0,0.0,0.0,0.0,4.17,6.89,CENTER_DUAL,188.3,-131.7,1.0,,
17:46:03.570,5.4,MANUAL,0,0,0.0,0.0,0.0,4.17,6.89,CENTER_DUAL,247.3,-72.7,1.0,,
17:46:04.584,8.1,MANUAL,0,0,0.0,0.0,0.0,4.17,6.89,CENTER_DUAL,206.0,-114.0,1.0,,
17:46:05.588,8.0,MANUAL,0,0,0.0,0.0,0.0,4.17,6.89,CENTER_DUAL,185.5,-134.5,1.0,,
17:46:06.661,7.2,MANUAL,0,0,0.0,0.0,0.0,4.17,6.89,CENTER_DUAL,507.2,187.2,1.0,,
17:46:07.695,6.4,MANUAL,0,0,0.0,0.0,0.0,4.17,6.89,CENTER_DUAL,440.0,120.0,1.0,,
17:46:08.809,5.8,MANUAL,0,0,0.0,0.0,0.0,4.17,6.89,RIGHT_LANE_ONLY,493.5,173.5,0.5,,
17:46:09.956,6.4,MANUAL,0,0,0.0,0.0,0.0,4.17,6.89,RIGHT_LANE_ONLY,438.8,118.8,0.5,,
17:46:11.118,5.8,MANUAL,0,0,0.0,0.0,0.0,4.17,6.89,CENTER_DUAL,222.9,-97.1,1.0,,
17:46:12.243,5.4,MANUAL,0,0,0.0,0.0,0.0,4.17,6.89,CENTER_DUAL,201.0,-119.0,1.0,,
17:46:13.252,5.9,MANUAL,0,0,0.0,0.0,0.0,4.17,6.89,RIGHT_LANE_ONLY,400.4,80.4,0.5,,
17:46:14.348,7.2,MANUAL,0,0,0.0,0.0,0.0,4.17,6.89,CENTER_DUAL,229.0,-91.0,1.0,,
17:46:15.447,6.5,MANUAL,0,0,0.0,0.0,0.0,4.17,6.89,CENTER_DUAL,367.3,47.3,1.0,,
17:46:16.539,7.9,MANUAL,0,0,0.0,0.0,0.0,4.17,6.89,CENTER_DUAL,348.0,28.0,1.0,,
17:46:17.658,6.5,MANUAL,0,0,0.0,0.0,0.0,4.17,6.89,RIGHT_LANE_ONLY,340.8,20.8,0.5,,
17:46:18.721,7.2,MANUAL,0,0,0.0,0.0,0.0,4.17,6.89,CENTER_DUAL,330.4,10.4,1.0,,
17:46:19.762,7.1,MANUAL,0,0,0.0,0.0,0.0,4.17,6.89,CENTER_DUAL,336.9,16.9,1.0,,
17:46:20.886,7.1,MANUAL,0,0,0.0,0.0,0.0,4.17,6.89,CENTER_DUAL,164.4,-155.6,1.0,,
17:46:21.903,7.0,MANUAL,0,0,0.0,0.0,0.0,4.17,6.89,RIGHT_LANE_ONLY,97.7,-222.3,0.5,,
17:46:23.039,6.4,MANUAL,0,0,0.0,0.0,0.0,4.17,6.89,CENTER_DUAL,315.8,-4.2,1.0,,
17:46:24.142,6.5,MANUAL,0,0,0.0,0.0,0.0,4.17,6.89,CENTER_DUAL,163.7,-156.3,1.0,,
17:46:25.202,7.1,MANUAL,0,0,0.0,0.0,0.0,4.17,6.89,CENTER_DUAL,266.0,-54.0,1.0,,
17:46:26.349,7.2,MANUAL,0,0,0.0,0.0,0.0,4.17,6.89,CENTER_DUAL,215.9,-104.1,1.0,,
17:46:27.426,6.5,MANUAL,0,0,0.0,0.0,0.0,4.17,6.89,CENTER_DUAL,253.8,-66.2,1.0,,
17:46:28.427,8.1,MANUAL,0,0,0.0,0.0,0.0,4.17,6.89,CENTER_DUAL,199.1,-120.9,1.0,,
17:46:29.431,8.0,MANUAL,0,0,0.0,0.0,0.0,4.17,6.89,LEFT_LANE_ONLY,265.9,-54.1,0.5,,
17:46:30.549,7.3,MANUAL,0,0,0.0,0.0,0.0,4.17,6.89,RIGHT_LANE_ONLY,133.8,-186.2,0.5,,
17:46:31.619,6.4,MANUAL,0,0,0.0,0.0,0.0,4.17,6.89,RIGHT_LANE_ONLY,152.2,-167.8,0.5,,
17:46:32.738,7.1,MANUAL,0,0,0.0,0.0,0.0,4.17,6.89,RIGHT_LANE_ONLY,159.5,-160.5,0.5,,
17:46:33.744,7.1,MANUAL,0,0,0.0,0.0,0.0,4.17,6.89,LEFT_LANE_ONLY,357.1,37.1,0.5,,
17:46:34.864,8.0,MANUAL,0,0,0.0,0.0,0.0,4.17,6.89,CENTER_DUAL,125.6,-194.4,1.0,,
17:46:35.938,5.8,MANUAL,0,0,0.0,0.0,0.0,4.17,6.89,CENTER_DUAL,355.9,35.9,1.0,,
17:46:37.012,5.3,MANUAL,0,0,0.0,0.0,0.0,4.17,6.89,CENTER_DUAL,314.8,-5.2,1.0,,
17:46:38.086,5.4,MANUAL,0,0,0.0,0.0,0.0,4.17,6.89,RIGHT_LANE_ONLY,273.1,-46.9,0.5,,
17:46:39.140,7.1,MANUAL,0,0,0.0,0.0,0.0,4.17,6.89,CENTER_DUAL,260.3,-59.7,1.0,,
17:46:40.253,7.2,MANUAL,0,0,0.0,0.0,0.0,4.17,6.89,CENTER_DUAL,286.2,-33.8,1.0,,
17:46:41.388,7.1,MANUAL,0,0,0.0,0.0,0.0,4.17,6.89,CENTER_DUAL,276.3,-43.7,1.0,,
17:46:42.468,7.2,MANUAL,0,0,0.0,0.0,0.0,4.17,6.89,CENTER_DUAL,341.3,21.3,1.0,,
17:46:43.645,5.3,MANUAL,0,0,0.0,0.0,0.0,4.17,6.89,CENTER_DUAL,331.3,11.3,1.0,,
17:46:44.694,5.9,MANUAL,0,0,0.0,0.0,0.0,4.17,6.89,RIGHT_LANE_ONLY,292.9,-27.1,0.5,,
17:46:45.773,8.1,MANUAL,0,0,0.0,0.0,0.0,4.17,6.89,CENTER_DUAL,277.3,-42.7,1.0,,
17:46:46.782,7.2,MANUAL,0,0,0.0,0.0,0.0,4.17,6.89,CENTER_DUAL,218.1,-101.9,1.0,,
17:46:47.908,5.8,MANUAL,0,0,0.0,0.0,0.0,4.17,6.89,CENTER_DUAL,299.5,-20.5,1.0,,
17:46:48.943,7.0,MANUAL,0,0,0.0,0.0,0.0,4.17,6.89,CENTER_DUAL,301.4,-18.6,1.0,,
17:46:49.969,7.2,MANUAL,0,0,0.0,0.0,0.0,4.17,6.89,LEFT_LANE_ONLY,309.7,-10.3,0.5,,
17:46:51.013,6.4,MANUAL,0,0,0.0,0.0,0.0,4.17,6.89,CENTER_DUAL,304.3,-15.7,1.0,,
17:46:52.069,8.1,MANUAL,0,0,0.0,0.0,0.0,4.17,6.89,CENTER_DUAL,72.4,-247.6,1.0,,
17:46:53.204,6.4,MANUAL,0,0,0.0,0.0,0.0,4.17,6.89,CENTER_DUAL,317.8,-2.2,1.0,,
17:46:54.244,6.4,MANUAL,0,0,0.0,0.0,0.0,4.17,6.89,LEFT_LANE_ONLY,248.9,-71.1,0.5,,
17:46:55.304,5.5,MANUAL,0,0,0.0,0.0,0.0,4.17,6.89,CENTER_DUAL,308.7,-11.3,1.0,,
17:46:56.432,4.9,MANUAL,0,0,0.0,0.0,0.0,4.17,6.89,CENTER_DUAL,293.9,-26.1,1.0,,
17:46:57.490,4.9,MANUAL,0,0,0.0,0.0,0.0,4.17,6.89,CENTER_DUAL,323.5,3.5,1.0,,
17:46:58.500,5.0,MANUAL,0,0,0.0,0.0,0.0,4.17,6.89,CENTER_DUAL,324.6,4.6,1.0,,
17:46:59.665,5.8,MANUAL,0,0,0.0,0.0,0.0,4.17,6.89,CENTER_DUAL,326.5,6.5,1.0,,
17:47:00.737,5.9,MANUAL,0,0,0.0,0.0,0.0,4.17,6.89,CENTER_DUAL,361.1,41.1,1.0,,
17:47:01.742,8.0,MANUAL,0,0,0.0,0.0,0.0,4.17,6.89,CENTER_DUAL,-494.8,-814.8,1.0,,
17:47:02.749,8.0,MANUAL,0,0,0.0,0.0,0.0,4.17,6.89,CENTER_DUAL,-1162.8,-1482.8,1.0,,
17:47:03.825,7.1,MANUAL,0,0,0.0,0.0,0.0,4.17,6.89,LEFT_LANE_ONLY,-714.4,-1034.4,0.5,,
17:47:04.957,5.9,MANUAL,0,0,0.0,0.0,0.0,4.17,6.89,CENTER_DUAL,218.2,-101.8,1.0,,
17:47:06.012,6.4,MANUAL,0,0,0.0,0.0,0.0,4.17,6.89,LEFT_LANE_ONLY,163.5,-156.5,0.5,,
17:47:07.132,5.4,MANUAL,0,0,0.0,0.0,0.0,4.17,6.89,CENTER_DUAL,280.9,-39.1,1.0,,
17:47:08.305,5.3,MANUAL,0,0,0.0,0.0,0.0,4.17,6.89,CENTER_DUAL,282.4,-37.6,1.0,,
17:47:09.427,4.9,MANUAL,0,0,0.0,0.0,0.0,4.17,6.89,CENTER_DUAL,300.0,-20.0,1.0,,
17:47:10.538,6.4,MANUAL,0,0,0.0,0.0,0.0,4.17,6.89,CENTER_DUAL,305.8,-14.2,1.0,,
17:47:11.580,5.9,MANUAL,0,0,0.0,0.0,0.0,4.17,6.89,CENTER_DUAL,323.4,3.4,1.0,,
17:47:12.648,5.8,MANUAL,0,0,0.0,0.0,0.0,4.17,6.89,CENTER_DUAL,328.2,8.2,1.0,,
17:47:13.714,5.8,MANUAL,0,0,0.0,0.0,0.0,4.17,6.89,CENTER_DUAL,328.5,8.5,1.0,,
17:47:14.812,5.4,MANUAL,0,0,0.0,0.0,0.0,4.17,6.89,CENTER_DUAL,358.2,38.2,1.0,,
17:47:15.837,4.9,MANUAL,0,0,0.0,0.0,0.0,4.17,6.89,CENTER_DUAL,374.3,54.3,1.0,,
17:47:16.998,5.0,MANUAL,0,0,0.0,0.0,0.0,4.17,6.89,CENTER_DUAL,385.5,65.5,1.0,,
17:47:18.112,7.1,MANUAL,0,0,0.0,0.0,0.0,4.17,6.89,CENTER_DUAL,371.9,51.9,1.0,,
17:47:19.285,4.6,MANUAL,0,0,0.0,0.0,0.0,4.17,6.89,CENTER_DUAL,366.8,46.8,1.0,,
17:47:20.326,4.6,MANUAL,0,0,0.0,0.0,0.0,4.17,6.89,CENTER_DUAL,345.6,25.6,1.0,,
17:47:21.381,5.0,MANUAL,0,0,0.0,0.0,0.0,4.17,6.89,CENTER_DUAL,329.5,9.5,1.0,,
17:47:22.413,4.9,MANUAL,0,0,0.0,0.0,0.0,4.17,6.89,CENTER_DUAL,319.1,-0.9,1.0,,
17:47:23.448,4.2,MANUAL,0,0,0.0,0.0,0.0,4.17,6.89,CENTER_DUAL,317.1,-2.9,1.0,,
17:47:24.568,4.6,MANUAL,0,0,0.0,0.0,0.0,4.17,6.89,CENTER_DUAL,316.4,-3.6,1.0,,
17:47:25.639,4.6,MANUAL,0,0,0.0,0.0,0.0,4.17,6.89,CENTER_DUAL,313.5,-6.5,1.0,,
17:47:26.715,5.0,MANUAL,0,0,0.0,0.0,0.0,4.17,6.89,CENTER_DUAL,295.8,-24.2,1.0,,
17:47:27.797,4.6,MANUAL,0,0,0.0,0.0,0.0,4.17,6.89,CENTER_DUAL,289.7,-30.3,1.0,,
17:47:28.842,4.6,MANUAL,0,0,0.0,0.0,0.0,4.17,6.89,CENTER_DUAL,272.5,-47.5,1.0,,
17:47:30.052,3.8,MANUAL,0,0,0.0,0.0,0.0,4.17,6.89,CENTER_DUAL,269.0,-51.0,1.0,,
17:47:31.061,4.3,MANUAL,0,0,0.0,0.0,0.0,4.17,6.89,CENTER_DUAL,376.0,56.0,1.0,,
17:47:32.246,4.3,MANUAL,0,0,0.0,0.0,0.0,4.17,6.89,CENTER_DUAL,366.4,46.4,1.0,,
17:47:33.321,4.6,MANUAL,0,0,0.0,0.0,0.0,4.17,6.89,CENTER_DUAL,385.5,65.5,1.0,,
17:47:34.337,5.4,MANUAL,0,0,0.0,0.0,0.0,4.17,6.89,CENTER_DUAL,403.1,83.1,1.0,,
17:47:35.572,4.7,MANUAL,0,0,0.0,0.0,0.0,4.17,6.89,CENTER_DUAL,403.0,83.0,1.0,,
17:47:36.671,5.3,MANUAL,0,0,0.0,0.0,0.0,4.17,6.89,CENTER_DUAL,401.0,81.0,1.0,,
17:47:37.688,6.5,MANUAL,0,0,0.0,0.0,0.0,4.17,6.89,LEFT_LANE_ONLY,492.9,172.9,0.5,,
17:47:38.752,6.4,MANUAL,0,0,0.0,0.0,0.0,4.17,6.89,RIGHT_LANE_ONLY,178.5,-141.5,0.5,,
17:47:39.828,7.2,MANUAL,0,0,0.0,0.0,0.0,4.17,6.89,CENTER_DUAL,187.8,-132.2,1.0,,
17:47:40.870,7.2,MANUAL,0,0,0.0,0.0,0.0,4.17,6.89,LEFT_LANE_ONLY,272.8,-47.2,0.5,,
17:47:41.878,5.4,MANUAL,0,0,0.0,0.0,0.0,4.17,6.89,CENTER_DUAL,359.2,39.2,1.0,,
17:47:42.931,5.9,MANUAL,0,0,0.0,0.0,0.0,4.17,6.89,CENTER_DUAL,186.9,-133.1,1.0,,
17:47:44.150,4.9,MANUAL,0,0,0.0,0.0,0.0,4.17,6.89,CENTER_DUAL,169.8,-150.2,1.0,,
17:47:45.289,5.0,MANUAL,0,0,0.0,0.0,0.0,4.17,6.89,CENTER_DUAL,205.1,-114.9,1.0,,
17:47:46.381,4.9,MANUAL,0,0,0.0,0.0,0.0,4.17,6.89,CENTER_DUAL,282.7,-37.3,1.0,,
17:47:47.581,4.2,MANUAL,0,0,0.0,0.0,0.0,4.17,6.89,CENTER_DUAL,293.9,-26.1,1.0,,
17:47:48.753,4.0,MANUAL,0,0,0.0,0.0,0.0,4.17,6.89,CENTER_DUAL,301.2,-18.8,1.0,,
17:47:49.796,3.6,MANUAL,0,0,0.0,0.0,0.0,4.17,6.89,CENTER_DUAL,325.5,5.5,1.0,,
17:47:50.813,4.3,MANUAL,0,0,0.0,0.0,0.0,4.17,6.89,CENTER_DUAL,311.1,-8.9,1.0,,
17:47:51.975,4.3,MANUAL,0,0,0.0,0.0,0.0,4.17,6.89,CENTER_DUAL,301.8,-18.2,1.0,,
17:47:52.990,4.3,MANUAL,0,0,0.0,0.0,0.0,4.17,6.89,CENTER_DUAL,303.2,-16.8,1.0,,
17:47:54.173,5.3,MANUAL,0,0,0.0,0.0,0.0,4.17,6.89,CENTER_DUAL,264.0,-56.0,1.0,,
17:47:55.340,4.3,MANUAL,0,0,0.0,0.0,0.0,4.17,6.89,CENTER_DUAL,317.3,-2.7,1.0,,
17:47:56.537,4.3,MANUAL,0,0,0.0,0.0,0.0,4.17,6.89,CENTER_DUAL,338.5,18.5,1.0,,
17:47:57.702,3.1,MANUAL,0,0,0.0,0.0,0.0,4.17,6.89,CENTER_DUAL,342.1,22.1,1.0,,
17:47:58.903,4.2,MANUAL,0,0,0.0,0.0,0.0,4.17,6.89,CENTER_DUAL,336.7,16.7,1.0,,
17:47:59.971,4.6,MANUAL,0,0,0.0,0.0,0.0,4.17,6.89,CENTER_DUAL,-125.2,-445.2,1.0,,
17:48:01.078,4.2,MANUAL,0,0,0.0,0.0,0.0,4.17,6.89,CENTER_DUAL,-340.9,-660.9,1.0,,
17:48:02.242,4.0,MANUAL,0,0,0.0,0.0,0.0,4.17,6.89,CENTER_DUAL,-379.0,-699.0,1.0,,
17:48:03.351,4.6,MANUAL,0,0,0.0,0.0,0.0,4.17,6.89,CENTER_DUAL,-348.2,-668.2,1.0,,
17:48:04.542,5.0,MANUAL,0,0,0.0,0.0,0.0,4.17,6.89,CENTER_DUAL,-363.0,-683.0,1.0,,
17:48:05.593,5.9,MANUAL,0,0,0.0,0.0,0.0,4.17,6.89,CENTER_DUAL,-310.1,-630.1,1.0,,
17:48:06.754,7.1,MANUAL,0,0,0.0,0.0,0.0,4.17,6.89,CENTER_DUAL,-34.5,-354.5,1.0,,
17:48:07.867,5.4,MANUAL,0,0,0.0,0.0,0.0,4.17,6.89,CENTER_DUAL,140.8,-179.2,1.0,,
17:48:08.907,3.7,MANUAL,0,0,0.0,0.0,0.0,4.17,6.89,CENTER_DUAL,261.5,-58.5,1.0,,
17:48:10.093,5.4,MANUAL,0,0,0.0,0.0,0.0,4.17,6.89,CENTER_DUAL,345.5,25.5,1.0,,
17:48:11.201,4.0,MANUAL,0,0,0.0,0.0,0.0,4.17,6.89,CENTER_DUAL,312.4,-7.6,1.0,,
17:48:12.304,4.3,MANUAL,0,0,0.0,0.0,0.0,4.17,6.89,CENTER_DUAL,314.6,-5.4,1.0,,
17:48:13.450,4.3,MANUAL,0,0,0.0,0.0,0.0,4.17,6.89,CENTER_DUAL,314.8,-5.2,1.0,,
17:48:14.469,5.4,MANUAL,0,0,0.0,0.0,0.0,4.17,6.89,CENTER_DUAL,316.1,-3.9,1.0,,
17:48:15.515,4.6,MANUAL,0,0,0.0,0.0,0.0,4.17,6.89,CENTER_DUAL,354.5,34.5,1.0,,
17:48:16.578,4.9,MANUAL,0,0,0.0,0.0,0.0,4.17,6.89,CENTER_DUAL,376.9,56.9,1.0,,
17:48:17.688,4.9,MANUAL,0,0,0.0,0.0,0.0,4.17,6.89,CENTER_DUAL,359.2,39.2,1.0,,
17:48:18.690,5.3,MANUAL,0,0,0.0,0.0,0.0,4.17,6.89,CENTER_DUAL,502.0,182.0,1.0,,
17:48:19.702,4.6,MANUAL,0,0,0.0,0.0,0.0,4.17,6.89,CENTER_DUAL,280.0,-40.0,1.0,,
17:48:20.784,4.6,MANUAL,0,0,0.0,0.0,0.0,4.17,6.89,CENTER_DUAL,268.6,-51.4,1.0,,
17:48:21.873,4.6,MANUAL,0,0,0.0,0.0,0.0,4.17,6.89,CENTER_DUAL,265.9,-54.1,1.0,,
17:48:22.985,4.6,MANUAL,0,0,0.0,0.0,0.0,4.17,6.89,CENTER_DUAL,264.8,-55.2,1.0,,
17:48:24.068,4.6,MANUAL,0,0,0.0,0.0,0.0,4.17,6.89,CENTER_DUAL,254.3,-65.7,1.0,,
17:48:25.091,4.6,MANUAL,0,0,0.0,0.0,0.0,4.17,6.89,CENTER_DUAL,208.8,-111.2,1.0,,
17:48:26.141,4.6,MANUAL,0,0,0.0,0.0,0.0,4.17,6.89,CENTER_DUAL,175.8,-144.2,1.0,,
17:48:27.206,4.6,MANUAL,0,0,0.0,0.0,0.0,4.17,6.89,CENTER_DUAL,166.9,-153.1,1.0,,
17:48:28.227,5.0,MANUAL,0,0,0.0,0.0,0.0,4.17,6.89,CENTER_DUAL,140.7,-179.3,1.0,,
17:48:29.300,4.5,MANUAL,0,0,0.0,0.0,0.0,4.17,6.89,CENTER_DUAL,239.7,-80.3,1.0,,
17:48:30.377,7.0,MANUAL,0,0,0.0,0.0,0.0,4.17,6.89,CENTER_DUAL,273.6,-46.4,1.0,,
17:48:31.434,7.1,MANUAL,0,0,0.0,0.0,0.0,4.17,6.89,CENTER_DUAL,231.3,-88.7,1.0,,
17:48:32.571,7.2,MANUAL,0,0,0.0,0.0,0.0,4.17,6.89,CENTER_DUAL,261.3,-58.7,1.0,,
17:48:33.621,5.3,MANUAL,0,0,0.0,0.0,0.0,4.17,6.89,RIGHT_LANE_ONLY,137.8,-182.2,0.5,,
17:48:34.782,4.6,MANUAL,0,0,0.0,0.0,0.0,4.17,6.89,CENTER_DUAL,377.6,57.6,1.0,,
17:48:35.950,5.0,MANUAL,0,0,0.0,0.0,0.0,4.17,6.89,CENTER_DUAL,404.9,84.9,1.0,,
17:48:37.089,5.0,MANUAL,0,0,0.0,0.0,0.0,4.17,6.89,CENTER_DUAL,406.3,86.3,1.0,,
17:48:38.215,5.4,MANUAL,0,0,0.0,0.0,0.0,4.17,6.89,CENTER_DUAL,407.4,87.4,1.0,,
17:48:39.354,5.4,MANUAL,0,0,0.0,0.0,0.0,4.17,6.89,CENTER_DUAL,408.1,88.1,1.0,,
17:48:40.520,5.3,MANUAL,0,0,0.0,0.0,0.0,4.17,6.89,CENTER_DUAL,408.5,88.5,1.0,,
17:48:41.662,5.0,MANUAL,0,0,0.0,0.0,0.0,4.17,6.89,CENTER_DUAL,408.8,88.8,1.0,,
17:48:42.816,5.0,MANUAL,0,0,0.0,0.0,0.0,4.17,6.89,CENTER_DUAL,398.4,78.4,1.0,,
17:48:43.987,5.3,MANUAL,0,0,0.0,0.0,0.0,4.17,6.89,CENTER_DUAL,379.7,59.7,1.0,,
17:48:45.086,5.3,MANUAL,0,0,0.0,0.0,0.0,4.17,6.89,RIGHT_LANE_ONLY,294.7,-25.3,0.5,,
17:48:46.094,5.4,MANUAL,0,0,0.0,0.0,0.0,4.17,6.89,CENTER_DUAL,344.3,24.3,1.0,,
17:48:47.221,7.2,MANUAL,0,0,0.0,0.0,0.0,4.17,6.89,CENTER_DUAL,313.1,-6.9,1.0,,
17:48:48.258,7.9,MANUAL,0,0,0.0,0.0,0.0,4.17,6.89,CENTER_DUAL,336.0,16.0,1.0,,
17:48:49.307,7.9,MANUAL,0,0,0.0,0.0,0.0,4.17,6.89,RIGHT_LANE_ONLY,357.9,37.9,0.5,,
17:48:50.344,8.1,MANUAL,0,0,0.0,0.0,0.0,4.17,6.89,RIGHT_LANE_ONLY,296.3,-23.7,0.5,,
17:48:51.493,5.4,MANUAL,0,0,0.0,0.0,0.0,4.17,6.89,RIGHT_LANE_ONLY,301.4,-18.6,0.5,,
17:48:52.673,5.4,MANUAL,0,0,0.0,0.0,0.0,4.17,6.89,RIGHT_LANE_ONLY,326.7,6.7,0.5,,
17:48:53.786,7.2,MANUAL,0,0,0.0,0.0,0.0,4.17,6.89,CENTER_DUAL,238.9,-81.1,1.0,,
17:48:54.879,7.3,MANUAL,0,0,0.0,0.0,0.0,4.17,6.89,RIGHT_LANE_ONLY,-346.4,-666.4,0.5,,
17:48:55.993,7.2,MANUAL,0,0,0.0,0.0,0.0,4.17,6.89,CENTER_DUAL,341.2,21.2,1.0,,
17:48:56.997,6.3,MANUAL,0,0,0.0,0.0,0.0,4.17,6.89,CENTER_DUAL,354.6,34.6,1.0,,
17:48:58.133,7.1,MANUAL,0,0,0.0,0.0,0.0,4.17,6.89,CENTER_DUAL,308.9,-11.1,1.0,,
17:48:59.205,6.4,MANUAL,0,0,0.0,0.0,0.0,4.17,6.89,CENTER_DUAL,279.7,-40.3,1.0,,
17:49:00.239,6.4,MANUAL,0,0,0.0,0.0,0.0,4.17,6.89,CENTER_DUAL,287.0,-33.0,1.0,,
17:49:01.258,7.2,MANUAL,0,0,0.0,0.0,0.0,4.17,6.89,RIGHT_LANE_ONLY,252.6,-67.4,0.5,,
17:49:02.323,6.5,MANUAL,0,0,0.0,0.0,0.0,4.17,6.89,CENTER_DUAL,285.2,-34.8,1.0,,
17:49:03.375,6.5,MANUAL,0,0,0.0,0.0,0.0,4.17,6.89,CENTER_DUAL,289.4,-30.6,1.0,,
17:49:04.443,6.5,MANUAL,0,0,0.0,0.0,0.0,4.17,6.89,RIGHT_LANE_ONLY,255.8,-64.2,0.5,,
17:49:05.510,6.3,MANUAL,0,0,0.0,0.0,0.0,4.17,6.89,CENTER_DUAL,285.6,-34.4,1.0,,
17:49:06.572,6.4,MANUAL,0,0,0.0,0.0,0.0,4.17,6.89,CENTER_DUAL,289.6,-30.4,1.0,,
17:49:07.633,7.3,MANUAL,0,0,0.0,0.0,0.0,4.17,6.89,RIGHT_LANE_ONLY,256.1,-63.9,0.5,,
17:49:08.650,6.5,MANUAL,0,0,0.0,0.0,0.0,4.17,6.89,CENTER_DUAL,285.6,-34.4,1.0,,
17:49:09.697,6.5,MANUAL,0,0,0.0,0.0,0.0,4.17,6.89,CENTER_DUAL,289.5,-30.5,1.0,,
17:49:10.742,6.5,MANUAL,0,0,0.0,0.0,0.0,4.17,6.89,CENTER_DUAL,285.8,-34.2,1.0,,
17:49:11.809,6.4,MANUAL,0,0,0.0,0.0,0.0,4.17,6.89,RIGHT_LANE_ONLY,253.8,-66.2,0.5,,
17:49:12.886,6.4,MANUAL,0,0,0.0,0.0,0.0,4.17,6.89,CENTER_DUAL,285.6,-34.4,1.0,,
17:49:13.981,6.4,MANUAL,0,0,0.0,0.0,0.0,4.17,6.89,RIGHT_LANE_ONLY,253.9,-66.1,0.5,,
17:49:15.068,6.4,MANUAL,0,0,0.0,0.0,0.0,4.17,6.89,CENTER_DUAL,285.6,-34.4,1.0,,
17:49:16.126,6.3,MANUAL,0,0,0.0,0.0,0.0,4.17,6.89,RIGHT_LANE_ONLY,253.5,-66.5,0.5,,
17:49:17.204,6.5,MANUAL,0,0,0.0,0.0,0.0,4.17,6.89,CENTER_DUAL,285.7,-34.3,1.0,,
17:49:18.286,6.3,MANUAL,0,0,0.0,0.0,0.0,4.17,6.89,RIGHT_LANE_ONLY,253.8,-66.2,0.5,,
17:49:19.354,6.5,MANUAL,0,0,0.0,0.0,0.0,4.17,6.89,CENTER_DUAL,285.6,-34.4,1.0,,
17:49:20.417,6.5,MANUAL,0,0,0.0,0.0,0.0,4.17,6.89,RIGHT_LANE_ONLY,254.0,-66.0,0.5,,
17:49:21.489,6.4,MANUAL,0,0,0.0,0.0,0.0,4.17,6.89,CENTER_DUAL,285.7,-34.3,1.0,,
17:49:22.554,6.5,MANUAL,0,0,0.0,0.0,0.0,4.17,6.89,RIGHT_LANE_ONLY,254.2,-65.8,0.5,,
17:49:23.600,6.5,MANUAL,0,0,0.0,0.0,0.0,4.17,6.89,CENTER_DUAL,285.8,-34.2,1.0,,
17:49:24.656,6.4,MANUAL,0,0,0.0,0.0,0.0,4.17,6.89,RIGHT_LANE_ONLY,254.1,-65.9,0.5,,
17:49:25.720,7.2,MANUAL,0,0,0.0,0.0,0.0,4.17,6.89,CENTER_DUAL,285.7,-34.3,1.0,,
17:49:26.795,6.4,MANUAL,0,0,0.0,0.0,0.0,4.17,6.89,RIGHT_LANE_ONLY,253.8,-66.2,0.5,,
17:49:27.902,6.4,MANUAL,0,0,0.0,0.0,0.0,4.17,6.89,CENTER_DUAL,285.7,-34.3,1.0,,
17:49:28.946,7.1,MANUAL,0,0,0.0,0.0,0.0,4.17,6.89,RIGHT_LANE_ONLY,253.9,-66.1,0.5,,
17:49:30.007,6.4,MANUAL,0,0,0.0,0.0,0.0,4.17,6.89,CENTER_DUAL,285.7,-34.3,1.0,,
17:49:31.065,7.0,MANUAL,0,0,0.0,0.0,0.0,4.17,6.89,RIGHT_LANE_ONLY,253.9,-66.1,0.5,,
17:49:32.141,6.5,MANUAL,0,0,0.0,0.0,0.0,4.17,6.89,CENTER_DUAL,285.8,-34.2,1.0,,
17:49:33.179,7.2,MANUAL,0,0,0.0,0.0,0.0,4.17,6.89,RIGHT_LANE_ONLY,253.9,-66.1,0.5,,
17:49:34.276,5.8,MANUAL,0,0,0.0,0.0,0.0,4.17,6.89,CENTER_DUAL,285.8,-34.2,1.0,,
17:49:35.280,5.8,MANUAL,0,0,0.0,0.0,0.0,4.17,6.89,CENTER_DUAL,285.7,-34.3,1.0,,
17:49:36.342,5.9,MANUAL,0,0,0.0,0.0,0.0,4.17,6.89,CENTER_DUAL,285.7,-34.3,1.0,,
17:49:37.368,6.4,MANUAL,0,0,0.0,0.0,0.0,4.17,6.89,CENTER_DUAL,285.8,-34.2,1.0,,
17:49:38.375,5.9,MANUAL,0,0,0.0,0.0,0.0,4.17,6.89,CENTER_DUAL,285.7,-34.3,1.0,,
17:49:39.393,5.4,MANUAL,0,0,0.0,0.0,0.0,4.17,6.89,CENTER_DUAL,285.6,-34.4,1.0,,
17:49:40.463,5.4,MANUAL,0,0,0.0,0.0,0.0,4.17,6.89,CENTER_DUAL,285.7,-34.3,1.0,,
17:49:41.593,7.1,MANUAL,0,0,0.0,0.0,0.0,4.17,6.89,RIGHT_LANE_ONLY,253.4,-66.6,0.5,,
17:49:42.673,6.5,MANUAL,0,0,0.0,0.0,0.0,4.17,6.89,CENTER_DUAL,285.7,-34.3,1.0,,
17:49:43.759,7.1,MANUAL,0,0,0.0,0.0,0.0,4.17,6.89,RIGHT_LANE_ONLY,253.4,-66.6,0.5,,
17:49:44.842,6.5,MANUAL,0,0,0.0,0.0,0.0,4.17,6.89,CENTER_DUAL,285.6,-34.4,1.0,,
17:49:45.906,6.6,MANUAL,0,0,0.0,0.0,0.0,4.17,6.89,RIGHT_LANE_ONLY,253.7,-66.3,0.5,,
17:49:46.956,7.2,MANUAL,0,0,0.0,0.0,0.0,4.17,6.89,CENTER_DUAL,285.7,-34.3,1.0,,
17:49:47.982,7.3,MANUAL,0,0,0.0,0.0,0.0,4.17,6.89,RIGHT_LANE_ONLY,253.8,-66.2,0.5,,
17:49:49.136,6.4,MANUAL,0,0,0.0,0.0,0.0,4.17,6.89,CENTER_DUAL,285.8,-34.2,1.0,,
17:49:50.246,6.5,MANUAL,0,0,0.0,0.0,0.0,4.17,6.89,RIGHT_LANE_ONLY,253.9,-66.1,0.5,,
17:49:51.394,6.4,MANUAL,0,0,0.0,0.0,0.0,4.17,6.89,CENTER_DUAL,285.7,-34.3,1.0,,
17:49:52.510,5.7,MANUAL,0,0,0.0,0.0,0.0,4.17,6.89,RIGHT_LANE_ONLY,253.6,-66.4,0.5,,
17:49:53.621,6.4,MANUAL,0,0,0.0,0.0,0.0,4.17,6.89,CENTER_DUAL,285.4,-34.6,1.0,,
17:49:54.700,7.3,MANUAL,0,0,0.0,0.0,0.0,4.17,6.89,RIGHT_LANE_ONLY,253.1,-66.9,0.5,,
17:49:55.801,6.4,MANUAL,0,0,0.0,0.0,0.0,4.17,6.89,CENTER_DUAL,285.5,-34.5,1.0,,
17:49:56.812,5.8,MANUAL,0,0,0.0,0.0,0.0,4.17,6.89,CENTER_DUAL,285.5,-34.5,1.0,,
17:49:57.841,4.9,MANUAL,0,0,0.0,0.0,0.0,4.17,6.89,CENTER_DUAL,285.5,-34.5,1.0,,
17:49:59.001,6.4,MANUAL,0,0,0.0,0.0,0.0,4.17,6.89,RIGHT_LANE_ONLY,253.1,-66.9,0.5,,
17:50:00.173,5.9,MANUAL,0,0,0.0,0.0,0.0,4.17,6.89,CENTER_DUAL,285.5,-34.5,1.0,,
17:50:01.249,6.5,MANUAL,0,0,0.0,0.0,0.0,4.17,6.89,CENTER_DUAL,285.6,-34.4,1.0,,
17:50:02.373,6.5,MANUAL,0,0,0.0,0.0,0.0,4.17,6.89,RIGHT_LANE_ONLY,253.4,-66.6,0.5,,
17:50:03.546,5.8,MANUAL,0,0,0.0,0.0,0.0,4.17,6.89,CENTER_DUAL,285.8,-34.2,1.0,,
17:50:04.658,5.9,MANUAL,0,0,0.0,0.0,0.0,4.17,6.89,RIGHT_LANE_ONLY,253.6,-66.4,0.5,,
17:50:05.740,5.8,MANUAL,0,0,0.0,0.0,0.0,4.17,6.89,CENTER_DUAL,285.8,-34.2,1.0,,
17:50:06.838,5.9,MANUAL,0,0,0.0,0.0,0.0,4.17,6.89,RIGHT_LANE_ONLY,253.9,-66.1,0.5,,
17:50:07.989,5.8,MANUAL,0,0,0.0,0.0,0.0,4.17,6.89,CENTER_DUAL,285.6,-34.4,1.0,,
17:50:09.069,6.5,MANUAL,0,0,0.0,0.0,0.0,4.17,6.89,RIGHT_LANE_ONLY,253.0,-67.0,0.5,,
17:50:10.127,6.5,MANUAL,0,0,0.0,0.0,0.0,4.17,6.89,CENTER_DUAL,285.6,-34.4,1.0,,
17:50:11.137,7.1,MANUAL,0,0,0.0,0.0,0.0,4.17,6.89,RIGHT_LANE_ONLY,253.2,-66.8,0.5,,
17:50:12.146,7.2,MANUAL,0,0,0.0,0.0,0.0,4.17,6.89,CENTER_DUAL,285.6,-34.4,1.0,,
17:50:13.148,7.1,MANUAL,0,0,0.0,0.0,0.0,4.17,6.89,RIGHT_LANE_ONLY,253.3,-66.7,0.5,,
17:50:14.229,6.4,MANUAL,0,0,0.0,0.0,0.0,4.17,6.89,CENTER_DUAL,285.7,-34.3,1.0,,
17:50:15.341,5.8,MANUAL,0,0,0.0,0.0,0.0,4.17,6.89,RIGHT_LANE_ONLY,253.5,-66.5,0.5,,
17:50:16.415,5.9,MANUAL,0,0,0.0,0.0,0.0,4.17,6.89,RIGHT_LANE_ONLY,253.3,-66.7,0.5,,
17:50:17.581,5.8,MANUAL,0,0,0.0,0.0,0.0,4.17,6.89,CENTER_DUAL,285.7,-34.3,1.0,,
17:50:18.675,6.0,MANUAL,0,0,0.0,0.0,0.0,4.17,6.89,CENTER_DUAL,285.8,-34.2,1.0,,
17:50:19.711,5.8,MANUAL,0,0,0.0,0.0,0.0,4.17,6.89,CENTER_DUAL,285.8,-34.2,1.0,,
17:50:20.880,5.8,MANUAL,0,0,0.0,0.0,0.0,4.17,6.89,RIGHT_LANE_ONLY,253.5,-66.5,0.5,,
17:50:21.894,5.9,MANUAL,0,0,0.0,0.0,0.0,4.17,6.89,RIGHT_LANE_ONLY,253.3,-66.7,0.5,,
17:50:23.049,5.8,MANUAL,0,0,0.0,0.0,0.0,4.17,6.89,CENTER_DUAL,285.5,-34.5,1.0,,
17:50:24.181,5.8,MANUAL,0,0,0.0,0.0,0.0,4.17,6.89,RIGHT_LANE_ONLY,253.2,-66.8,0.5,,
17:50:25.210,7.1,MANUAL,0,0,0.0,0.0,0.0,4.17,6.89,CENTER_DUAL,285.6,-34.4,1.0,,
17:50:26.343,6.5,MANUAL,0,0,0.0,0.0,0.0,4.17,6.89,CENTER_DUAL,285.6,-34.4,1.0,,
17:50:27.391,7.1,MANUAL,0,0,0.0,0.0,0.0,4.17,6.89,RIGHT_LANE_ONLY,252.9,-67.1,0.5,,
17:50:28.480,6.5,MANUAL,0,0,0.0,0.0,0.0,4.17,6.89,CENTER_DUAL,285.6,-34.4,1.0,,
17:50:29.560,6.5,MANUAL,0,0,0.0,0.0,0.0,4.17,6.89,RIGHT_LANE_ONLY,253.2,-66.8,0.5,,
17:50:30.597,7.1,MANUAL,0,0,0.0,0.0,0.0,4.17,6.89,CENTER_DUAL,285.7,-34.3,1.0,,
17:50:31.670,6.5,MANUAL,0,0,0.0,0.0,0.0,4.17,6.89,RIGHT_LANE_ONLY,253.3,-66.7,0.5,,
17:50:32.715,7.2,MANUAL,0,0,0.0,0.0,0.0,4.17,6.89,CENTER_DUAL,285.8,-34.2,1.0,,
17:50:33.779,6.4,MANUAL,0,0,0.0,0.0,0.0,4.17,6.89,RIGHT_LANE_ONLY,253.5,-66.5,0.5,,
17:50:34.835,6.4,MANUAL,0,0,0.0,0.0,0.0,4.17,6.89,CENTER_DUAL,285.5,-34.5,1.0,,
17:50:35.858,7.1,MANUAL,0,0,0.0,0.0,0.0,4.17,6.89,RIGHT_LANE_ONLY,253.0,-67.0,0.5,,
17:50:36.885,6.4,MANUAL,0,0,0.0,0.0,0.0,4.17,6.89,CENTER_DUAL,285.6,-34.4,1.0,,
17:50:37.970,6.4,MANUAL,0,0,0.0,0.0,0.0,4.17,6.89,RIGHT_LANE_ONLY,253.2,-66.8,0.5,,
17:50:39.065,6.5,MANUAL,0,0,0.0,0.0,0.0,4.17,6.89,CENTER_DUAL,285.7,-34.3,1.0,,
17:50:40.166,6.5,MANUAL,0,0,0.0,0.0,0.0,4.17,6.89,RIGHT_LANE_ONLY,253.5,-66.5,0.5,,
17:50:41.264,6.5,MANUAL,0,0,0.0,0.0,0.0,4.17,6.89,CENTER_DUAL,285.7,-34.3,1.0,,
17:50:42.351,6.4,MANUAL,0,0,0.0,0.0,0.0,4.17,6.89,RIGHT_LANE_ONLY,253.3,-66.7,0.5,,
17:50:43.422,6.4,MANUAL,0,0,0.0,0.0,0.0,4.17,6.89,CENTER_DUAL,285.6,-34.4,1.0,,
17:50:44.507,6.4,MANUAL,0,0,0.0,0.0,0.0,4.17,6.89,RIGHT_LANE_ONLY,253.3,-66.7,0.5,,
17:50:45.552,6.5,MANUAL,0,0,0.0,0.0,0.0,4.17,6.89,CENTER_DUAL,285.7,-34.3,1.0,,
17:50:46.614,6.4,MANUAL,0,0,0.0,0.0,0.0,4.17,6.89,RIGHT_LANE_ONLY,253.3,-66.7,0.5,,
17:50:47.707,6.3,MANUAL,0,0,0.0,0.0,0.0,4.17,6.89,CENTER_DUAL,285.8,-34.2,1.0,,
17:50:48.816,6.4,MANUAL,0,0,0.0,0.0,0.0,4.17,6.89,RIGHT_LANE_ONLY,253.5,-66.5,0.5,,
17:50:49.909,6.5,MANUAL,0,0,0.0,0.0,0.0,4.17,6.89,CENTER_DUAL,285.5,-34.5,1.0,,
17:50:50.979,6.5,MANUAL,0,0,0.0,0.0,0.0,4.17,6.89,RIGHT_LANE_ONLY,253.3,-66.7,0.5,,
17:50:52.082,6.4,MANUAL,0,0,0.0,0.0,0.0,4.17,6.89,CENTER_DUAL,285.8,-34.2,1.0,,
17:50:53.160,6.4,MANUAL,0,0,0.0,0.0,0.0,4.17,6.89,RIGHT_LANE_ONLY,253.5,-66.5,0.5,,
17:50:54.249,6.4,MANUAL,0,0,0.0,0.0,0.0,4.17,6.89,CENTER_DUAL,285.8,-34.2,1.0,,
17:50:55.308,6.5,MANUAL,0,0,0.0,0.0,0.0,4.17,6.89,RIGHT_LANE_ONLY,253.6,-66.4,0.5,,
17:50:56.389,6.4,MANUAL,0,0,0.0,0.0,0.0,4.17,6.89,CENTER_DUAL,285.8,-34.2,1.0,,
17:50:57.445,6.3,MANUAL,0,0,0.0,0.0,0.0,4.17,6.89,RIGHT_LANE_ONLY,253.8,-66.2,0.5,,
17:50:58.526,7.2,MANUAL,0,0,0.0,0.0,0.0,4.17,6.89,CENTER_DUAL,285.9,-34.1,1.0,,
17:50:59.599,6.5,MANUAL,0,0,0.0,0.0,0.0,4.17,6.89,RIGHT_LANE_ONLY,253.9,-66.1,0.5,,
17:51:00.682,6.4,MANUAL,0,0,0.0,0.0,0.0,4.17,6.89,CENTER_DUAL,285.9,-34.1,1.0,,
17:51:01.776,6.4,MANUAL,0,0,0.0,0.0,0.0,4.17,6.89,RIGHT_LANE_ONLY,253.9,-66.1,0.5,,
17:51:02.862,6.3,MANUAL,0,0,0.0,0.0,0.0,4.17,6.89,CENTER_DUAL,285.8,-34.2,1.0,,
17:51:03.952,6.4,MANUAL,0,0,0.0,0.0,0.0,4.17,6.89,RIGHT_LANE_ONLY,253.8,-66.2,0.5,,
17:51:05.042,6.5,MANUAL,0,0,0.0,0.0,0.0,4.17,6.89,CENTER_DUAL,285.9,-34.1,1.0,,
17:51:06.133,6.4,MANUAL,0,0,0.0,0.0,0.0,4.17,6.89,RIGHT_LANE_ONLY,253.8,-66.2,0.5,,
17:51:07.199,6.4,MANUAL,0,0,0.0,0.0,0.0,4.17,6.89,CENTER_DUAL,285.8,-34.2,1.0,,
17:51:08.260,7.1,MANUAL,0,0,0.0,0.0,0.0,4.17,6.89,RIGHT_LANE_ONLY,254.0,-66.0,0.5,,
17:51:09.320,7.1,MANUAL,0,0,0.0,0.0,0.0,4.17,6.89,CENTER_DUAL,285.9,-34.1,1.0,,
17:51:10.385,6.4,MANUAL,0,0,0.0,0.0,0.0,4.17,6.89,RIGHT_LANE_ONLY,254.2,-65.8,0.5,,
17:51:11.438,6.4,MANUAL,0,0,0.0,0.0,0.0,4.17,6.89,CENTER_DUAL,285.9,-34.1,1.0,,
17:51:12.521,6.5,MANUAL,0,0,0.0,0.0,0.0,4.17,6.89,RIGHT_LANE_ONLY,253.5,-66.5,0.5,,
17:51:13.607,6.3,MANUAL,0,0,0.0,0.0,0.0,4.17,6.89,CENTER_DUAL,285.7,-34.3,1.0,,
17:51:14.686,6.5,MANUAL,0,0,0.0,0.0,0.0,4.17,6.89,RIGHT_LANE_ONLY,253.8,-66.2,0.5,,
17:51:15.751,7.1,MANUAL,0,0,0.0,0.0,0.0,4.17,6.89,CENTER_DUAL,285.8,-34.2,1.0,,
17:51:16.820,6.5,MANUAL,0,0,0.0,0.0,0.0,4.17,6.89,RIGHT_LANE_ONLY,254.3,-65.7,0.5,,
17:51:17.892,6.4,MANUAL,0,0,0.0,0.0,0.0,4.17,6.89,CENTER_DUAL,285.9,-34.1,1.0,,
17:51:18.973,7.1,MANUAL,0,0,0.0,0.0,0.0,4.17,6.89,RIGHT_LANE_ONLY,254.4,-65.6,0.5,,
17:51:20.076,5.9,MANUAL,0,0,0.0,0.0,0.0,4.17,6.89,CENTER_DUAL,286.1,-33.9,1.0,,
17:51:21.112,6.4,MANUAL,0,0,0.0,0.0,0.0,4.17,6.89,RIGHT_LANE_ONLY,254.7,-65.3,0.5,,
17:51:22.197,5.9,MANUAL,0,0,0.0,0.0,0.0,4.17,6.89,CENTER_DUAL,286.0,-34.0,1.0,,
17:51:23.262,6.6,MANUAL,0,0,0.0,0.0,0.0,4.17,6.89,RIGHT_LANE_ONLY,254.5,-65.5,0.5,,
17:51:24.338,7.1,MANUAL,0,0,0.0,0.0,0.0,4.17,6.89,CENTER_DUAL,285.9,-34.1,1.0,,
17:51:25.389,6.5,MANUAL,0,0,0.0,0.0,0.0,4.17,6.89,RIGHT_LANE_ONLY,256.1,-63.9,0.5,,
17:51:26.479,6.4,MANUAL,0,0,0.0,0.0,0.0,4.17,6.89,CENTER_DUAL,286.2,-33.8,1.0,,
17:51:27.560,6.4,MANUAL,0,0,0.0,0.0,0.0,4.17,6.89,RIGHT_LANE_ONLY,256.5,-63.5,0.5,,
17:51:28.646,6.4,MANUAL,0,0,0.0,0.0,0.0,4.17,6.89,CENTER_DUAL,286.5,-33.5,1.0,,
17:51:29.743,6.4,MANUAL,0,0,0.0,0.0,0.0,4.17,6.89,RIGHT_LANE_ONLY,257.6,-62.4,0.5,,
17:51:30.830,6.5,MANUAL,0,0,0.0,0.0,0.0,4.17,6.89,CENTER_DUAL,286.7,-33.3,1.0,,
17:51:31.910,6.5,MANUAL,0,0,0.0,0.0,0.0,4.17,6.89,RIGHT_LANE_ONLY,257.2,-62.8,0.5,,
17:51:33.043,6.5,MANUAL,0,0,0.0,0.0,0.0,4.17,6.89,CENTER_DUAL,286.7,-33.3,1.0,,
17:51:34.123,7.1,MANUAL,0,0,0.0,0.0,0.0,4.17,6.89,RIGHT_LANE_ONLY,257.9,-62.1,0.5,,
17:51:35.219,5.9,MANUAL,0,0,0.0,0.0,0.0,4.17,6.89,CENTER_DUAL,287.1,-32.9,1.0,,
17:51:36.348,5.7,MANUAL,0,0,0.0,0.0,0.0,4.17,6.89,RIGHT_LANE_ONLY,258.6,-61.4,0.5,,
17:51:37.429,6.3,MANUAL,0,0,0.0,0.0,0.0,4.17,6.89,CENTER_DUAL,286.9,-33.1,1.0,,
17:51:38.490,6.4,MANUAL,0,0,0.0,0.0,0.0,4.17,6.89,RIGHT_LANE_ONLY,258.3,-61.7,0.5,,
17:51:39.544,6.5,MANUAL,0,0,0.0,0.0,0.0,4.17,6.89,CENTER_DUAL,286.9,-33.1,1.0,,
17:51:40.622,7.1,MANUAL,0,0,0.0,0.0,0.0,4.17,6.89,RIGHT_LANE_ONLY,258.2,-61.8,0.5,,
17:51:41.682,7.1,MANUAL,0,0,0.0,0.0,0.0,4.17,6.89,CENTER_DUAL,287.3,-32.7,1.0,,
17:51:42.764,7.1,MANUAL,0,0,0.0,0.0,0.0,4.17,6.89,RIGHT_LANE_ONLY,258.7,-61.3,0.5,,
17:51:43.847,6.3,MANUAL,0,0,0.0,0.0,0.0,4.17,6.89,CENTER_DUAL,286.9,-33.1,1.0,,
17:51:44.916,6.6,MANUAL,0,0,0.0,0.0,0.0,4.17,6.89,RIGHT_LANE_ONLY,258.6,-61.4,0.5,,
17:51:45.951,7.0,MANUAL,0,0,0.0,0.0,0.0,4.17,6.89,CENTER_DUAL,287.2,-32.8,1.0,,
17:51:46.972,6.4,MANUAL,0,0,0.0,0.0,0.0,4.17,6.89,RIGHT_LANE_ONLY,258.8,-61.2,0.5,,
17:51:48.006,7.1,MANUAL,0,0,0.0,0.0,0.0,4.17,6.89,CENTER_DUAL,286.9,-33.1,1.0,,
17:51:49.079,7.2,MANUAL,0,0,0.0,0.0,0.0,4.17,6.89,RIGHT_LANE_ONLY,258.5,-61.5,0.5,,
17:51:50.164,6.5,MANUAL,0,0,0.0,0.0,0.0,4.17,6.89,CENTER_DUAL,286.8,-33.2,1.0,,
17:51:51.255,5.9,MANUAL,0,0,0.0,0.0,0.0,4.17,6.89,RIGHT_LANE_ONLY,258.3,-61.7,0.5,,
17:51:52.345,6.4,MANUAL,0,0,0.0,0.0,0.0,4.17,6.89,CENTER_DUAL,286.8,-33.2,1.0,,
17:51:53.449,6.4,MANUAL,0,0,0.0,0.0,0.0,4.17,6.89,RIGHT_LANE_ONLY,258.4,-61.6,0.5,,
17:51:54.541,6.5,MANUAL,0,0,0.0,0.0,0.0,4.17,6.89,CENTER_DUAL,286.5,-33.5,1.0,,
17:51:55.619,6.5,MANUAL,0,0,0.0,0.0,0.0,4.17,6.89,RIGHT_LANE_ONLY,257.2,-62.8,0.5,,
17:51:56.685,5.9,MANUAL,0,0,0.0,0.0,0.0,4.17,6.89,CENTER_DUAL,286.2,-33.8,1.0,,
17:51:57.778,6.4,MANUAL,0,0,0.0,0.0,0.0,4.17,6.89,RIGHT_LANE_ONLY,257.2,-62.8,0.5,,
17:51:58.831,5.9,MANUAL,0,0,0.0,0.0,0.0,4.17,6.89,CENTER_DUAL,286.4,-33.6,1.0,,
17:51:59.919,6.5,MANUAL,0,0,0.0,0.0,0.0,4.17,6.89,RIGHT_LANE_ONLY,257.7,-62.3,0.5,,
17:52:01.028,6.5,MANUAL,0,0,0.0,0.0,0.0,4.17,6.89,CENTER_DUAL,286.5,-33.5,1.0,,
17:52:02.125,6.5,MANUAL,0,0,0.0,0.0,0.0,4.17,6.89,RIGHT_LANE_ONLY,258.4,-61.6,0.5,,
17:52:03.212,6.4,MANUAL,0,0,0.0,0.0,0.0,4.17,6.89,CENTER_DUAL,286.2,-33.8,1.0,,
17:52:04.270,6.4,MANUAL,0,0,0.0,0.0,0.0,4.17,6.89,RIGHT_LANE_ONLY,256.8,-63.2,0.5,,
17:52:05.344,6.5,MANUAL,0,0,0.0,0.0,0.0,4.17,6.89,CENTER_DUAL,286.3,-33.7,1.0,,
17:52:06.403,6.4,MANUAL,0,0,0.0,0.0,0.0,4.17,6.89,RIGHT_LANE_ONLY,258.4,-61.6,0.5,,
17:52:07.516,6.3,MANUAL,0,0,0.0,0.0,0.0,4.17,6.89,CENTER_DUAL,286.6,-33.4,1.0,,
17:52:08.580,7.1,MANUAL,0,0,0.0,0.0,0.0,4.17,6.89,RIGHT_LANE_ONLY,259.0,-61.0,0.5,,
17:52:09.705,5.8,MANUAL,0,0,0.0,0.0,0.0,4.17,6.89,CENTER_DUAL,286.5,-33.5,1.0,,
17:52:10.749,6.4,MANUAL,0,0,0.0,0.0,0.0,4.17,6.89,RIGHT_LANE_ONLY,259.3,-60.7,0.5,,
17:52:11.835,6.4,MANUAL,0,0,0.0,0.0,0.0,4.17,6.89,CENTER_DUAL,286.8,-33.2,1.0,,
17:52:12.886,6.5,MANUAL,0,0,0.0,0.0,0.0,4.17,6.89,RIGHT_LANE_ONLY,259.5,-60.5,0.5,,
17:52:13.933,6.5,MANUAL,0,0,0.0,0.0,0.0,4.17,6.89,CENTER_DUAL,286.7,-33.3,1.0,,
17:52:15.001,6.4,MANUAL,0,0,0.0,0.0,0.0,4.17,6.89,RIGHT_LANE_ONLY,258.9,-61.1,0.5,,
17:52:16.068,6.5,MANUAL,0,0,0.0,0.0,0.0,4.17,6.89,CENTER_DUAL,286.4,-33.6,1.0,,
17:52:17.101,7.0,MANUAL,0,0,0.0,0.0,0.0,4.17,6.89,RIGHT_LANE_ONLY,258.3,-61.7,0.5,,
17:52:18.124,8.1,MANUAL,0,0,0.0,0.0,0.0,4.17,6.89,CENTER_DUAL,286.6,-33.4,1.0,,
17:52:19.142,6.3,MANUAL,0,0,0.0,0.0,0.0,4.17,6.89,RIGHT_LANE_ONLY,258.5,-61.5,0.5,,
17:52:20.172,7.1,MANUAL,0,0,0.0,0.0,0.0,4.17,6.89,CENTER_DUAL,286.5,-33.5,1.0,,
17:52:21.242,6.4,MANUAL,0,0,0.0,0.0,0.0,4.17,6.89,RIGHT_LANE_ONLY,254.0,-66.0,0.5,,
17:52:22.399,5.0,MANUAL,0,0,0.0,0.0,0.0,4.17,6.89,CENTER_DUAL,320.7,0.7,1.0,,
17:52:23.531,5.4,MANUAL,0,0,0.0,0.0,0.0,4.17,6.89,RIGHT_LANE_ONLY,312.6,-7.4,0.5,,
17:52:24.634,5.3,MANUAL,0,0,0.0,0.0,0.0,4.17,6.89,CENTER_DUAL,249.2,-70.8,1.0,,
17:52:25.756,5.8,MANUAL,0,0,0.0,0.0,0.0,4.17,6.89,RIGHT_LANE_ONLY,289.0,-31.0,0.5,,
17:52:26.844,5.4,MANUAL,0,0,0.0,0.0,0.0,4.17,6.89,CENTER_DUAL,251.2,-68.8,1.0,,
17:52:27.966,5.4,MANUAL,0,0,0.0,0.0,0.0,4.17,6.89,CENTER_DUAL,246.8,-73.2,1.0,,
17:52:29.082,5.4,MANUAL,0,0,0.0,0.0,0.0,4.17,6.89,CENTER_DUAL,245.5,-74.5,1.0,,
17:52:30.187,5.4,MANUAL,0,0,0.0,0.0,0.0,4.17,6.89,CENTER_DUAL,244.3,-75.7,1.0,,
17:52:31.272,5.9,MANUAL,0,0,0.0,0.0,0.0,4.17,6.89,CENTER_DUAL,243.4,-76.6,1.0,,
17:52:32.341,5.4,MANUAL,0,0,0.0,0.0,0.0,4.17,6.89,CENTER_DUAL,242.8,-77.2,1.0,,
17:52:33.464,5.3,MANUAL,0,0,0.0,0.0,0.0,4.17,6.89,CENTER_DUAL,242.2,-77.8,1.0,,
17:52:34.553,5.8,MANUAL,0,0,0.0,0.0,0.0,4.17,6.89,CENTER_DUAL,241.9,-78.1,1.0,,
17:52:35.650,5.8,MANUAL,0,0,0.0,0.0,0.0,4.17,6.89,CENTER_DUAL,241.7,-78.3,1.0,,
17:52:36.704,5.8,MANUAL,0,0,0.0,0.0,0.0,4.17,6.89,CENTER_DUAL,246.9,-73.1,1.0,,
17:52:37.840,5.3,MANUAL,0,0,0.0,0.0,0.0,4.17,6.89,CENTER_DUAL,246.2,-73.8,1.0,,
17:52:38.960,5.4,MANUAL,0,0,0.0,0.0,0.0,4.17,6.89,CENTER_DUAL,245.9,-74.1,1.0,,
17:52:40.098,5.4,MANUAL,0,0,0.0,0.0,0.0,4.17,6.89,CENTER_DUAL,245.6,-74.4,1.0,,
17:52:41.203,5.8,MANUAL,0,0,0.0,0.0,0.0,4.17,6.89,CENTER_DUAL,245.7,-74.3,1.0,,
17:52:42.352,5.4,MANUAL,0,0,0.0,0.0,0.0,4.17,6.89,CENTER_DUAL,243.7,-76.3,1.0,,
17:52:43.476,5.4,MANUAL,0,0,0.0,0.0,0.0,4.17,6.89,CENTER_DUAL,247.8,-72.2,1.0,,
17:52:44.606,5.3,MANUAL,0,0,0.0,0.0,0.0,4.17,6.89,CENTER_DUAL,254.6,-65.4,1.0,,
17:52:45.733,5.0,MANUAL,0,0,0.0,0.0,0.0,4.17,6.89,CENTER_DUAL,262.8,-57.2,1.0,,
17:52:46.774,5.8,MANUAL,0,0,0.0,0.0,0.0,4.17,6.89,CENTER_DUAL,267.0,-53.0,1.0,,
17:52:47.828,5.8,MANUAL,0,0,0.0,0.0,0.0,4.17,6.89,CENTER_DUAL,268.1,-51.9,1.0,,
17:52:48.905,5.7,MANUAL,0,0,0.0,0.0,0.0,4.17,6.89,CENTER_DUAL,268.7,-51.3,1.0,,
17:52:49.927,5.7,MANUAL,0,0,0.0,0.0,0.0,4.17,6.89,CENTER_DUAL,262.0,-58.0,1.0,,
17:52:50.939,5.9,MANUAL,0,0,0.0,0.0,0.0,4.17,6.89,CENTER_DUAL,243.9,-76.1,1.0,,
17:52:51.965,5.8,MANUAL,0,0,0.0,0.0,0.0,4.17,6.89,CENTER_DUAL,243.5,-76.5,1.0,,
17:52:52.989,5.8,MANUAL,0,0,0.0,0.0,0.0,4.17,6.89,CENTER_DUAL,255.4,-64.6,1.0,,
17:52:54.140,6.4,MANUAL,0,0,0.0,0.0,0.0,4.17,6.89,CENTER_DUAL,245.5,-74.5,1.0,,
17:52:55.247,5.9,MANUAL,0,0,0.0,0.0,0.0,4.17,6.89,CENTER_DUAL,238.8,-81.2,1.0,,
17:52:56.361,5.3,MANUAL,0,0,0.0,0.0,0.0,4.17,6.89,CENTER_DUAL,234.5,-85.5,1.0,,
17:52:57.371,4.9,MANUAL,0,0,0.0,0.0,0.0,4.17,6.89,CENTER_DUAL,234.4,-85.6,1.0,,
17:52:58.508,5.0,MANUAL,0,0,0.0,0.0,0.0,4.17,6.89,RIGHT_LANE_ONLY,257.3,-62.7,0.5,,
17:52:59.598,5.3,MANUAL,0,0,0.0,0.0,0.0,4.17,6.89,CENTER_DUAL,251.4,-68.6,1.0,,
17:53:00.658,5.9,MANUAL,0,0,0.0,0.0,0.0,4.17,6.89,CENTER_DUAL,248.9,-71.1,1.0,,
17:53:01.714,5.7,MANUAL,0,0,0.0,0.0,0.0,4.17,6.89,RIGHT_LANE_ONLY,259.1,-60.9,0.5,,
17:53:02.799,5.9,MANUAL,0,0,0.0,0.0,0.0,4.17,6.89,RIGHT_LANE_ONLY,267.1,-52.9,0.5,,
17:53:03.925,7.2,MANUAL,0,0,0.0,0.0,0.0,4.17,6.89,CENTER_DUAL,270.9,-49.1,1.0,,
17:53:04.978,6.5,MANUAL,0,0,0.0,0.0,0.0,4.17,6.89,CENTER_DUAL,255.4,-64.6,1.0,,
17:53:06.085,5.3,MANUAL,0,0,0.0,0.0,0.0,4.17,6.89,RIGHT_LANE_ONLY,240.8,-79.2,0.5,,
17:53:07.203,5.4,MANUAL,0,0,0.0,0.0,0.0,4.17,6.89,CENTER_DUAL,248.5,-71.5,1.0,,
17:53:08.267,5.8,MANUAL,0,0,0.0,0.0,0.0,4.17,6.89,RIGHT_LANE_ONLY,270.5,-49.5,0.5,,
17:53:09.330,5.9,MANUAL,0,0,0.0,0.0,0.0,4.17,6.89,CENTER_DUAL,262.8,-57.2,1.0,,
17:53:10.426,5.8,MANUAL,0,0,0.0,0.0,0.0,4.17,6.89,RIGHT_LANE_ONLY,264.8,-55.2,0.5,,
17:53:11.462,5.8,MANUAL,0,0,0.0,0.0,0.0,4.17,6.89,RIGHT_LANE_ONLY,276.4,-43.6,0.5,,
17:53:12.491,5.8,MANUAL,0,0,0.0,0.0,0.0,4.17,6.89,RIGHT_LANE_ONLY,278.3,-41.7,0.5,,
17:53:13.513,5.9,MANUAL,0,0,0.0,0.0,0.0,4.17,6.89,CENTER_DUAL,294.0,-26.0,1.0,,
17:53:14.521,6.5,MANUAL,0,0,0.0,0.0,0.0,4.17,6.89,CENTER_DUAL,260.9,-59.1,1.0,,
17:53:15.619,7.3,MANUAL,0,0,0.0,0.0,0.0,4.17,6.89,CENTER_DUAL,235.6,-84.4,1.0,,
17:53:16.669,8.1,MANUAL,0,0,0.0,0.0,0.0,4.17,6.89,CENTER_DUAL,278.5,-41.5,1.0,,
17:53:17.785,7.1,MANUAL,0,0,0.0,0.0,0.0,4.17,6.89,LEFT_LANE_ONLY,267.8,-52.2,0.5,,
17:53:18.879,5.4,MANUAL,0,0,0.0,0.0,0.0,4.17,6.89,CENTER_DUAL,271.2,-48.8,1.0,,
17:53:19.985,7.0,MANUAL,0,0,0.0,0.0,0.0,4.17,6.89,CENTER_DUAL,43.9,-276.1,1.0,,
17:53:21.001,6.4,MANUAL,0,0,0.0,0.0,0.0,4.17,6.89,RIGHT_LANE_ONLY,335.7,15.7,0.5,,
17:53:22.039,4.9,MANUAL,0,0,0.0,0.0,0.0,4.17,6.89,CENTER_DUAL,271.5,-48.5,1.0,,
17:53:23.132,4.6,MANUAL,0,0,0.0,0.0,0.0,4.17,6.89,CENTER_DUAL,288.5,-31.5,1.0,,
17:53:24.228,6.4,MANUAL,0,0,0.0,0.0,0.0,4.17,6.89,CENTER_DUAL,324.4,4.4,1.0,,
17:53:25.292,5.3,MANUAL,0,0,0.0,0.0,0.0,4.17,6.89,CENTER_DUAL,386.5,66.5,1.0,,
17:53:26.438,5.3,MANUAL,0,0,0.0,0.0,0.0,4.17,6.89,CENTER_DUAL,390.7,70.7,1.0,,
17:53:27.550,5.3,MANUAL,0,0,0.0,0.0,0.0,4.17,6.89,CENTER_DUAL,391.7,71.7,1.0,,
17:53:28.648,5.4,MANUAL,0,0,0.0,0.0,0.0,4.17,6.89,CENTER_DUAL,392.2,72.2,1.0,,
17:53:29.770,5.4,MANUAL,0,0,0.0,0.0,0.0,4.17,6.89,CENTER_DUAL,392.0,72.0,1.0,,
17:53:30.882,5.4,MANUAL,0,0,0.0,0.0,0.0,4.17,6.89,CENTER_DUAL,392.1,72.1,1.0,,
17:53:31.986,5.3,MANUAL,0,0,0.0,0.0,0.0,4.17,6.89,CENTER_DUAL,392.2,72.2,1.0,,
17:53:33.089,5.4,MANUAL,0,0,0.0,0.0,0.0,4.17,6.89,CENTER_DUAL,392.2,72.2,1.0,,
17:53:34.200,5.7,MANUAL,0,0,0.0,0.0,0.0,4.17,6.89,CENTER_DUAL,392.3,72.3,1.0,,
17:53:35.320,5.4,MANUAL,0,0,0.0,0.0,0.0,4.17,6.89,CENTER_DUAL,392.3,72.3,1.0,,
17:53:36.419,5.4,MANUAL,0,0,0.0,0.0,0.0,4.17,6.89,RIGHT_LANE_ONLY,392.2,72.2,0.5,,
17:53:37.562,5.4,MANUAL,0,0,0.0,0.0,0.0,4.17,6.89,CENTER_DUAL,307.0,-13.0,1.0,,
17:53:38.674,4.9,MANUAL,0,0,0.0,0.0,0.0,4.17,6.89,CENTER_DUAL,306.5,-13.5,1.0,,
17:53:39.805,5.4,MANUAL,0,0,0.0,0.0,0.0,4.17,6.89,CENTER_DUAL,306.5,-13.5,1.0,,
17:53:40.927,5.3,MANUAL,0,0,0.0,0.0,0.0,4.17,6.89,CENTER_DUAL,306.9,-13.1,1.0,,
17:53:42.050,5.4,MANUAL,0,0,0.0,0.0,0.0,4.17,6.89,CENTER_DUAL,307.4,-12.6,1.0,,
17:53:43.173,5.3,MANUAL,0,0,0.0,0.0,0.0,4.17,6.89,CENTER_DUAL,308.1,-11.9,1.0,,
17:53:44.275,5.4,MANUAL,0,0,0.0,0.0,0.0,4.17,6.89,CENTER_DUAL,308.8,-11.2,1.0,,
17:53:45.361,5.4,MANUAL,0,0,0.0,0.0,0.0,4.17,6.89,CENTER_DUAL,309.6,-10.4,1.0,,
17:53:46.366,4.9,MANUAL,0,0,0.0,0.0,0.0,4.17,6.89,CENTER_DUAL,310.3,-9.7,1.0,,
17:53:47.505,5.4,MANUAL,0,0,0.0,0.0,0.0,4.17,6.89,CENTER_DUAL,311.1,-8.9,1.0,,
17:53:48.631,5.3,MANUAL,0,0,0.0,0.0,0.0,4.17,6.89,CENTER_DUAL,311.9,-8.1,1.0,,
17:53:49.751,5.3,MANUAL,0,0,0.0,0.0,0.0,4.17,6.89,CENTER_DUAL,312.7,-7.3,1.0,,
17:53:50.882,4.9,MANUAL,0,0,0.0,0.0,0.0,4.17,6.89,CENTER_DUAL,313.5,-6.5,1.0,,
17:53:52.014,5.3,MANUAL,0,0,0.0,0.0,0.0,4.17,6.89,CENTER_DUAL,314.1,-5.9,1.0,,
17:53:53.131,5.4,MANUAL,0,0,0.0,0.0,0.0,4.17,6.89,CENTER_DUAL,314.7,-5.3,1.0,,
17:53:54.249,5.4,MANUAL,0,0,0.0,0.0,0.0,4.17,6.89,CENTER_DUAL,315.3,-4.7,1.0,,
17:53:55.373,5.4,MANUAL,0,0,0.0,0.0,0.0,4.17,6.89,CENTER_DUAL,315.7,-4.3,1.0,,
17:53:56.474,5.4,MANUAL,0,0,0.0,0.0,0.0,4.17,6.89,CENTER_DUAL,316.2,-3.8,1.0,,
17:53:57.571,5.4,MANUAL,0,0,0.0,0.0,0.0,4.17,6.89,CENTER_DUAL,316.6,-3.4,1.0,,
17:53:58.694,5.0,MANUAL,0,0,0.0,0.0,0.0,4.17,6.89,CENTER_DUAL,317.0,-3.0,1.0,,
17:53:59.792,5.4,MANUAL,0,0,0.0,0.0,0.0,4.17,6.89,CENTER_DUAL,317.3,-2.7,1.0,,
17:54:00.916,5.3,MANUAL,0,0,0.0,0.0,0.0,4.17,6.89,CENTER_DUAL,317.5,-2.5,1.0,,
17:54:02.021,5.4,MANUAL,0,0,0.0,0.0,0.0,4.17,6.89,CENTER_DUAL,317.8,-2.2,1.0,,
17:54:03.142,5.3,MANUAL,0,0,0.0,0.0,0.0,4.17,6.89,CENTER_DUAL,318.1,-1.9,1.0,,
17:54:04.260,5.3,MANUAL,0,0,0.0,0.0,0.0,4.17,6.89,CENTER_DUAL,318.3,-1.7,1.0,,
17:54:05.359,5.3,MANUAL,0,0,0.0,0.0,0.0,4.17,6.89,CENTER_DUAL,318.5,-1.5,1.0,,
17:54:06.461,5.7,MANUAL,0,0,0.0,0.0,0.0,4.17,6.89,CENTER_DUAL,318.6,-1.4,1.0,,
17:54:07.584,5.3,MANUAL,0,0,0.0,0.0,0.0,4.17,6.89,CENTER_DUAL,318.7,-1.3,1.0,,
17:54:08.708,5.4,MANUAL,0,0,0.0,0.0,0.0,4.17,6.89,CENTER_DUAL,318.8,-1.2,1.0,,
17:54:09.806,5.3,MANUAL,0,0,0.0,0.0,0.0,4.17,6.89,CENTER_DUAL,318.8,-1.2,1.0,,
17:54:10.924,5.4,MANUAL,0,0,0.0,0.0,0.0,4.17,6.89,CENTER_DUAL,319.0,-1.0,1.0,,
17:54:12.059,5.3,MANUAL,0,0,0.0,0.0,0.0,4.17,6.89,CENTER_DUAL,319.1,-0.9,1.0,,
17:54:13.179,5.3,MANUAL,0,0,0.0,0.0,0.0,4.17,6.89,CENTER_DUAL,319.3,-0.7,1.0,,
17:54:14.297,5.4,MANUAL,0,0,0.0,0.0,0.0,4.17,6.89,CENTER_DUAL,319.5,-0.5,1.0,,
17:54:15.427,4.9,MANUAL,0,0,0.0,0.0,0.0,4.17,6.89,CENTER_DUAL,319.6,-0.4,1.0,,
17:54:16.515,5.9,MANUAL,0,0,0.0,0.0,0.0,4.17,6.89,CENTER_DUAL,320.0,-0.0,1.0,,
17:54:17.577,5.3,MANUAL,0,0,0.0,0.0,0.0,4.17,6.89,CENTER_DUAL,322.6,2.6,1.0,,
17:54:18.652,5.4,MANUAL,0,0,0.0,0.0,0.0,4.17,6.89,CENTER_DUAL,323.7,3.7,1.0,,
17:54:19.773,5.3,MANUAL,0,0,0.0,0.0,0.0,4.17,6.89,CENTER_DUAL,324.6,4.6,1.0,,
17:54:20.860,5.8,MANUAL,0,0,0.0,0.0,0.0,4.17,6.89,CENTER_DUAL,325.2,5.2,1.0,,
17:54:21.967,5.4,MANUAL,0,0,0.0,0.0,0.0,4.17,6.89,CENTER_DUAL,325.7,5.7,1.0,,
17:54:23.071,5.4,MANUAL,0,0,0.0,0.0,0.0,4.17,6.89,CENTER_DUAL,326.1,6.1,1.0,,
17:54:24.174,5.3,MANUAL,0,0,0.0,0.0,0.0,4.17,6.89,CENTER_DUAL,326.4,6.4,1.0,,
17:54:25.295,5.3,MANUAL,0,0,0.0,0.0,0.0,4.17,6.89,CENTER_DUAL,326.6,6.6,1.0,,
17:54:26.399,5.4,MANUAL,0,0,0.0,0.0,0.0,4.17,6.89,CENTER_DUAL,326.8,6.8,1.0,,
17:54:27.534,5.4,MANUAL,0,0,0.0,0.0,0.0,4.17,6.89,CENTER_DUAL,326.9,6.9,1.0,,
17:54:28.666,5.4,MANUAL,0,0,0.0,0.0,0.0,4.17,6.89,CENTER_DUAL,327.1,7.1,1.0,,
17:54:29.782,5.3,MANUAL,0,0,0.0,0.0,0.0,4.17,6.89,CENTER_DUAL,327.2,7.2,1.0,,
17:54:30.910,5.4,MANUAL,0,0,0.0,0.0,0.0,4.17,6.89,CENTER_DUAL,327.3,7.3,1.0,,
17:54:32.047,5.3,MANUAL,0,0,0.0,0.0,0.0,4.17,6.89,CENTER_DUAL,327.4,7.4,1.0,,
17:54:33.173,5.2,MANUAL,0,0,0.0,0.0,0.0,4.17,6.89,CENTER_DUAL,327.4,7.4,1.0,,
17:54:34.320,5.3,MANUAL,0,0,0.0,0.0,0.0,4.17,6.89,CENTER_DUAL,327.5,7.5,1.0,,
17:54:35.446,5.4,MANUAL,0,0,0.0,0.0,0.0,4.17,6.89,CENTER_DUAL,327.6,7.6,1.0,,
17:54:36.554,5.4,MANUAL,0,0,0.0,0.0,0.0,4.17,6.89,CENTER_DUAL,327.6,7.6,1.0,,
17:54:37.698,4.9,MANUAL,0,0,0.0,0.0,0.0,4.17,6.89,CENTER_DUAL,327.7,7.7,1.0,,
17:54:38.807,5.4,MANUAL,0,0,0.0,0.0,0.0,4.17,6.89,CENTER_DUAL,327.8,7.8,1.0,,
17:54:39.954,5.3,MANUAL,0,0,0.0,0.0,0.0,4.17,6.89,RIGHT_LANE_ONLY,330.3,10.3,0.5,,
17:54:41.071,5.4,MANUAL,0,0,0.0,0.0,0.0,4.17,6.89,CENTER_DUAL,335.1,15.1,1.0,,
17:54:42.223,5.4,MANUAL,0,0,0.0,0.0,0.0,4.17,6.89,CENTER_DUAL,335.4,15.4,1.0,,
17:54:43.344,5.4,MANUAL,0,0,0.0,0.0,0.0,4.17,6.89,CENTER_DUAL,335.3,15.3,1.0,,
17:54:44.479,5.3,MANUAL,0,0,0.0,0.0,0.0,4.17,6.89,CENTER_DUAL,335.2,15.2,1.0,,
17:54:45.601,5.4,MANUAL,0,0,0.0,0.0,0.0,4.17,6.89,CENTER_DUAL,331.9,11.9,1.0,,
17:54:46.722,5.4,MANUAL,0,0,0.0,0.0,0.0,4.17,6.89,CENTER_DUAL,332.9,12.9,1.0,,
17:54:47.875,4.9,MANUAL,0,0,0.0,0.0,0.0,4.17,6.89,CENTER_DUAL,333.3,13.3,1.0,,
17:54:48.984,5.4,MANUAL,0,0,0.0,0.0,0.0,4.17,6.89,CENTER_DUAL,333.5,13.5,1.0,,
17:54:50.083,5.8,MANUAL,0,0,0.0,0.0,0.0,4.17,6.89,CENTER_DUAL,333.5,13.5,1.0,,
17:54:51.123,5.8,MANUAL,0,0,0.0,0.0,0.0,4.17,6.89,CENTER_DUAL,332.4,12.4,1.0,,
17:54:52.166,5.9,MANUAL,0,0,0.0,0.0,0.0,4.17,6.89,CENTER_DUAL,333.3,13.3,1.0,,
17:54:53.208,5.8,MANUAL,0,0,0.0,0.0,0.0,4.17,6.89,CENTER_DUAL,333.7,13.7,1.0,,
17:54:54.254,5.8,MANUAL,0,0,0.0,0.0,0.0,4.17,6.89,CENTER_DUAL,333.8,13.8,1.0,,
17:54:55.286,5.8,MANUAL,0,0,0.0,0.0,0.0,4.17,6.89,RIGHT_LANE_ONLY,330.2,10.2,0.5,,
17:54:56.326,5.9,MANUAL,0,0,0.0,0.0,0.0,4.17,6.89,CENTER_DUAL,333.3,13.3,1.0,,
17:54:57.410,5.3,MANUAL,0,0,0.0,0.0,0.0,4.17,6.89,CENTER_DUAL,334.0,14.0,1.0,,
17:54:58.491,5.4,MANUAL,0,0,0.0,0.0,0.0,4.17,6.89,CENTER_DUAL,334.4,14.4,1.0,,
17:54:59.567,5.4,MANUAL,0,0,0.0,0.0,0.0,4.17,6.89,CENTER_DUAL,334.4,14.4,1.0,,
17:55:00.640,5.4,MANUAL,0,0,0.0,0.0,0.0,4.17,6.89,CENTER_DUAL,332.7,12.7,1.0,,
17:55:01.649,5.9,MANUAL,0,0,0.0,0.0,0.0,4.17,6.89,CENTER_DUAL,333.8,13.8,1.0,,
17:55:02.718,5.8,MANUAL,0,0,0.0,0.0,0.0,4.17,6.89,CENTER_DUAL,334.3,14.3,1.0,,
17:55:03.777,5.8,MANUAL,0,0,0.0,0.0,0.0,4.17,6.89,CENTER_DUAL,334.5,14.5,1.0,,
17:55:04.853,5.4,MANUAL,0,0,0.0,0.0,0.0,4.17,6.89,CENTER_DUAL,334.5,14.5,1.0,,
17:55:05.890,5.8,MANUAL,0,0,0.0,0.0,0.0,4.17,6.89,CENTER_DUAL,333.3,13.3,1.0,,
17:55:06.950,5.9,MANUAL,0,0,0.0,0.0,0.0,4.17,6.89,CENTER_DUAL,334.0,14.0,1.0,,
17:55:08.012,5.8,MANUAL,0,0,0.0,0.0,0.0,4.17,6.89,CENTER_DUAL,334.3,14.3,1.0,,
17:55:09.078,5.3,MANUAL,0,0,0.0,0.0,0.0,4.17,6.89,CENTER_DUAL,334.4,14.4,1.0,,
17:55:10.137,5.8,MANUAL,0,0,0.0,0.0,0.0,4.17,6.89,CENTER_DUAL,332.6,12.6,1.0,,
17:55:11.162,5.9,MANUAL,0,0,0.0,0.0,0.0,4.17,6.89,CENTER_DUAL,333.7,13.7,1.0,,
17:55:12.212,5.4,MANUAL,0,0,0.0,0.0,0.0,4.17,6.89,CENTER_DUAL,334.3,14.3,1.0,,
17:55:13.302,5.4,MANUAL,0,0,0.0,0.0,0.0,4.17,6.89,CENTER_DUAL,334.6,14.6,1.0,,
17:55:14.350,5.8,MANUAL,0,0,0.0,0.0,0.0,4.17,6.89,CENTER_DUAL,334.6,14.6,1.0,,
17:55:15.439,5.4,MANUAL,0,0,0.0,0.0,0.0,4.17,6.89,CENTER_DUAL,298.9,-21.1,1.0,,
17:55:16.634,4.6,MANUAL,0,0,0.0,0.0,0.0,4.17,6.89,CENTER_DUAL,316.5,-3.5,1.0,,
17:55:17.639,5.0,MANUAL,0,0,0.0,0.0,0.0,4.17,6.89,CENTER_DUAL,319.0,-1.0,1.0,,
17:55:18.787,4.9,MANUAL,0,0,0.0,0.0,0.0,4.17,6.89,CENTER_DUAL,321.7,1.7,1.0,,
17:55:19.926,4.9,MANUAL,0,0,0.0,0.0,0.0,4.17,6.89,CENTER_DUAL,325.7,5.7,1.0,,
17:55:21.123,4.9,MANUAL,0,0,0.0,0.0,0.0,4.17,6.89,CENTER_DUAL,328.4,8.4,1.0,,
17:55:22.299,4.9,MANUAL,0,0,0.0,0.0,0.0,4.17,6.89,CENTER_DUAL,332.4,12.4,1.0,,
17:55:23.343,5.0,MANUAL,0,0,0.0,0.0,0.0,4.17,6.89,CENTER_DUAL,337.4,17.4,1.0,,
17:55:24.353,4.9,MANUAL,0,0,0.0,0.0,0.0,4.17,6.89,CENTER_DUAL,336.6,16.6,1.0,,
17:55:25.365,4.9,MANUAL,0,0,0.0,0.0,0.0,4.17,6.89,CENTER_DUAL,336.2,16.2,1.0,,
17:55:26.386,5.0,MANUAL,0,0,0.0,0.0,0.0,4.17,6.89,CENTER_DUAL,336.3,16.3,1.0,,
17:55:27.394,5.0,MANUAL,0,0,0.0,0.0,0.0,4.17,6.89,CENTER_DUAL,336.6,16.6,1.0,,
17:55:28.402,5.0,MANUAL,0,0,0.0,0.0,0.0,4.17,6.89,CENTER_DUAL,329.3,9.3,1.0,,
17:55:29.404,5.0,MANUAL,0,0,0.0,0.0,0.0,4.17,6.89,CENTER_DUAL,328.3,8.3,1.0,,
17:55:30.417,4.9,MANUAL,0,0,0.0,0.0,0.0,4.17,6.89,CENTER_DUAL,327.7,7.7,1.0,,
17:55:31.447,4.9,MANUAL,0,0,0.0,0.0,0.0,4.17,6.89,CENTER_DUAL,327.5,7.5,1.0,,
17:55:32.471,4.9,MANUAL,0,0,0.0,0.0,0.0,4.17,6.89,CENTER_DUAL,327.6,7.6,1.0,,
17:55:33.678,4.9,MANUAL,0,0,0.0,0.0,0.0,4.17,6.89,CENTER_DUAL,328.0,8.0,1.0,,
17:55:34.701,4.6,MANUAL,0,0,0.0,0.0,0.0,4.17,6.89,CENTER_DUAL,328.5,8.5,1.0,,
17:55:35.723,4.6,MANUAL,0,0,0.0,0.0,0.0,4.17,6.89,CENTER_DUAL,328.8,8.8,1.0,,
17:55:36.757,4.6,MANUAL,0,0,0.0,0.0,0.0,4.17,6.89,CENTER_DUAL,336.2,16.2,1.0,,
17:55:37.778,4.9,MANUAL,0,0,0.0,0.0,0.0,4.17,6.89,CENTER_DUAL,330.7,10.7,1.0,,
17:55:38.964,5.3,MANUAL,0,0,0.0,0.0,0.0,4.17,6.89,CENTER_DUAL,329.8,9.8,1.0,,
17:55:39.967,5.0,MANUAL,0,0,0.0,0.0,0.0,4.17,6.89,CENTER_DUAL,329.6,9.6,1.0,,
17:55:40.975,4.9,MANUAL,0,0,0.0,0.0,0.0,4.17,6.89,CENTER_DUAL,329.7,9.7,1.0,,
17:55:41.982,4.9,MANUAL,0,0,0.0,0.0,0.0,4.17,6.89,CENTER_DUAL,330.1,10.1,1.0,,
17:55:42.984,5.0,MANUAL,0,0,0.0,0.0,0.0,4.17,6.89,CENTER_DUAL,330.6,10.6,1.0,,
17:55:43.993,4.9,MANUAL,0,0,0.0,0.0,0.0,4.17,6.89,CENTER_DUAL,338.5,18.5,1.0,,
17:55:45.000,4.9,MANUAL,0,0,0.0,0.0,0.0,4.17,6.89,CENTER_DUAL,335.8,15.8,1.0,,
17:55:46.190,5.3,MANUAL,0,0,0.0,0.0,0.0,4.17,6.89,CENTER_DUAL,335.1,15.1,1.0,,
17:55:47.335,5.4,MANUAL,0,0,0.0,0.0,0.0,4.17,6.89,CENTER_DUAL,335.0,15.0,1.0,,
17:55:48.478,5.4,MANUAL,0,0,0.0,0.0,0.0,4.17,6.89,CENTER_DUAL,335.3,15.3,1.0,,
17:55:49.622,5.4,MANUAL,0,0,0.0,0.0,0.0,4.17,6.89,CENTER_DUAL,323.4,3.4,1.0,,
17:55:50.774,5.3,MANUAL,0,0,0.0,0.0,0.0,4.17,6.89,CENTER_DUAL,322.4,2.4,1.0,,
17:55:51.936,5.3,MANUAL,0,0,0.0,0.0,0.0,4.17,6.89,CENTER_DUAL,322.1,2.1,1.0,,
17:55:53.107,5.0,MANUAL,0,0,0.0,0.0,0.0,4.17,6.89,CENTER_DUAL,322.1,2.1,1.0,,
17:55:54.225,5.3,MANUAL,0,0,0.0,0.0,0.0,4.17,6.89,CENTER_DUAL,322.4,2.4,1.0,,
17:55:55.366,5.3,MANUAL,0,0,0.0,0.0,0.0,4.17,6.89,CENTER_DUAL,322.8,2.8,1.0,,
17:55:56.523,5.2,MANUAL,0,0,0.0,0.0,0.0,4.17,6.89,CENTER_DUAL,322.5,2.5,1.0,,
17:55:57.654,7.1,MANUAL,0,0,0.0,0.0,0.0,4.17,6.89,RIGHT_LANE_ONLY,347.8,27.8,0.5,,
17:55:58.777,7.2,MANUAL,0,0,0.0,0.0,0.0,4.17,6.89,RIGHT_LANE_ONLY,354.3,34.3,0.5,,
17:55:59.886,7.2,MANUAL,0,0,0.0,0.0,0.0,4.17,6.89,RIGHT_LANE_ONLY,359.8,39.8,0.5,,
17:56:01.021,7.2,MANUAL,0,0,0.0,0.0,0.0,4.17,6.89,RIGHT_LANE_ONLY,355.1,35.1,0.5,,
17:56:02.127,7.1,MANUAL,0,0,0.0,0.0,0.0,4.17,6.89,RIGHT_LANE_ONLY,359.9,39.9,0.5,,
17:56:03.239,7.3,MANUAL,0,0,0.0,0.0,0.0,4.17,6.89,RIGHT_LANE_ONLY,360.9,40.9,0.5,,
17:56:04.354,7.1,MANUAL,0,0,0.0,0.0,0.0,4.17,6.89,RIGHT_LANE_ONLY,361.5,41.5,0.5,,
17:56:05.464,8.1,MANUAL,0,0,0.0,0.0,0.0,4.17,6.89,RIGHT_LANE_ONLY,361.6,41.6,0.5,,
17:56:06.530,8.0,MANUAL,0,0,0.0,0.0,0.0,4.17,6.89,RIGHT_LANE_ONLY,362.1,42.1,0.5,,
17:56:07.624,7.2,MANUAL,0,0,0.0,0.0,0.0,4.17,6.89,RIGHT_LANE_ONLY,362.3,42.3,0.5,,
17:56:08.711,7.1,MANUAL,0,0,0.0,0.0,0.0,4.17,6.89,RIGHT_LANE_ONLY,362.3,42.3,0.5,,
17:56:09.811,7.2,MANUAL,0,0,0.0,0.0,0.0,4.17,6.89,RIGHT_LANE_ONLY,362.7,42.7,0.5,,
17:56:10.896,7.2,MANUAL,0,0,0.0,0.0,0.0,4.17,6.89,RIGHT_LANE_ONLY,362.8,42.8,0.5,,
17:56:11.986,8.1,MANUAL,0,0,0.0,0.0,0.0,4.17,6.89,RIGHT_LANE_ONLY,362.6,42.6,0.5,,
17:56:13.092,7.0,MANUAL,0,0,0.0,0.0,0.0,4.17,6.89,RIGHT_LANE_ONLY,362.5,42.5,0.5,,
17:56:14.186,7.2,MANUAL,0,0,0.0,0.0,0.0,4.17,6.89,RIGHT_LANE_ONLY,362.5,42.5,0.5,,
17:56:15.253,8.0,MANUAL,0,0,0.0,0.0,0.0,4.17,6.89,RIGHT_LANE_ONLY,362.7,42.7,0.5,,
17:56:16.353,7.2,MANUAL,0,0,0.0,0.0,0.0,4.17,6.89,RIGHT_LANE_ONLY,362.7,42.7,0.5,,
17:56:17.455,7.1,MANUAL,0,0,0.0,0.0,0.0,4.17,6.89,RIGHT_LANE_ONLY,362.9,42.9,0.5,,
17:56:18.536,7.2,MANUAL,0,0,0.0,0.0,0.0,4.17,6.89,RIGHT_LANE_ONLY,363.0,43.0,0.5,,
17:56:19.619,8.1,MANUAL,0,0,0.0,0.0,0.0,4.17,6.89,RIGHT_LANE_ONLY,363.0,43.0,0.5,,
17:56:20.727,8.1,MANUAL,0,0,0.0,0.0,0.0,4.17,6.89,RIGHT_LANE_ONLY,362.9,42.9,0.5,,
17:56:21.788,8.0,MANUAL,0,0,0.0,0.0,0.0,4.17,6.89,RIGHT_LANE_ONLY,362.7,42.7,0.5,,
17:56:22.843,7.3,MANUAL,0,0,0.0,0.0,0.0,4.17,6.89,RIGHT_LANE_ONLY,362.6,42.6,0.5,,
17:56:23.908,8.0,MANUAL,0,0,0.0,0.0,0.0,4.17,6.89,RIGHT_LANE_ONLY,362.7,42.7,0.5,,
17:56:25.014,7.1,MANUAL,0,0,0.0,0.0,0.0,4.17,6.89,RIGHT_LANE_ONLY,362.7,42.7,0.5,,
17:56:26.102,7.0,MANUAL,0,0,0.0,0.0,0.0,4.17,6.89,RIGHT_LANE_ONLY,362.6,42.6,0.5,,
17:56:27.208,7.1,MANUAL,0,0,0.0,0.0,0.0,4.17,6.89,RIGHT_LANE_ONLY,362.5,42.5,0.5,,
17:56:28.300,8.0,MANUAL,0,0,0.0,0.0,0.0,4.17,6.89,RIGHT_LANE_ONLY,362.3,42.3,0.5,,
17:56:29.385,7.2,MANUAL,0,0,0.0,0.0,0.0,4.17,6.89,RIGHT_LANE_ONLY,362.1,42.1,0.5,,
17:56:30.500,7.3,MANUAL,0,0,0.0,0.0,0.0,4.17,6.89,RIGHT_LANE_ONLY,362.0,42.0,0.5,,
17:56:31.542,7.2,MANUAL,0,0,0.0,0.0,0.0,4.17,6.89,RIGHT_LANE_ONLY,362.3,42.3,0.5,,
17:56:32.610,7.2,MANUAL,0,0,0.0,0.0,0.0,4.17,6.89,RIGHT_LANE_ONLY,362.4,42.4,0.5,,
17:56:33.695,7.2,MANUAL,0,0,0.0,0.0,0.0,4.17,6.89,RIGHT_LANE_ONLY,362.3,42.3,0.5,,
17:56:34.792,7.1,MANUAL,0,0,0.0,0.0,0.0,4.17,6.89,RIGHT_LANE_ONLY,362.1,42.1,0.5,,
17:56:35.803,8.1,MANUAL,0,0,0.0,0.0,0.0,4.17,6.89,RIGHT_LANE_ONLY,327.5,7.5,0.5,,
17:56:36.914,6.4,MANUAL,0,0,0.0,0.0,0.0,4.17,6.89,RIGHT_LANE_ONLY,295.1,-24.9,0.5,,
17:56:38.046,7.2,MANUAL,0,0,0.0,0.0,0.0,4.17,6.89,RIGHT_LANE_ONLY,349.2,29.2,0.5,,
17:56:39.109,7.2,MANUAL,0,0,0.0,0.0,0.0,4.17,6.89,RIGHT_LANE_ONLY,365.7,45.7,0.5,,
17:56:40.146,4.9,MANUAL,0,0,0.0,0.0,0.0,4.17,6.89,CENTER_DUAL,363.8,43.8,1.0,,
17:56:41.158,5.8,MANUAL,0,0,0.0,0.0,0.0,4.17,6.89,CENTER_DUAL,255.7,-64.3,1.0,,
17:56:42.268,5.8,MANUAL,0,0,0.0,0.0,0.0,4.17,6.89,CENTER_DUAL,351.8,31.8,1.0,,
17:56:43.408,6.4,MANUAL,0,0,0.0,0.0,0.0,4.17,6.89,CENTER_DUAL,373.1,53.1,1.0,,
17:56:44.417,7.1,MANUAL,0,0,0.0,0.0,0.0,4.17,6.89,CENTER_DUAL,152.4,-167.6,1.0,,
17:56:45.420,7.1,MANUAL,0,0,0.0,0.0,0.0,4.17,6.89,CENTER_DUAL,282.6,-37.4,1.0,,
17:56:46.484,8.0,MANUAL,0,0,0.0,0.0,0.0,4.17,6.89,CENTER_DUAL,278.1,-41.9,1.0,,
17:56:47.608,7.1,MANUAL,0,0,0.0,0.0,0.0,4.17,6.89,CENTER_DUAL,295.6,-24.4,1.0,,
17:56:48.731,7.2,MANUAL,0,0,0.0,0.0,0.0,4.17,6.89,CENTER_DUAL,302.2,-17.8,1.0,,
17:56:49.828,7.1,MANUAL,0,0,0.0,0.0,0.0,4.17,6.89,CENTER_DUAL,288.3,-31.7,1.0,,
17:56:50.930,6.8,MANUAL,0,0,0.0,0.0,0.0,4.17,6.89,CENTER_DUAL,279.6,-40.4,1.0,,
17:56:51.971,7.5,MANUAL,0,0,0.0,0.0,0.0,4.17,6.89,CENTER_DUAL,221.0,-99.0,1.0,,
17:56:54.392,6.2,MANUAL,0,0,0.0,0.0,0.0,4.17,6.89,CENTER_DUAL,144.9,-175.1,1.0,,
17:56:55.841,1.3,MANUAL,0,0,0.0,0.0,0.0,4.17,6.89,CENTER_DUAL,137.5,-182.5,1.0,,
17:56:57.097,1.1,MANUAL,0,0,0.0,0.0,0.0,4.17,6.89,CENTER_DUAL,131.1,-188.9,1.0,,
17:56:58.186,2.4,MANUAL,0,0,0.0,0.0,0.0,4.17,6.89,CENTER_DUAL,120.3,-199.7,1.0,,
17:56:59.339,5.3,MANUAL,0,0,0.0,0.0,0.0,4.17,6.89,CENTER_DUAL,279.9,-40.1,1.0,,
17:57:00.495,5.8,MANUAL,0,0,0.0,0.0,0.0,4.17,6.89,CENTER_DUAL,272.0,-48.0,1.0,,
17:57:01.512,5.9,MANUAL,0,0,0.0,0.0,0.0,4.17,6.89,CENTER_DUAL,280.7,-39.3,1.0,,
17:57:02.659,5.8,MANUAL,0,0,0.0,0.0,0.0,4.17,6.89,LEFT_LANE_ONLY,276.8,-43.2,0.5,,
17:57:03.796,7.2,MANUAL,0,0,0.0,0.0,0.0,4.17,6.89,CENTER_DUAL,256.0,-64.0,1.0,,
17:57:04.932,6.5,MANUAL,0,0,0.0,0.0,0.0,4.17,6.89,CENTER_DUAL,328.8,8.8,1.0,,
17:57:06.063,6.4,MANUAL,0,0,0.0,0.0,0.0,4.17,6.89,CENTER_DUAL,336.2,16.2,1.0,,
17:57:07.097,5.9,MANUAL,0,0,0.0,0.0,0.0,4.17,6.89,CENTER_DUAL,332.5,12.5,1.0,,
17:57:08.108,6.5,MANUAL,0,0,0.0,0.0,0.0,4.17,6.89,CENTER_DUAL,332.0,12.0,1.0,,
17:57:09.279,5.9,MANUAL,0,0,0.0,0.0,0.0,4.17,6.89,CENTER_DUAL,331.7,11.7,1.0,,
17:57:10.351,7.1,MANUAL,0,0,0.0,0.0,0.0,4.17,6.89,CENTER_DUAL,340.8,20.8,1.0,,
17:57:11.487,4.9,MANUAL,0,0,0.0,0.0,0.0,4.17,6.89,CENTER_DUAL,348.8,28.8,1.0,,
17:57:12.613,6.5,MANUAL,0,0,0.0,0.0,0.0,4.17,6.89,CENTER_DUAL,270.4,-49.6,1.0,,
17:57:13.613,5.8,MANUAL,0,0,0.0,0.0,0.0,4.17,6.89,CENTER_DUAL,321.4,1.4,1.0,,
17:57:14.702,6.4,MANUAL,0,0,0.0,0.0,0.0,4.17,6.89,CENTER_DUAL,313.3,-6.7,1.0,,
17:57:15.813,6.5,MANUAL,0,0,0.0,0.0,0.0,4.17,6.89,CENTER_DUAL,334.6,14.6,1.0,,
17:57:16.916,5.9,MANUAL,0,0,0.0,0.0,0.0,4.17,6.89,CENTER_DUAL,326.2,6.2,1.0,,
17:57:17.984,6.4,MANUAL,0,0,0.0,0.0,0.0,4.17,6.89,CENTER_DUAL,342.2,22.2,1.0,,
17:57:19.147,5.8,MANUAL,0,0,0.0,0.0,0.0,4.17,6.89,CENTER_DUAL,344.6,24.6,1.0,,
17:57:20.235,7.2,MANUAL,0,0,0.0,0.0,0.0,4.17,6.89,CENTER_DUAL,351.0,31.0,1.0,,
17:57:21.398,4.6,MANUAL,0,0,0.0,0.0,0.0,4.17,6.89,CENTER_DUAL,327.5,7.5,1.0,,
17:57:22.492,6.4,MANUAL,0,0,0.0,0.0,0.0,4.17,6.89,CENTER_DUAL,325.0,5.0,1.0,,
17:57:23.601,6.3,MANUAL,0,0,0.0,0.0,0.0,4.17,6.89,CENTER_DUAL,358.9,38.9,1.0,,
17:57:24.632,7.2,MANUAL,0,0,0.0,0.0,0.0,4.17,6.89,CENTER_DUAL,362.9,42.9,1.0,,
17:57:25.731,7.2,MANUAL,0,0,0.0,0.0,0.0,4.17,6.89,CENTER_DUAL,365.8,45.8,1.0,,
17:57:26.865,7.2,MANUAL,0,0,0.0,0.0,0.0,4.17,6.89,CENTER_DUAL,369.1,49.1,1.0,,
17:57:27.933,5.4,MANUAL,0,0,0.0,0.0,0.0,4.17,6.89,CENTER_DUAL,362.3,42.3,1.0,,
17:57:29.031,7.1,MANUAL,0,0,0.0,0.0,0.0,4.17,6.89,CENTER_DUAL,322.3,2.3,1.0,,
17:57:30.173,7.2,MANUAL,0,0,0.0,0.0,0.0,4.17,6.89,CENTER_DUAL,325.9,5.9,1.0,,
17:57:31.206,6.3,MANUAL,0,0,0.0,0.0,0.0,4.17,6.89,CENTER_DUAL,317.6,-2.4,1.0,,
17:57:32.312,7.2,MANUAL,0,0,0.0,0.0,0.0,4.17,6.89,CENTER_DUAL,320.2,0.2,1.0,,
17:57:33.420,8.0,MANUAL,0,0,0.0,0.0,0.0,4.17,6.89,CENTER_DUAL,278.6,-41.4,1.0,,
17:57:34.509,7.2,MANUAL,0,0,0.0,0.0,0.0,4.17,6.89,CENTER_DUAL,281.9,-38.1,1.0,,
17:57:35.596,8.0,MANUAL,0,0,0.0,0.0,0.0,4.17,6.89,CENTER_DUAL,278.4,-41.6,1.0,,
17:57:36.691,7.2,MANUAL,0,0,0.0,0.0,0.0,4.17,6.89,CENTER_DUAL,312.7,-7.3,1.0,,
17:57:37.774,7.2,MANUAL,0,0,0.0,0.0,0.0,4.17,6.89,CENTER_DUAL,332.4,12.4,1.0,,
17:57:38.879,7.2,MANUAL,0,0,0.0,0.0,0.0,4.17,6.89,CENTER_DUAL,341.4,21.4,1.0,,
17:57:39.981,7.2,MANUAL,0,0,0.0,0.0,0.0,4.17,6.89,CENTER_DUAL,343.2,23.2,1.0,,
17:57:41.111,7.2,MANUAL,0,0,0.0,0.0,0.0,4.17,6.89,CENTER_DUAL,316.2,-3.8,1.0,,
17:57:42.156,7.2,MANUAL,0,0,0.0,0.0,0.0,4.17,6.89,CENTER_DUAL,311.0,-9.0,1.0,,
17:57:43.215,8.0,MANUAL,0,0,0.0,0.0,0.0,4.17,6.89,CENTER_DUAL,290.9,-29.1,1.0,,
17:57:44.286,7.2,MANUAL,0,0,0.0,0.0,0.0,4.17,6.89,CENTER_DUAL,289.6,-30.4,1.0,,
17:57:45.372,7.2,MANUAL,0,0,0.0,0.0,0.0,4.17,6.89,CENTER_DUAL,340.9,20.9,1.0,,
17:57:46.485,7.1,MANUAL,0,0,0.0,0.0,0.0,4.17,6.89,CENTER_DUAL,356.2,36.2,1.0,,
17:57:47.613,7.3,MANUAL,0,0,0.0,0.0,0.0,4.17,6.89,CENTER_DUAL,375.8,55.8,1.0,,
17:57:48.735,7.2,MANUAL,0,0,0.0,0.0,0.0,4.17,6.89,CENTER_DUAL,353.6,33.6,1.0,,
17:57:49.849,7.2,MANUAL,0,0,0.0,0.0,0.0,4.17,6.89,CENTER_DUAL,357.3,37.3,1.0,,
17:57:50.945,7.2,MANUAL,0,0,0.0,0.0,0.0,4.17,6.89,CENTER_DUAL,364.0,44.0,1.0,,
17:57:52.028,8.0,MANUAL,0,0,0.0,0.0,0.0,4.17,6.89,CENTER_DUAL,361.5,41.5,1.0,,
17:57:53.101,7.2,MANUAL,0,0,0.0,0.0,0.0,4.17,6.89,CENTER_DUAL,366.1,46.1,1.0,,
17:57:54.176,7.0,MANUAL,0,0,0.0,0.0,0.0,4.17,6.89,CENTER_DUAL,368.8,48.8,1.0,,
17:57:55.295,7.1,MANUAL,0,0,0.0,0.0,0.0,4.17,6.89,CENTER_DUAL,354.6,34.6,1.0,,
17:57:56.397,7.2,MANUAL,0,0,0.0,0.0,0.0,4.17,6.89,CENTER_DUAL,348.4,28.4,1.0,,
17:57:57.460,7.0,MANUAL,0,0,0.0,0.0,0.0,4.17,6.89,CENTER_DUAL,345.6,25.6,1.0,,
17:57:58.577,7.1,MANUAL,0,0,0.0,0.0,0.0,4.17,6.89,CENTER_DUAL,345.4,25.4,1.0,,
17:57:59.581,7.3,MANUAL,0,0,0.0,0.0,0.0,4.17,6.89,CENTER_DUAL,346.2,26.2,1.0,,
17:58:00.689,7.1,MANUAL,0,0,0.0,0.0,0.0,4.17,6.89,CENTER_DUAL,352.0,32.0,1.0,,
17:58:01.767,7.1,MANUAL,0,0,0.0,0.0,0.0,4.17,6.89,CENTER_DUAL,355.7,35.7,1.0,,
17:58:02.823,7.2,MANUAL,0,0,0.0,0.0,0.0,4.17,6.89,CENTER_DUAL,359.0,39.0,1.0,,
17:58:03.932,7.2,MANUAL,0,0,0.0,0.0,0.0,4.17,6.89,CENTER_DUAL,362.6,42.6,1.0,,
17:58:05.055,7.2,MANUAL,0,0,0.0,0.0,0.0,4.17,6.89,CENTER_DUAL,364.2,44.2,1.0,,
17:58:06.163,7.2,MANUAL,0,0,0.0,0.0,0.0,4.17,6.89,CENTER_DUAL,358.5,38.5,1.0,,
17:58:07.283,7.1,MANUAL,0,0,0.0,0.0,0.0,4.17,6.89,CENTER_DUAL,365.0,45.0,1.0,,
17:58:08.367,7.8,MANUAL,0,0,0.0,0.0,0.0,4.17,6.89,CENTER_DUAL,366.8,46.8,1.0,,
17:58:09.434,8.0,MANUAL,0,0,0.0,0.0,0.0,4.17,6.89,CENTER_DUAL,368.2,48.2,1.0,,
17:58:10.578,7.1,MANUAL,0,0,0.0,0.0,0.0,4.17,6.89,CENTER_DUAL,369.3,49.3,1.0,,
17:58:11.689,7.7,MANUAL,0,0,0.0,0.0,0.0,4.17,6.89,CENTER_DUAL,360.7,40.7,1.0,,
17:58:12.787,7.9,MANUAL,0,0,0.0,0.0,0.0,4.17,6.89,CENTER_DUAL,360.2,40.2,1.0,,
17:58:13.874,8.1,MANUAL,0,0,0.0,0.0,0.0,4.17,6.89,CENTER_DUAL,357.0,37.0,1.0,,
17:58:14.970,7.9,MANUAL,0,0,0.0,0.0,0.0,4.17,6.89,CENTER_DUAL,368.2,48.2,1.0,,
17:58:16.053,7.2,MANUAL,0,0,0.0,0.0,0.0,4.17,6.89,CENTER_DUAL,368.0,48.0,1.0,,
17:58:17.162,7.2,MANUAL,0,0,0.0,0.0,0.0,4.17,6.89,CENTER_DUAL,353.1,33.1,1.0,,
17:58:18.200,7.2,MANUAL,0,0,0.0,0.0,0.0,4.17,6.89,CENTER_DUAL,353.1,33.1,1.0,,
17:58:19.351,7.1,MANUAL,0,0,0.0,0.0,0.0,4.17,6.89,CENTER_DUAL,360.9,40.9,1.0,,
17:58:20.405,7.2,MANUAL,0,0,0.0,0.0,0.0,4.17,6.89,CENTER_DUAL,332.2,12.2,1.0,,
17:58:21.443,7.0,MANUAL,0,0,0.0,0.0,0.0,4.17,6.89,CENTER_DUAL,284.4,-35.6,1.0,,
17:58:22.510,6.4,MANUAL,0,0,0.0,0.0,0.0,4.17,6.89,CENTER_DUAL,292.0,-28.0,1.0,,
17:58:23.525,7.2,MANUAL,0,0,0.0,0.0,0.0,4.17,6.89,CENTER_DUAL,293.2,-26.8,1.0,,
17:58:24.641,7.0,MANUAL,0,0,0.0,0.0,0.0,4.17,6.89,CENTER_DUAL,299.0,-21.0,1.0,,
17:58:25.684,7.0,MANUAL,0,0,0.0,0.0,0.0,4.17,6.89,CENTER_DUAL,290.9,-29.1,1.0,,
17:58:26.709,7.2,MANUAL,0,0,0.0,0.0,0.0,4.17,6.89,CENTER_DUAL,279.7,-40.3,1.0,,
17:58:27.778,7.2,MANUAL,0,0,0.0,0.0,0.0,4.17,6.89,CENTER_DUAL,270.9,-49.1,1.0,,
17:58:28.877,7.1,MANUAL,0,0,0.0,0.0,0.0,4.17,6.89,CENTER_DUAL,269.5,-50.5,1.0,,
17:58:29.887,7.1,MANUAL,0,0,0.0,0.0,0.0,4.17,6.89,CENTER_DUAL,268.4,-51.6,1.0,,
17:58:31.020,7.3,MANUAL,0,0,0.0,0.0,0.0,4.17,6.89,CENTER_DUAL,267.9,-52.1,1.0,,
17:58:32.152,7.0,MANUAL,0,0,0.0,0.0,0.0,4.17,6.89,CENTER_DUAL,269.0,-51.0,1.0,,
17:58:33.153,7.1,MANUAL,0,0,0.0,0.0,0.0,4.17,6.89,CENTER_DUAL,267.4,-52.6,1.0,,
17:58:34.269,7.2,MANUAL,0,0,0.0,0.0,0.0,4.17,6.89,CENTER_DUAL,266.1,-53.9,1.0,,
17:58:35.388,7.1,MANUAL,0,0,0.0,0.0,0.0,4.17,6.89,CENTER_DUAL,265.6,-54.4,1.0,,
17:58:36.493,7.6,MANUAL,0,0,0.0,0.0,0.0,4.17,6.89,CENTER_DUAL,265.2,-54.8,1.0,,
17:58:37.585,7.1,MANUAL,0,0,0.0,0.0,0.0,4.17,6.89,CENTER_DUAL,264.8,-55.2,1.0,,
17:58:38.663,6.5,MANUAL,0,0,0.0,0.0,0.0,4.17,6.89,CENTER_DUAL,264.6,-55.4,1.0,,
17:58:39.683,7.1,MANUAL,0,0,0.0,0.0,0.0,4.17,6.89,CENTER_DUAL,264.4,-55.6,1.0,,
17:58:40.768,8.7,MANUAL,0,0,0.0,0.0,0.0,4.17,6.89,CENTER_DUAL,264.3,-55.7,1.0,,
17:58:41.856,7.1,MANUAL,0,0,0.0,0.0,0.0,4.17,6.89,CENTER_DUAL,265.1,-54.9,1.0,,
17:58:42.984,5.9,MANUAL,0,0,0.0,0.0,0.0,4.17,6.89,CENTER_DUAL,266.2,-53.8,1.0,,
17:58:44.115,6.5,MANUAL,0,0,0.0,0.0,0.0,4.17,6.89,CENTER_DUAL,267.2,-52.8,1.0,,
17:58:45.175,12.6,MANUAL,0,0,0.0,0.0,0.0,4.17,6.89,CENTER_DUAL,267.8,-52.2,1.0,,
17:58:46.324,6.9,MANUAL,0,0,0.0,0.0,0.0,4.17,6.89,CENTER_DUAL,268.4,-51.6,1.0,,
17:58:47.332,5.9,MANUAL,0,0,0.0,0.0,0.0,4.17,6.89,CENTER_DUAL,269.1,-50.9,1.0,,
17:58:48.392,4.9,MANUAL,0,0,0.0,0.0,0.0,4.17,6.89,CENTER_DUAL,271.3,-48.7,1.0,,
17:58:49.491,5.9,MANUAL,0,0,0.0,0.0,0.0,4.17,6.89,CENTER_DUAL,272.4,-47.6,1.0,,
17:58:50.572,5.5,MANUAL,0,0,0.0,0.0,0.0,4.17,6.89,CENTER_DUAL,273.1,-46.9,1.0,,
17:58:51.582,5.9,MANUAL,0,0,0.0,0.0,0.0,4.17,6.89,CENTER_DUAL,273.4,-46.6,1.0,,
17:58:52.651,5.3,MANUAL,0,0,0.0,0.0,0.0,4.17,6.89,CENTER_DUAL,269.6,-50.4,1.0,,
17:58:53.813,5.4,MANUAL,0,0,0.0,0.0,0.0,4.17,6.89,CENTER_DUAL,271.7,-48.3,1.0,,
17:58:54.849,5.9,MANUAL,0,0,0.0,0.0,0.0,4.17,6.89,CENTER_DUAL,277.7,-42.3,1.0,,
17:58:56.006,5.0,MANUAL,0,0,0.0,0.0,0.0,4.17,6.89,CENTER_DUAL,281.7,-38.3,1.0,,
17:58:57.123,6.5,MANUAL,0,0,0.0,0.0,0.0,4.17,6.89,CENTER_DUAL,274.6,-45.4,1.0,,
17:58:58.226,4.9,MANUAL,0,0,0.0,0.0,0.0,4.17,6.89,CENTER_DUAL,270.3,-49.7,1.0,,
17:58:59.293,4.9,MANUAL,0,0,0.0,0.0,0.0,4.17,6.89,CENTER_DUAL,269.6,-50.4,1.0,,
17:59:00.388,5.2,MANUAL,0,0,0.0,0.0,0.0,4.17,6.89,CENTER_DUAL,269.3,-50.7,1.0,,
17:59:01.479,6.7,MANUAL,0,0,0.0,0.0,0.0,4.17,6.89,CENTER_DUAL,269.0,-51.0,1.0,,
17:59:02.643,5.4,MANUAL,0,0,0.0,0.0,0.0,4.17,6.89,CENTER_DUAL,269.2,-50.8,1.0,,
17:59:03.682,7.2,MANUAL,0,0,0.0,0.0,0.0,4.17,6.89,CENTER_DUAL,268.9,-51.1,1.0,,
17:59:04.721,7.3,MANUAL,0,0,0.0,0.0,0.0,4.17,6.89,CENTER_DUAL,268.8,-51.2,1.0,,
17:59:05.762,6.3,MANUAL,0,0,0.0,0.0,0.0,4.17,6.89,CENTER_DUAL,268.6,-51.4,1.0,,
17:59:06.771,6.4,MANUAL,0,0,0.0,0.0,0.0,4.17,6.89,CENTER_DUAL,268.0,-52.0,1.0,,
17:59:07.929,5.8,MANUAL,0,0,0.0,0.0,0.0,4.17,6.89,CENTER_DUAL,267.7,-52.3,1.0,,
17:59:09.031,5.1,MANUAL,0,0,0.0,0.0,0.0,4.17,6.89,CENTER_DUAL,267.5,-52.5,1.0,,
17:59:10.102,6.0,MANUAL,0,0,0.0,0.0,0.0,4.17,6.89,CENTER_DUAL,267.4,-52.6,1.0,,
17:59:11.162,5.2,MANUAL,0,0,0.0,0.0,0.0,4.17,6.89,CENTER_DUAL,267.4,-52.6,1.0,,
17:59:12.262,5.4,MANUAL,0,0,0.0,0.0,0.0,4.17,6.89,CENTER_DUAL,267.4,-52.6,1.0,,
17:59:13.361,5.7,MANUAL,0,0,0.0,0.0,0.0,4.17,6.89,CENTER_DUAL,267.5,-52.5,1.0,,
17:59:14.479,5.4,MANUAL,0,0,0.0,0.0,0.0,4.17,6.89,CENTER_DUAL,267.6,-52.4,1.0,,
17:59:15.593,5.9,MANUAL,0,0,0.0,0.0,0.0,4.17,6.89,CENTER_DUAL,267.5,-52.5,1.0,,
17:59:16.711,5.6,MANUAL,0,0,0.0,0.0,0.0,4.17,6.89,CENTER_DUAL,267.8,-52.2,1.0,,
17:59:17.797,5.9,MANUAL,0,0,0.0,0.0,0.0,4.17,6.89,CENTER_DUAL,268.0,-52.0,1.0,,
17:59:18.842,5.7,MANUAL,0,0,0.0,0.0,0.0,4.17,6.89,CENTER_DUAL,268.0,-52.0,1.0,,
17:59:19.980,5.7,MANUAL,0,0,0.0,0.0,0.0,4.17,6.89,CENTER_DUAL,268.0,-52.0,1.0,,
17:59:21.086,4.6,MANUAL,0,0,0.0,0.0,0.0,4.17,6.89,CENTER_DUAL,267.9,-52.1,1.0,,
17:59:22.196,5.1,MANUAL,0,0,0.0,0.0,0.0,4.17,6.89,CENTER_DUAL,267.5,-52.5,1.0,,
17:59:23.240,4.6,MANUAL,0,0,0.0,0.0,0.0,4.17,6.89,CENTER_DUAL,266.9,-53.1,1.0,,
17:59:24.359,5.9,MANUAL,0,0,0.0,0.0,0.0,4.17,6.89,CENTER_DUAL,266.3,-53.7,1.0,,
17:59:25.392,5.4,MANUAL,0,0,0.0,0.0,0.0,4.17,6.89,CENTER_DUAL,266.4,-53.6,1.0,,
17:59:26.491,5.6,MANUAL,0,0,0.0,0.0,0.0,4.17,6.89,CENTER_DUAL,266.3,-53.7,1.0,,
17:59:27.561,5.7,MANUAL,0,0,0.0,0.0,0.0,4.17,6.89,CENTER_DUAL,266.2,-53.8,1.0,,
17:59:28.609,5.8,MANUAL,0,0,0.0,0.0,0.0,4.17,6.89,CENTER_DUAL,266.2,-53.8,1.0,,
17:59:29.760,4.6,MANUAL,0,0,0.0,0.0,0.0,4.17,6.89,CENTER_DUAL,266.5,-53.5,1.0,,
17:59:30.871,6.4,MANUAL,0,0,0.0,0.0,0.0,4.17,6.89,CENTER_DUAL,266.8,-53.2,1.0,,
17:59:31.991,5.7,MANUAL,0,0,0.0,0.0,0.0,4.17,6.89,CENTER_DUAL,267.0,-53.0,1.0,,
17:59:33.089,6.4,MANUAL,0,0,0.0,0.0,0.0,4.17,6.89,CENTER_DUAL,266.9,-53.1,1.0,,
17:59:34.147,5.4,MANUAL,0,0,0.0,0.0,0.0,4.17,6.89,CENTER_DUAL,267.1,-52.9,1.0,,
17:59:35.181,5.9,MANUAL,0,0,0.0,0.0,0.0,4.17,6.89,CENTER_DUAL,272.2,-47.8,1.0,,
17:59:36.182,6.0,MANUAL,0,0,0.0,0.0,0.0,4.17,6.89,CENTER_DUAL,304.9,-15.1,1.0,,
17:59:37.276,5.7,MANUAL,0,0,0.0,0.0,0.0,4.17,6.89,CENTER_DUAL,307.6,-12.4,1.0,,
17:59:38.350,5.8,MANUAL,0,0,0.0,0.0,0.0,4.17,6.89,CENTER_DUAL,308.3,-11.7,1.0,,
17:59:39.407,5.8,MANUAL,0,0,0.0,0.0,0.0,4.17,6.89,CENTER_DUAL,307.5,-12.5,1.0,,
17:59:40.504,5.4,MANUAL,0,0,0.0,0.0,0.0,4.17,6.89,CENTER_DUAL,303.4,-16.6,1.0,,
17:59:41.592,6.4,MANUAL,0,0,0.0,0.0,0.0,4.17,6.89,CENTER_DUAL,302.0,-18.0,1.0,,
17:59:42.698,5.9,MANUAL,0,0,0.0,0.0,0.0,4.17,6.89,CENTER_DUAL,298.1,-21.9,1.0,,
17:59:43.799,5.4,MANUAL,0,0,0.0,0.0,0.0,4.17,6.89,CENTER_DUAL,290.8,-29.2,1.0,,
17:59:44.952,5.0,MANUAL,0,0,0.0,0.0,0.0,4.17,6.89,CENTER_DUAL,280.7,-39.3,1.0,,
17:59:45.969,6.5,MANUAL,0,0,0.0,0.0,0.0,4.17,6.89,CENTER_DUAL,279.5,-40.5,1.0,,
17:59:47.083,6.5,MANUAL,0,0,0.0,0.0,0.0,4.17,6.89,CENTER_DUAL,278.5,-41.5,1.0,,
17:59:48.196,6.4,MANUAL,0,0,0.0,0.0,0.0,4.17,6.89,CENTER_DUAL,277.4,-42.6,1.0,,
17:59:49.213,5.9,MANUAL,0,0,0.0,0.0,0.0,4.17,6.89,CENTER_DUAL,276.8,-43.2,1.0,,
17:59:50.254,5.3,MANUAL,0,0,0.0,0.0,0.0,4.17,6.89,CENTER_DUAL,276.4,-43.6,1.0,,
17:59:51.393,6.0,MANUAL,0,0,0.0,0.0,0.0,4.17,6.89,CENTER_DUAL,276.1,-43.9,1.0,,
17:59:52.461,6.3,MANUAL,0,0,0.0,0.0,0.0,4.17,6.89,CENTER_DUAL,275.9,-44.1,1.0,,
17:59:53.472,5.8,MANUAL,0,0,0.0,0.0,0.0,4.17,6.89,CENTER_DUAL,275.8,-44.2,1.0,,
17:59:54.568,5.8,MANUAL,0,0,0.0,0.0,0.0,4.17,6.89,CENTER_DUAL,275.7,-44.3,1.0,,
17:59:55.644,6.4,MANUAL,0,0,0.0,0.0,0.0,4.17,6.89,CENTER_DUAL,275.3,-44.7,1.0,,
17:59:56.741,6.4,MANUAL,0,0,0.0,0.0,0.0,4.17,6.89,CENTER_DUAL,275.4,-44.6,1.0,,
17:59:57.863,5.9,MANUAL,0,0,0.0,0.0,0.0,4.17,6.89,CENTER_DUAL,275.4,-44.6,1.0,,
17:59:59.005,5.9,MANUAL,0,0,0.0,0.0,0.0,4.17,6.89,CENTER_DUAL,275.0,-45.0,1.0,,
18:00:00.108,6.5,MANUAL,0,0,0.0,0.0,0.0,4.17,6.89,CENTER_DUAL,274.9,-45.1,1.0,,
18:00:01.262,6.0,MANUAL,0,0,0.0,0.0,0.0,4.17,6.89,CENTER_DUAL,274.7,-45.3,1.0,,
18:00:02.262,5.4,MANUAL,0,0,0.0,0.0,0.0,4.17,6.89,CENTER_DUAL,274.5,-45.5,1.0,,
18:00:03.295,5.4,MANUAL,0,0,0.0,0.0,0.0,4.17,6.89,CENTER_DUAL,274.2,-45.8,1.0,,
18:00:04.376,5.3,MANUAL,0,0,0.0,0.0,0.0,4.17,6.89,CENTER_DUAL,274.1,-45.9,1.0,,
18:00:05.401,5.3,MANUAL,0,0,0.0,0.0,0.0,4.17,6.89,CENTER_DUAL,274.1,-45.9,1.0,,
18:00:06.533,5.3,MANUAL,0,0,0.0,0.0,0.0,4.17,6.89,CENTER_DUAL,274.1,-45.9,1.0,,
18:00:07.669,5.4,MANUAL,0,0,0.0,0.0,0.0,4.17,6.89,CENTER_DUAL,274.1,-45.9,1.0,,
18:00:08.834,4.6,MANUAL,0,0,0.0,0.0,0.0,4.17,6.89,CENTER_DUAL,274.0,-46.0,1.0,,
18:00:09.983,5.4,MANUAL,0,0,0.0,0.0,0.0,4.17,6.89,CENTER_DUAL,274.0,-46.0,1.0,,
18:00:11.182,4.9,MANUAL,0,0,0.0,0.0,0.0,4.17,6.89,CENTER_DUAL,274.0,-46.0,1.0,,
18:00:12.311,5.3,MANUAL,0,0,0.0,0.0,0.0,4.17,6.89,CENTER_DUAL,274.0,-46.0,1.0,,
18:00:13.469,5.4,MANUAL,0,0,0.0,0.0,0.0,4.17,6.89,CENTER_DUAL,274.0,-46.0,1.0,,
18:00:14.636,4.9,MANUAL,0,0,0.0,0.0,0.0,4.17,6.89,CENTER_DUAL,274.0,-46.0,1.0,,
18:00:15.678,4.6,MANUAL,0,0,0.0,0.0,0.0,4.17,6.89,CENTER_DUAL,274.0,-46.0,1.0,,
18:00:16.692,5.4,MANUAL,0,0,0.0,0.0,0.0,4.17,6.89,CENTER_DUAL,274.0,-46.0,1.0,,
18:00:17.706,4.1,MANUAL,0,0,0.0,0.0,0.0,4.17,6.89,CENTER_DUAL,273.9,-46.1,1.0,,
18:00:18.855,5.4,MANUAL,0,0,0.0,0.0,0.0,4.17,6.89,CENTER_DUAL,273.9,-46.1,1.0,,
18:00:19.880,5.6,MANUAL,0,0,0.0,0.0,0.0,4.17,6.89,CENTER_DUAL,273.9,-46.1,1.0,,
18:00:20.920,4.3,MANUAL,0,0,0.0,0.0,0.0,4.17,6.89,CENTER_DUAL,273.9,-46.1,1.0,,
18:00:21.933,5.0,MANUAL,0,0,0.0,0.0,0.0,4.17,6.89,CENTER_DUAL,274.0,-46.0,1.0,,
18:00:22.983,5.7,MANUAL,0,0,0.0,0.0,0.0,4.17,6.89,CENTER_DUAL,274.0,-46.0,1.0,,
18:00:24.145,5.0,MANUAL,0,0,0.0,0.0,0.0,4.17,6.89,CENTER_DUAL,273.9,-46.1,1.0,,
18:00:25.265,5.4,MANUAL,0,0,0.0,0.0,0.0,4.17,6.89,CENTER_DUAL,273.9,-46.1,1.0,,
18:00:26.313,6.7,MANUAL,0,0,0.0,0.0,0.0,4.17,6.89,CENTER_DUAL,273.9,-46.1,1.0,,
18:00:27.378,5.3,MANUAL,0,0,0.0,0.0,0.0,4.17,6.89,CENTER_DUAL,273.9,-46.1,1.0,,
18:00:28.497,5.1,MANUAL,0,0,0.0,0.0,0.0,4.17,6.89,CENTER_DUAL,273.9,-46.1,1.0,,
18:00:29.567,5.8,MANUAL,0,0,0.0,0.0,0.0,4.17,6.89,CENTER_DUAL,273.9,-46.1,1.0,,
18:00:30.604,6.4,MANUAL,0,0,0.0,0.0,0.0,4.17,6.89,CENTER_DUAL,273.9,-46.1,1.0,,
18:00:31.742,6.5,MANUAL,0,0,0.0,0.0,0.0,4.17,6.89,CENTER_DUAL,273.9,-46.1,1.0,,
18:00:32.908,5.9,MANUAL,0,0,0.0,0.0,0.0,4.17,6.89,CENTER_DUAL,273.9,-46.1,1.0,,
18:00:34.007,5.3,MANUAL,0,0,0.0,0.0,0.0,4.17,6.89,CENTER_DUAL,273.9,-46.1,1.0,,
18:00:35.166,6.5,MANUAL,0,0,0.0,0.0,0.0,4.17,6.89,CENTER_DUAL,273.9,-46.1,1.0,,
18:00:36.192,6.5,MANUAL,0,0,0.0,0.0,0.0,4.17,6.89,CENTER_DUAL,273.9,-46.1,1.0,,
18:00:37.370,5.4,MANUAL,0,0,0.0,0.0,0.0,4.17,6.89,CENTER_DUAL,273.9,-46.1,1.0,,
18:00:38.429,6.4,MANUAL,0,0,0.0,0.0,0.0,4.17,6.89,CENTER_DUAL,273.9,-46.1,1.0,,
18:00:39.435,5.3,MANUAL,0,0,0.0,0.0,0.0,4.17,6.89,CENTER_DUAL,273.9,-46.1,1.0,,
18:00:40.543,5.6,MANUAL,0,0,0.0,0.0,0.0,4.17,6.89,CENTER_DUAL,273.9,-46.1,1.0,,
18:00:41.591,5.4,MANUAL,0,0,0.0,0.0,0.0,4.17,6.89,CENTER_DUAL,273.9,-46.1,1.0,,
18:00:42.715,5.0,MANUAL,0,0,0.0,0.0,0.0,4.17,6.89,CENTER_DUAL,273.9,-46.1,1.0,,
18:00:43.869,6.4,MANUAL,0,0,0.0,0.0,0.0,4.17,6.89,CENTER_DUAL,273.9,-46.1,1.0,,
18:00:44.910,5.0,MANUAL,0,0,0.0,0.0,0.0,4.17,6.89,CENTER_DUAL,273.9,-46.1,1.0,,
18:00:46.088,5.4,MANUAL,0,0,0.0,0.0,0.0,4.17,6.89,CENTER_DUAL,273.9,-46.1,1.0,,
18:00:47.170,6.5,MANUAL,0,0,0.0,0.0,0.0,4.17,6.89,CENTER_DUAL,273.9,-46.1,1.0,,
18:00:48.280,5.4,MANUAL,0,0,0.0,0.0,0.0,4.17,6.89,CENTER_DUAL,273.9,-46.1,1.0,,
18:00:49.351,5.8,MANUAL,0,0,0.0,0.0,0.0,4.17,6.89,CENTER_DUAL,273.9,-46.1,1.0,,
18:00:50.380,6.6,MANUAL,0,0,0.0,0.0,0.0,4.17,6.89,CENTER_DUAL,273.9,-46.1,1.0,,
18:00:51.387,5.4,MANUAL,0,0,0.0,0.0,0.0,4.17,6.89,CENTER_DUAL,273.9,-46.1,1.0,,
18:00:52.429,5.6,MANUAL,0,0,0.0,0.0,0.0,4.17,6.89,CENTER_DUAL,273.9,-46.1,1.0,,
18:00:53.557,6.3,MANUAL,0,0,0.0,0.0,0.0,4.17,6.89,CENTER_DUAL,273.9,-46.1,1.0,,
18:00:54.678,6.5,MANUAL,0,0,0.0,0.0,0.0,4.17,6.89,CENTER_DUAL,273.9,-46.1,1.0,,
18:00:55.793,6.5,MANUAL,0,0,0.0,0.0,0.0,4.17,6.89,CENTER_DUAL,273.9,-46.1,1.0,,
18:00:56.840,5.4,MANUAL,0,0,0.0,0.0,0.0,4.17,6.89,CENTER_DUAL,274.0,-46.0,1.0,,
18:00:57.857,6.5,MANUAL,0,0,0.0,0.0,0.0,4.17,6.89,CENTER_DUAL,273.9,-46.1,1.0,,
18:00:58.979,5.8,MANUAL,0,0,0.0,0.0,0.0,4.17,6.89,CENTER_DUAL,273.9,-46.1,1.0,,
18:01:00.075,6.5,MANUAL,0,0,0.0,0.0,0.0,4.17,6.89,CENTER_DUAL,273.9,-46.1,1.0,,
18:01:01.150,5.4,MANUAL,0,0,0.0,0.0,0.0,4.17,6.89,CENTER_DUAL,273.9,-46.1,1.0,,
18:01:02.159,7.0,MANUAL,0,0,0.0,0.0,0.0,4.17,6.89,CENTER_DUAL,273.9,-46.1,1.0,,
18:01:03.321,5.0,MANUAL,0,0,0.0,0.0,0.0,4.17,6.89,CENTER_DUAL,273.9,-46.1,1.0,,
18:01:04.346,5.9,MANUAL,0,0,0.0,0.0,0.0,4.17,6.89,CENTER_DUAL,273.8,-46.2,1.0,,
18:01:05.408,5.4,MANUAL,0,0,0.0,0.0,0.0,4.17,6.89,CENTER_DUAL,273.7,-46.3,1.0,,
18:01:06.428,6.4,MANUAL,0,0,0.0,0.0,0.0,4.17,6.89,CENTER_DUAL,273.7,-46.3,1.0,,
18:01:07.563,4.9,MANUAL,0,0,0.0,0.0,0.0,4.17,6.89,CENTER_DUAL,273.7,-46.3,1.0,,
18:01:08.692,6.5,MANUAL,0,0,0.0,0.0,0.0,4.17,6.89,CENTER_DUAL,273.6,-46.4,1.0,,
18:01:09.728,5.1,MANUAL,0,0,0.0,0.0,0.0,4.17,6.89,CENTER_DUAL,273.7,-46.3,1.0,,
18:01:10.739,6.4,MANUAL,0,0,0.0,0.0,0.0,4.17,6.89,CENTER_DUAL,273.7,-46.3,1.0,,
18:01:11.922,5.4,MANUAL,0,0,0.0,0.0,0.0,4.17,6.89,CENTER_DUAL,273.8,-46.2,1.0,,
18:01:12.925,7.2,MANUAL,0,0,0.0,0.0,0.0,4.17,6.89,CENTER_DUAL,273.9,-46.1,1.0,,
18:01:14.014,5.3,MANUAL,0,0,0.0,0.0,0.0,4.17,6.89,CENTER_DUAL,273.9,-46.1,1.0,,
18:01:15.096,7.0,MANUAL,0,0,0.0,0.0,0.0,4.17,6.89,CENTER_DUAL,273.9,-46.1,1.0,,
18:01:16.097,5.9,MANUAL,0,0,0.0,0.0,0.0,4.17,6.89,CENTER_DUAL,273.9,-46.1,1.0,,
18:01:17.106,6.4,MANUAL,0,0,0.0,0.0,0.0,4.17,6.89,CENTER_DUAL,273.9,-46.1,1.0,,
18:01:18.171,6.5,MANUAL,0,0,0.0,0.0,0.0,4.17,6.89,CENTER_DUAL,273.9,-46.1,1.0,,
18:01:19.185,6.5,MANUAL,0,0,0.0,0.0,0.0,4.17,6.89,CENTER_DUAL,273.9,-46.1,1.0,,
18:01:20.274,5.8,MANUAL,0,0,0.0,0.0,0.0,4.17,6.89,CENTER_DUAL,273.9,-46.1,1.0,,
18:01:21.323,5.9,MANUAL,0,0,0.0,0.0,0.0,4.17,6.89,CENTER_DUAL,273.9,-46.1,1.0,,
18:01:22.480,7.1,MANUAL,0,0,0.0,0.0,0.0,4.17,6.89,CENTER_DUAL,273.9,-46.1,1.0,,
18:01:23.603,5.3,MANUAL,0,0,0.0,0.0,0.0,4.17,6.89,CENTER_DUAL,273.9,-46.1,1.0,,
18:01:24.697,5.9,MANUAL,0,0,0.0,0.0,0.0,4.17,6.89,CENTER_DUAL,274.0,-46.0,1.0,,
18:01:25.796,5.9,MANUAL,0,0,0.0,0.0,0.0,4.17,6.89,CENTER_DUAL,274.0,-46.0,1.0,,
18:01:26.853,5.8,MANUAL,0,0,0.0,0.0,0.0,4.17,6.89,CENTER_DUAL,274.0,-46.0,1.0,,
18:01:27.853,5.4,MANUAL,0,0,0.0,0.0,0.0,4.17,6.89,CENTER_DUAL,274.0,-46.0,1.0,,
18:01:28.941,5.4,MANUAL,0,0,0.0,0.0,0.0,4.17,6.89,CENTER_DUAL,274.0,-46.0,1.0,,
18:01:30.050,4.6,MANUAL,0,0,0.0,0.0,0.0,4.17,6.89,CENTER_DUAL,274.0,-46.0,1.0,,
18:01:31.154,6.6,MANUAL,0,0,0.0,0.0,0.0,4.17,6.89,CENTER_DUAL,274.0,-46.0,1.0,,
18:01:32.220,5.4,MANUAL,0,0,0.0,0.0,0.0,4.17,6.89,CENTER_DUAL,274.0,-46.0,1.0,,
18:01:33.229,7.2,MANUAL,0,0,0.0,0.0,0.0,4.17,6.89,CENTER_DUAL,274.0,-46.0,1.0,,
18:01:34.388,5.0,MANUAL,0,0,0.0,0.0,0.0,4.17,6.89,CENTER_DUAL,274.0,-46.0,1.0,,
18:01:35.427,6.4,MANUAL,0,0,0.0,0.0,0.0,4.17,6.89,CENTER_DUAL,274.0,-46.0,1.0,,
18:01:36.501,6.4,MANUAL,0,0,0.0,0.0,0.0,4.17,6.89,CENTER_DUAL,274.0,-46.0,1.0,,
18:01:37.669,5.8,MANUAL,0,0,0.0,0.0,0.0,4.17,6.89,CENTER_DUAL,274.0,-46.0,1.0,,
18:01:38.871,6.4,MANUAL,0,0,0.0,0.0,0.0,4.17,6.89,CENTER_DUAL,274.0,-46.0,1.0,,
18:01:39.952,5.9,MANUAL,0,0,0.0,0.0,0.0,4.17,6.89,CENTER_DUAL,274.0,-46.0,1.0,,
18:01:41.037,5.8,MANUAL,0,0,0.0,0.0,0.0,4.17,6.89,CENTER_DUAL,274.0,-46.0,1.0,,
18:01:42.086,5.5,MANUAL,0,0,0.0,0.0,0.0,4.17,6.89,CENTER_DUAL,274.0,-46.0,1.0,,
18:01:43.134,6.6,MANUAL,0,0,0.0,0.0,0.0,4.17,6.89,CENTER_DUAL,274.0,-46.0,1.0,,
18:01:44.258,6.5,MANUAL,0,0,0.0,0.0,0.0,4.17,6.89,CENTER_DUAL,274.0,-46.0,1.0,,
18:01:45.357,6.4,MANUAL,0,0,0.0,0.0,0.0,4.17,6.89,CENTER_DUAL,274.0,-46.0,1.0,,
18:01:46.400,6.4,MANUAL,0,0,0.0,0.0,0.0,4.17,6.89,CENTER_DUAL,274.1,-45.9,1.0,,
18:01:47.471,6.4,MANUAL,0,0,0.0,0.0,0.0,4.17,6.89,CENTER_DUAL,274.7,-45.3,1.0,,
18:01:48.585,6.4,MANUAL,0,0,0.0,0.0,0.0,4.17,6.89,CENTER_DUAL,275.4,-44.6,1.0,,
18:01:49.621,7.1,MANUAL,0,0,0.0,0.0,0.0,4.17,6.89,CENTER_DUAL,275.9,-44.1,1.0,,
18:01:50.669,6.4,MANUAL,0,0,0.0,0.0,0.0,4.17,6.89,CENTER_DUAL,276.2,-43.8,1.0,,
18:01:51.783,6.3,MANUAL,0,0,0.0,0.0,0.0,4.17,6.89,CENTER_DUAL,276.5,-43.5,1.0,,
18:01:52.832,7.1,MANUAL,0,0,0.0,0.0,0.0,4.17,6.89,CENTER_DUAL,276.7,-43.3,1.0,,
18:01:53.888,7.1,MANUAL,0,0,0.0,0.0,0.0,4.17,6.89,CENTER_DUAL,276.7,-43.3,1.0,,
18:01:54.942,7.2,MANUAL,0,0,0.0,0.0,0.0,4.17,6.89,CENTER_DUAL,276.8,-43.2,1.0,,
18:01:56.053,6.5,MANUAL,0,0,0.0,0.0,0.0,4.17,6.89,CENTER_DUAL,276.9,-43.1,1.0,,
18:01:57.093,7.1,MANUAL,0,0,0.0,0.0,0.0,4.17,6.89,CENTER_DUAL,276.9,-43.1,1.0,,
18:01:58.152,7.2,MANUAL,0,0,0.0,0.0,0.0,4.17,6.89,CENTER_DUAL,276.9,-43.1,1.0,,
18:01:59.170,7.1,MANUAL,0,0,0.0,0.0,0.0,4.17,6.89,CENTER_DUAL,276.9,-43.1,1.0,,
18:02:00.183,7.1,MANUAL,0,0,0.0,0.0,0.0,4.17,6.89,CENTER_DUAL,276.9,-43.1,1.0,,
18:02:01.255,6.5,MANUAL,0,0,0.0,0.0,0.0,4.17,6.89,CENTER_DUAL,276.9,-43.1,1.0,,
18:02:02.368,6.0,MANUAL,0,0,0.0,0.0,0.0,4.17,6.89,CENTER_DUAL,276.9,-43.1,1.0,,
18:02:03.483,5.8,MANUAL,0,0,0.0,0.0,0.0,4.17,6.89,CENTER_DUAL,276.9,-43.1,1.0,,
18:02:04.563,6.4,MANUAL,0,0,0.0,0.0,0.0,4.17,6.89,CENTER_DUAL,276.9,-43.1,1.0,,
18:02:05.660,6.5,MANUAL,0,0,0.0,0.0,0.0,4.17,6.89,CENTER_DUAL,276.9,-43.1,1.0,,
18:02:06.718,6.4,MANUAL,0,0,0.0,0.0,0.0,4.17,6.89,CENTER_DUAL,276.9,-43.1,1.0,,
18:02:07.822,5.9,MANUAL,0,0,0.0,0.0,0.0,4.17,6.89,CENTER_DUAL,276.9,-43.1,1.0,,
18:02:08.942,6.5,MANUAL,0,0,0.0,0.0,0.0,4.17,6.89,CENTER_DUAL,276.9,-43.1,1.0,,
18:02:10.040,5.9,MANUAL,0,0,0.0,0.0,0.0,4.17,6.89,CENTER_DUAL,276.9,-43.1,1.0,,
18:02:11.160,6.6,MANUAL,0,0,0.0,0.0,0.0,4.17,6.89,CENTER_DUAL,276.9,-43.1,1.0,,
18:02:12.296,7.0,MANUAL,0,0,0.0,0.0,0.0,4.17,6.89,CENTER_DUAL,276.9,-43.1,1.0,,
18:02:13.488,4.8,MANUAL,0,0,0.0,0.0,0.0,4.17,6.89,CENTER_DUAL,276.9,-43.1,1.0,,
18:02:14.676,5.0,MANUAL,0,0,0.0,0.0,0.0,4.17,6.89,CENTER_DUAL,276.9,-43.1,1.0,,
18:02:15.708,4.9,MANUAL,0,0,0.0,0.0,0.0,4.17,6.89,CENTER_DUAL,276.9,-43.1,1.0,,
18:02:16.852,5.3,MANUAL,0,0,0.0,0.0,0.0,4.17,6.89,CENTER_DUAL,277.0,-43.0,1.0,,
18:02:17.893,4.3,MANUAL,0,0,0.0,0.0,0.0,4.17,6.89,CENTER_DUAL,277.0,-43.0,1.0,,
18:02:19.059,4.6,MANUAL,0,0,0.0,0.0,0.0,4.17,6.89,CENTER_DUAL,277.0,-43.0,1.0,,
18:02:20.228,4.6,MANUAL,0,0,0.0,0.0,0.0,4.17,6.89,CENTER_DUAL,276.9,-43.1,1.0,,
18:02:21.362,5.4,MANUAL,0,0,0.0,0.0,0.0,4.17,6.89,CENTER_DUAL,276.9,-43.1,1.0,,
18:02:22.414,5.0,MANUAL,0,0,0.0,0.0,0.0,4.17,6.89,CENTER_DUAL,276.9,-43.1,1.0,,
18:02:23.603,4.9,MANUAL,0,0,0.0,0.0,0.0,4.17,6.89,CENTER_DUAL,276.9,-43.1,1.0,,
18:02:24.784,6.5,MANUAL,0,0,0.0,0.0,0.0,4.17,6.89,CENTER_DUAL,276.9,-43.1,1.0,,
18:02:25.793,6.5,MANUAL,0,0,0.0,0.0,0.0,4.17,6.89,CENTER_DUAL,276.9,-43.1,1.0,,
18:02:26.845,4.6,MANUAL,0,0,0.0,0.0,0.0,4.17,6.89,CENTER_DUAL,276.9,-43.1,1.0,,
18:02:28.023,5.4,MANUAL,0,0,0.0,0.0,0.0,4.17,6.89,CENTER_DUAL,277.0,-43.0,1.0,,
18:02:29.165,6.4,MANUAL,0,0,0.0,0.0,0.0,4.17,6.89,CENTER_DUAL,277.0,-43.0,1.0,,
18:02:30.202,5.0,MANUAL,0,0,0.0,0.0,0.0,4.17,6.89,CENTER_DUAL,277.0,-43.0,1.0,,
18:02:31.279,5.9,MANUAL,0,0,0.0,0.0,0.0,4.17,6.89,CENTER_DUAL,277.0,-43.0,1.0,,
18:02:32.364,5.3,MANUAL,0,0,0.0,0.0,0.0,4.17,6.89,CENTER_DUAL,277.1,-42.9,1.0,,
18:02:33.530,5.8,MANUAL,0,0,0.0,0.0,0.0,4.17,6.89,CENTER_DUAL,277.0,-43.0,1.0,,
18:02:34.670,6.4,MANUAL,0,0,0.0,0.0,0.0,4.17,6.89,CENTER_DUAL,277.0,-43.0,1.0,,
18:02:35.805,5.0,MANUAL,0,0,0.0,0.0,0.0,4.17,6.89,CENTER_DUAL,277.0,-43.0,1.0,,
18:02:36.895,6.4,MANUAL,0,0,0.0,0.0,0.0,4.17,6.89,CENTER_DUAL,277.0,-43.0,1.0,,
18:02:38.030,5.9,MANUAL,0,0,0.0,0.0,0.0,4.17,6.89,CENTER_DUAL,277.0,-43.0,1.0,,
18:02:39.203,7.1,MANUAL,0,0,0.0,0.0,0.0,4.17,6.89,CENTER_DUAL,276.5,-43.5,1.0,,
18:02:40.286,5.6,MANUAL,0,0,0.0,0.0,0.0,4.17,6.89,CENTER_DUAL,275.9,-44.1,1.0,,
18:02:41.343,5.4,MANUAL,0,0,0.0,0.0,0.0,4.17,6.89,CENTER_DUAL,275.5,-44.5,1.0,,
18:02:42.400,6.3,MANUAL,0,0,0.0,0.0,0.0,4.17,6.89,CENTER_DUAL,275.2,-44.8,1.0,,
18:02:43.418,5.3,MANUAL,0,0,0.0,0.0,0.0,4.17,6.89,CENTER_DUAL,275.0,-45.0,1.0,,
18:02:44.498,5.7,MANUAL,0,0,0.0,0.0,0.0,4.17,6.89,CENTER_DUAL,274.9,-45.1,1.0,,
18:02:45.582,6.4,MANUAL,0,0,0.0,0.0,0.0,4.17,6.89,CENTER_DUAL,274.8,-45.2,1.0,,
18:02:46.734,5.4,MANUAL,0,0,0.0,0.0,0.0,4.17,6.89,CENTER_DUAL,274.7,-45.3,1.0,,
18:02:47.908,5.9,MANUAL,0,0,0.0,0.0,0.0,4.17,6.89,CENTER_DUAL,274.6,-45.4,1.0,,
18:02:49.064,5.4,MANUAL,0,0,0.0,0.0,0.0,4.17,6.89,CENTER_DUAL,274.6,-45.4,1.0,,
18:02:50.077,5.4,MANUAL,0,0,0.0,0.0,0.0,4.17,6.89,CENTER_DUAL,274.4,-45.6,1.0,,
18:02:51.188,5.8,MANUAL,0,0,0.0,0.0,0.0,4.17,6.89,CENTER_DUAL,273.9,-46.1,1.0,,
18:02:52.225,7.1,MANUAL,0,0,0.0,0.0,0.0,4.17,6.89,CENTER_DUAL,273.7,-46.3,1.0,,
18:02:53.360,6.4,MANUAL,0,0,0.0,0.0,0.0,4.17,6.89,CENTER_DUAL,273.9,-46.1,1.0,,
18:02:54.450,5.8,MANUAL,0,0,0.0,0.0,0.0,4.17,6.89,CENTER_DUAL,274.1,-45.9,1.0,,
18:02:55.484,5.3,MANUAL,0,0,0.0,0.0,0.0,4.17,6.89,CENTER_DUAL,274.1,-45.9,1.0,,
18:02:56.573,6.5,MANUAL,0,0,0.0,0.0,0.0,4.17,6.89,CENTER_DUAL,273.5,-46.5,1.0,,
18:02:57.680,5.4,MANUAL,0,0,0.0,0.0,0.0,4.17,6.89,CENTER_DUAL,273.4,-46.6,1.0,,
18:02:58.783,5.3,MANUAL,0,0,0.0,0.0,0.0,4.17,6.89,CENTER_DUAL,273.2,-46.8,1.0,,
18:02:59.823,6.5,MANUAL,0,0,0.0,0.0,0.0,4.17,6.89,CENTER_DUAL,273.2,-46.8,1.0,,
18:03:00.853,5.8,MANUAL,0,0,0.0,0.0,0.0,4.17,6.89,CENTER_DUAL,273.1,-46.9,1.0,,
18:03:01.905,5.4,MANUAL,0,0,0.0,0.0,0.0,4.17,6.89,CENTER_DUAL,273.2,-46.8,1.0,,
18:03:02.942,5.9,MANUAL,0,0,0.0,0.0,0.0,4.17,6.89,CENTER_DUAL,273.2,-46.8,1.0,,
18:03:04.084,5.0,MANUAL,0,0,0.0,0.0,0.0,4.17,6.89,CENTER_DUAL,273.2,-46.8,1.0,,
18:03:05.277,5.4,MANUAL,0,0,0.0,0.0,0.0,4.17,6.89,CENTER_DUAL,273.3,-46.7,1.0,,
18:03:06.417,5.3,MANUAL,0,0,0.0,0.0,0.0,4.17,6.89,CENTER_DUAL,273.3,-46.7,1.0,,
18:03:07.433,5.2,MANUAL,0,0,0.0,0.0,0.0,4.17,6.89,CENTER_DUAL,273.3,-46.7,1.0,,
18:03:08.445,7.2,MANUAL,0,0,0.0,0.0,0.0,4.17,6.89,CENTER_DUAL,273.4,-46.6,1.0,,
18:03:09.502,6.3,MANUAL,0,0,0.0,0.0,0.0,4.17,6.89,CENTER_DUAL,273.5,-46.5,1.0,,
18:03:10.543,4.9,MANUAL,0,0,0.0,0.0,0.0,4.17,6.89,CENTER_DUAL,273.5,-46.5,1.0,,
18:03:11.680,5.4,MANUAL,0,0,0.0,0.0,0.0,4.17,6.89,CENTER_DUAL,273.5,-46.5,1.0,,
18:03:12.704,6.4,MANUAL,0,0,0.0,0.0,0.0,4.17,6.89,CENTER_DUAL,273.5,-46.5,1.0,,
18:03:13.846,6.6,MANUAL,0,0,0.0,0.0,0.0,4.17,6.89,CENTER_DUAL,273.5,-46.5,1.0,,
18:03:14.903,5.3,MANUAL,0,0,0.0,0.0,0.0,4.17,6.89,CENTER_DUAL,270.4,-49.6,1.0,,
18:03:16.015,5.4,MANUAL,0,0,0.0,0.0,0.0,4.17,6.89,CENTER_DUAL,267.1,-52.9,1.0,,
18:03:17.136,3.8,MANUAL,0,0,0.0,0.0,0.0,4.17,6.89,CENTER_DUAL,356.8,36.8,1.0,,
18:03:18.209,4.6,MANUAL,0,0,0.0,0.0,0.0,4.17,6.89,CENTER_DUAL,309.5,-10.5,1.0,,
18:03:19.367,4.9,MANUAL,0,0,0.0,0.0,0.0,4.17,6.89,CENTER_DUAL,350.5,30.5,1.0,,
18:03:20.439,5.0,MANUAL,0,0,0.0,0.0,0.0,4.17,6.89,CENTER_DUAL,243.8,-76.2,1.0,,
18:03:21.439,7.0,MANUAL,0,0,0.0,0.0,0.0,4.17,6.89,CENTER_DUAL,224.2,-95.8,1.0,,
18:03:22.461,5.9,MANUAL,0,0,0.0,0.0,0.0,4.17,6.89,CENTER_DUAL,219.2,-100.8,1.0,,
18:03:23.580,5.3,MANUAL,0,0,0.0,0.0,0.0,4.17,6.89,CENTER_DUAL,224.8,-95.2,1.0,,
18:03:24.685,6.4,MANUAL,0,0,0.0,0.0,0.0,4.17,6.89,CENTER_DUAL,172.0,-148.0,1.0,,
18:03:25.788,5.9,MANUAL,0,0,0.0,0.0,0.0,4.17,6.89,CENTER_DUAL,169.0,-151.0,1.0,,
18:03:26.842,5.4,MANUAL,0,0,0.0,0.0,0.0,4.17,6.89,CENTER_DUAL,163.7,-156.3,1.0,,
18:03:27.994,5.4,MANUAL,0,0,0.0,0.0,0.0,4.17,6.89,CENTER_DUAL,153.7,-166.3,1.0,,
18:03:29.073,5.9,MANUAL,0,0,0.0,0.0,0.0,4.17,6.89,CENTER_DUAL,351.9,31.9,1.0,,
18:03:30.198,5.3,MANUAL,0,0,0.0,0.0,0.0,4.17,6.89,CENTER_DUAL,373.2,53.2,1.0,,
18:03:31.276,4.6,MANUAL,0,0,0.0,0.0,0.0,4.17,6.89,CENTER_DUAL,382.7,62.7,1.0,,
18:03:32.318,6.5,MANUAL,0,0,0.0,0.0,0.0,4.17,6.89,CENTER_DUAL,377.9,57.9,1.0,,
18:03:33.473,5.4,MANUAL,0,0,0.0,0.0,0.0,4.17,6.89,CENTER_DUAL,378.0,58.0,1.0,,
18:03:34.635,5.3,MANUAL,0,0,0.0,0.0,0.0,4.17,6.89,CENTER_DUAL,377.3,57.3,1.0,,
18:03:35.682,6.5,MANUAL,0,0,0.0,0.0,0.0,4.17,6.89,CENTER_DUAL,376.9,56.9,1.0,,
18:03:36.742,5.9,MANUAL,0,0,0.0,0.0,0.0,4.17,6.89,CENTER_DUAL,376.7,56.7,1.0,,
18:03:37.825,6.4,MANUAL,0,0,0.0,0.0,0.0,4.17,6.89,CENTER_DUAL,376.8,56.8,1.0,,
18:03:38.872,5.9,MANUAL,0,0,0.0,0.0,0.0,4.17,6.89,CENTER_DUAL,376.9,56.9,1.0,,
18:03:40.018,4.6,MANUAL,0,0,0.0,0.0,0.0,4.17,6.89,CENTER_DUAL,377.0,57.0,1.0,,
18:03:41.041,6.5,MANUAL,0,0,0.0,0.0,0.0,4.17,6.89,CENTER_DUAL,377.1,57.1,1.0,,
18:03:42.222,6.5,MANUAL,0,0,0.0,0.0,0.0,4.17,6.89,CENTER_DUAL,377.1,57.1,1.0,,
18:03:43.239,6.5,MANUAL,0,0,0.0,0.0,0.0,4.17,6.89,CENTER_DUAL,377.3,57.3,1.0,,
18:03:44.335,6.4,MANUAL,0,0,0.0,0.0,0.0,4.17,6.89,CENTER_DUAL,378.0,58.0,1.0,,
18:03:45.345,5.8,MANUAL,0,0,0.0,0.0,0.0,4.17,6.89,CENTER_DUAL,365.1,45.1,1.0,,
18:03:46.502,5.7,MANUAL,0,0,0.0,0.0,0.0,4.17,6.89,CENTER_DUAL,208.4,-111.6,1.0,,
18:03:47.554,5.4,MANUAL,0,0,0.0,0.0,0.0,4.17,6.89,CENTER_DUAL,180.8,-139.2,1.0,,
18:03:48.688,4.9,MANUAL,0,0,0.0,0.0,0.0,4.17,6.89,LEFT_LANE_ONLY,204.9,-115.1,0.5,,
18:03:49.728,4.9,MANUAL,0,0,0.0,0.0,0.0,4.17,6.89,CENTER_DUAL,364.6,44.6,1.0,,
18:03:50.875,6.1,MANUAL,0,0,0.0,0.0,0.0,4.17,6.89,CENTER_DUAL,366.5,46.5,1.0,,
18:03:52.011,6.5,MANUAL,0,0,0.0,0.0,0.0,4.17,6.89,CENTER_DUAL,365.5,45.5,1.0,,
18:03:53.013,5.9,MANUAL,0,0,0.0,0.0,0.0,4.17,6.89,CENTER_DUAL,364.8,44.8,1.0,,
18:03:54.038,6.5,MANUAL,0,0,0.0,0.0,0.0,4.17,6.89,CENTER_DUAL,364.3,44.3,1.0,,
18:03:55.117,5.3,MANUAL,0,0,0.0,0.0,0.0,4.17,6.89,CENTER_DUAL,364.0,44.0,1.0,,
18:03:56.326,5.0,MANUAL,0,0,0.0,0.0,0.0,4.17,6.89,CENTER_DUAL,363.7,43.7,1.0,,
18:03:57.351,5.9,MANUAL,0,0,0.0,0.0,0.0,4.17,6.89,CENTER_DUAL,363.5,43.5,1.0,,
18:03:58.522,5.3,MANUAL,0,0,0.0,0.0,0.0,4.17,6.89,CENTER_DUAL,363.4,43.4,1.0,,
18:03:59.577,6.5,MANUAL,0,0,0.0,0.0,0.0,4.17,6.89,CENTER_DUAL,363.3,43.3,1.0,,
18:04:00.592,4.6,MANUAL,0,0,0.0,0.0,0.0,4.17,6.89,CENTER_DUAL,363.3,43.3,1.0,,
18:04:01.660,6.4,MANUAL,0,0,0.0,0.0,0.0,4.17,6.89,CENTER_DUAL,363.2,43.2,1.0,,
18:04:02.789,6.4,MANUAL,0,0,0.0,0.0,0.0,4.17,6.89,CENTER_DUAL,363.2,43.2,1.0,,
18:04:03.850,6.4,MANUAL,0,0,0.0,0.0,0.0,4.17,6.89,CENTER_DUAL,363.1,43.1,1.0,,
18:04:04.946,4.9,MANUAL,0,0,0.0,0.0,0.0,4.17,6.89,CENTER_DUAL,363.1,43.1,1.0,,
18:04:06.016,5.4,MANUAL,0,0,0.0,0.0,0.0,4.17,6.89,CENTER_DUAL,363.0,43.0,1.0,,
18:04:07.053,5.4,MANUAL,0,0,0.0,0.0,0.0,4.17,6.89,CENTER_DUAL,363.0,43.0,1.0,,
18:04:08.196,5.4,MANUAL,0,0,0.0,0.0,0.0,4.17,6.89,CENTER_DUAL,363.0,43.0,1.0,,
18:04:09.301,5.4,MANUAL,0,0,0.0,0.0,0.0,4.17,6.89,CENTER_DUAL,363.0,43.0,1.0,,
18:04:10.406,5.8,MANUAL,0,0,0.0,0.0,0.0,4.17,6.89,CENTER_DUAL,363.0,43.0,1.0,,
18:04:11.516,6.4,MANUAL,0,0,0.0,0.0,0.0,4.17,6.89,CENTER_DUAL,363.0,43.0,1.0,,
18:04:12.596,5.7,MANUAL,0,0,0.0,0.0,0.0,4.17,6.89,CENTER_DUAL,363.1,43.1,1.0,,
18:04:13.706,6.5,MANUAL,0,0,0.0,0.0,0.0,4.17,6.89,CENTER_DUAL,363.1,43.1,1.0,,
18:04:14.837,5.0,MANUAL,0,0,0.0,0.0,0.0,4.17,6.89,CENTER_DUAL,363.1,43.1,1.0,,
18:04:15.967,5.3,MANUAL,0,0,0.0,0.0,0.0,4.17,6.89,CENTER_DUAL,363.1,43.1,1.0,,
18:04:17.105,5.4,MANUAL,0,0,0.0,0.0,0.0,4.17,6.89,CENTER_DUAL,363.0,43.0,1.0,,
18:04:18.261,4.9,MANUAL,0,0,0.0,0.0,0.0,4.17,6.89,CENTER_DUAL,363.0,43.0,1.0,,
18:04:19.306,4.6,MANUAL,0,0,0.0,0.0,0.0,4.17,6.89,CENTER_DUAL,363.0,43.0,1.0,,
18:04:20.446,5.0,MANUAL,0,0,0.0,0.0,0.0,4.17,6.89,CENTER_DUAL,363.0,43.0,1.0,,
18:04:21.610,5.3,MANUAL,0,0,0.0,0.0,0.0,4.17,6.89,CENTER_DUAL,363.0,43.0,1.0,,
18:04:22.756,6.4,MANUAL,0,0,0.0,0.0,0.0,4.17,6.89,CENTER_DUAL,362.9,42.9,1.0,,
18:04:23.943,5.9,MANUAL,0,0,0.0,0.0,0.0,4.17,6.89,CENTER_DUAL,362.9,42.9,1.0,,
18:04:25.054,6.4,MANUAL,0,0,0.0,0.0,0.0,4.17,6.89,CENTER_DUAL,362.9,42.9,1.0,,
18:04:26.176,5.4,MANUAL,0,0,0.0,0.0,0.0,4.17,6.89,CENTER_DUAL,363.0,43.0,1.0,,
18:04:27.273,5.8,MANUAL,0,0,0.0,0.0,0.0,4.17,6.89,CENTER_DUAL,363.0,43.0,1.0,,
18:04:28.361,5.4,MANUAL,0,0,0.0,0.0,0.0,4.17,6.89,CENTER_DUAL,363.0,43.0,1.0,,
18:04:29.472,6.4,MANUAL,0,0,0.0,0.0,0.0,4.17,6.89,CENTER_DUAL,363.0,43.0,1.0,,
18:04:30.582,5.8,MANUAL,0,0,0.0,0.0,0.0,4.17,6.89,CENTER_DUAL,363.0,43.0,1.0,,
18:04:31.747,5.4,MANUAL,0,0,0.0,0.0,0.0,4.17,6.89,CENTER_DUAL,362.9,42.9,1.0,,
18:04:32.918,4.9,MANUAL,0,0,0.0,0.0,0.0,4.17,6.89,CENTER_DUAL,362.9,42.9,1.0,,
18:04:33.991,6.3,MANUAL,0,0,0.0,0.0,0.0,4.17,6.89,CENTER_DUAL,362.9,42.9,1.0,,
18:04:35.129,5.8,MANUAL,0,0,0.0,0.0,0.0,4.17,6.89,CENTER_DUAL,362.9,42.9,1.0,,
18:04:36.225,6.5,MANUAL,0,0,0.0,0.0,0.0,4.17,6.89,CENTER_DUAL,362.9,42.9,1.0,,
18:04:37.329,4.9,MANUAL,0,0,0.0,0.0,0.0,4.17,6.89,CENTER_DUAL,362.9,42.9,1.0,,
18:04:38.492,5.8,MANUAL,0,0,0.0,0.0,0.0,4.17,6.89,CENTER_DUAL,362.9,42.9,1.0,,
18:04:39.549,6.0,MANUAL,0,0,0.0,0.0,0.0,4.17,6.89,CENTER_DUAL,362.9,42.9,1.0,,
18:04:40.661,5.3,MANUAL,0,0,0.0,0.0,0.0,4.17,6.89,CENTER_DUAL,362.9,42.9,1.0,,
18:04:41.787,6.4,MANUAL,0,0,0.0,0.0,0.0,4.17,6.89,CENTER_DUAL,362.9,42.9,1.0,,
18:04:42.896,5.8,MANUAL,0,0,0.0,0.0,0.0,4.17,6.89,CENTER_DUAL,362.9,42.9,1.0,,
18:04:43.982,4.7,MANUAL,0,0,0.0,0.0,0.0,4.17,6.89,CENTER_DUAL,362.9,42.9,1.0,,
18:04:45.128,4.6,MANUAL,0,0,0.0,0.0,0.0,4.17,6.89,CENTER_DUAL,362.9,42.9,1.0,,
18:04:46.158,5.8,MANUAL,0,0,0.0,0.0,0.0,4.17,6.89,CENTER_DUAL,362.9,42.9,1.0,,
18:04:47.325,5.0,MANUAL,0,0,0.0,0.0,0.0,4.17,6.89,CENTER_DUAL,362.9,42.9,1.0,,
18:04:48.409,5.3,MANUAL,0,0,0.0,0.0,0.0,4.17,6.89,CENTER_DUAL,362.9,42.9,1.0,,
18:04:49.540,4.9,MANUAL,0,0,0.0,0.0,0.0,4.17,6.89,CENTER_DUAL,362.9,42.9,1.0,,
18:04:50.597,5.3,MANUAL,0,0,0.0,0.0,0.0,4.17,6.89,CENTER_DUAL,362.9,42.9,1.0,,
18:04:51.643,7.1,MANUAL,0,0,0.0,0.0,0.0,4.17,6.89,CENTER_DUAL,362.9,42.9,1.0,,
18:04:52.659,5.0,MANUAL,0,0,0.0,0.0,0.0,4.17,6.89,CENTER_DUAL,362.9,42.9,1.0,,
18:04:53.766,5.4,MANUAL,0,0,0.0,0.0,0.0,4.17,6.89,CENTER_DUAL,362.9,42.9,1.0,,
18:04:54.821,5.0,MANUAL,0,0,0.0,0.0,0.0,4.17,6.89,CENTER_DUAL,362.8,42.8,1.0,,
18:04:55.957,4.6,MANUAL,0,0,0.0,0.0,0.0,4.17,6.89,CENTER_DUAL,362.8,42.8,1.0,,
18:04:57.083,4.9,MANUAL,0,0,0.0,0.0,0.0,4.17,6.89,CENTER_DUAL,362.8,42.8,1.0,,
18:04:58.188,5.0,MANUAL,0,0,0.0,0.0,0.0,4.17,6.89,CENTER_DUAL,362.9,42.9,1.0,,
18:04:59.316,7.1,MANUAL,0,0,0.0,0.0,0.0,4.17,6.89,CENTER_DUAL,362.9,42.9,1.0,,
18:05:00.404,5.6,MANUAL,0,0,0.0,0.0,0.0,4.17,6.89,CENTER_DUAL,362.9,42.9,1.0,,
18:05:01.474,7.0,MANUAL,0,0,0.0,0.0,0.0,4.17,6.89,CENTER_DUAL,362.9,42.9,1.0,,
18:05:02.549,5.9,MANUAL,0,0,0.0,0.0,0.0,4.17,6.89,CENTER_DUAL,362.9,42.9,1.0,,
18:05:03.625,6.4,MANUAL,0,0,0.0,0.0,0.0,4.17,6.89,CENTER_DUAL,362.9,42.9,1.0,,
18:05:04.701,6.4,MANUAL,0,0,0.0,0.0,0.0,4.17,6.89,CENTER_DUAL,362.9,42.9,1.0,,
18:05:05.791,6.5,MANUAL,0,0,0.0,0.0,0.0,4.17,6.89,CENTER_DUAL,362.9,42.9,1.0,,
18:05:06.866,6.5,MANUAL,0,0,0.0,0.0,0.0,4.17,6.89,CENTER_DUAL,362.9,42.9,1.0,,
18:05:07.946,6.5,MANUAL,0,0,0.0,0.0,0.0,4.17,6.89,CENTER_DUAL,362.9,42.9,1.0,,
18:05:08.959,5.8,MANUAL,0,0,0.0,0.0,0.0,4.17,6.89,CENTER_DUAL,362.9,42.9,1.0,,
18:05:09.998,4.9,MANUAL,0,0,0.0,0.0,0.0,4.17,6.89,CENTER_DUAL,362.9,42.9,1.0,,
18:05:11.100,5.9,MANUAL,0,0,0.0,0.0,0.0,4.17,6.89,CENTER_DUAL,362.9,42.9,1.0,,
18:05:12.185,4.9,MANUAL,0,0,0.0,0.0,0.0,4.17,6.89,CENTER_DUAL,362.9,42.9,1.0,,
18:05:13.305,4.6,MANUAL,0,0,0.0,0.0,0.0,4.17,6.89,CENTER_DUAL,362.8,42.8,1.0,,
18:05:14.383,6.4,MANUAL,0,0,0.0,0.0,0.0,4.17,6.89,CENTER_DUAL,362.8,42.8,1.0,,
18:05:15.600,4.9,MANUAL,0,0,0.0,0.0,0.0,4.17,6.89,CENTER_DUAL,362.8,42.8,1.0,,
18:05:16.693,5.0,MANUAL,0,0,0.0,0.0,0.0,4.17,6.89,CENTER_DUAL,362.8,42.8,1.0,,
18:05:17.853,5.4,MANUAL,0,0,0.0,0.0,0.0,4.17,6.89,CENTER_DUAL,362.8,42.8,1.0,,
18:05:18.972,4.9,MANUAL,0,0,0.0,0.0,0.0,4.17,6.89,CENTER_DUAL,362.9,42.9,1.0,,
18:05:20.137,3.1,MANUAL,0,0,0.0,0.0,0.0,4.17,6.89,CENTER_DUAL,362.9,42.9,1.0,,
18:05:21.271,3.4,MANUAL,0,0,0.0,0.0,0.0,4.17,6.89,CENTER_DUAL,363.0,43.0,1.0,,
18:05:22.585,5.7,MANUAL,0,0,0.0,0.0,0.0,4.17,6.89,CENTER_DUAL,363.0,43.0,1.0,,
18:05:23.641,5.4,MANUAL,0,0,0.0,0.0,0.0,4.17,6.89,CENTER_DUAL,363.0,43.0,1.0,,
18:05:24.792,4.9,MANUAL,0,0,0.0,0.0,0.0,4.17,6.89,CENTER_DUAL,363.0,43.0,1.0,,
18:05:25.913,4.0,MANUAL,0,0,0.0,0.0,0.0,4.17,6.89,CENTER_DUAL,362.9,42.9,1.0,,
18:05:26.980,5.0,MANUAL,0,0,0.0,0.0,0.0,4.17,6.89,CENTER_DUAL,362.9,42.9,1.0,,
18:05:28.208,4.3,MANUAL,0,0,0.0,0.0,0.0,4.17,6.89,CENTER_DUAL,362.8,42.8,1.0,,
18:05:29.289,6.6,MANUAL,0,0,0.0,0.0,0.0,4.17,6.89,CENTER_DUAL,362.8,42.8,1.0,,
18:05:30.448,4.9,MANUAL,0,0,0.0,0.0,0.0,4.17,6.89,CENTER_DUAL,362.9,42.9,1.0,,
18:05:31.602,6.4,MANUAL,0,0,0.0,0.0,0.0,4.17,6.89,CENTER_DUAL,362.9,42.9,1.0,,
18:05:32.693,4.9,MANUAL,0,0,0.0,0.0,0.0,4.17,6.89,CENTER_DUAL,366.8,46.8,1.0,,
18:05:33.809,5.4,MANUAL,0,0,0.0,0.0,0.0,4.17,6.89,CENTER_DUAL,344.4,24.4,1.0,,
18:05:34.923,5.9,MANUAL,0,0,0.0,0.0,0.0,4.17,6.89,CENTER_DUAL,347.1,27.1,1.0,,
18:05:36.057,4.9,MANUAL,0,0,0.0,0.0,0.0,4.17,6.89,CENTER_DUAL,346.4,26.4,1.0,,
18:05:37.079,5.9,MANUAL,0,0,0.0,0.0,0.0,4.17,6.89,CENTER_DUAL,354.8,34.8,1.0,,
18:05:38.237,6.5,MANUAL,0,0,0.0,0.0,0.0,4.17,6.89,CENTER_DUAL,375.4,55.4,1.0,,
18:05:39.356,6.3,MANUAL,0,0,0.0,0.0,0.0,4.17,6.89,CENTER_DUAL,396.2,76.2,1.0,,
18:05:40.423,6.5,MANUAL,0,0,0.0,0.0,0.0,4.17,6.89,CENTER_DUAL,401.3,81.3,1.0,,
18:05:41.538,6.4,MANUAL,0,0,0.0,0.0,0.0,4.17,6.89,CENTER_DUAL,401.9,81.9,1.0,,
18:05:42.638,6.5,MANUAL,0,0,0.0,0.0,0.0,4.17,6.89,CENTER_DUAL,402.3,82.3,1.0,,
18:05:43.759,5.8,MANUAL,0,0,0.0,0.0,0.0,4.17,6.89,CENTER_DUAL,402.6,82.6,1.0,,
18:05:44.873,7.2,MANUAL,0,0,0.0,0.0,0.0,4.17,6.89,CENTER_DUAL,402.8,82.8,1.0,,
18:05:46.009,7.2,MANUAL,0,0,0.0,0.0,0.0,4.17,6.89,CENTER_DUAL,402.9,82.9,1.0,,
18:05:47.135,7.0,MANUAL,0,0,0.0,0.0,0.0,4.17,6.89,CENTER_DUAL,403.0,83.0,1.0,,
18:05:48.248,7.1,MANUAL,0,0,0.0,0.0,0.0,4.17,6.89,CENTER_DUAL,403.1,83.1,1.0,,
18:05:49.379,6.4,MANUAL,0,0,0.0,0.0,0.0,4.17,6.89,CENTER_DUAL,403.1,83.1,1.0,,
18:05:50.394,7.1,MANUAL,0,0,0.0,0.0,0.0,4.17,6.89,CENTER_DUAL,403.2,83.2,1.0,,
18:05:51.397,5.8,MANUAL,0,0,0.0,0.0,0.0,4.17,6.89,CENTER_DUAL,403.2,83.2,1.0,,
18:05:52.416,7.1,MANUAL,0,0,0.0,0.0,0.0,4.17,6.89,CENTER_DUAL,403.2,83.2,1.0,,
18:05:53.550,7.1,MANUAL,0,0,0.0,0.0,0.0,4.17,6.89,CENTER_DUAL,403.2,83.2,1.0,,
18:05:54.651,7.1,MANUAL,0,0,0.0,0.0,0.0,4.17,6.89,CENTER_DUAL,403.2,83.2,1.0,,
18:05:55.771,7.1,MANUAL,0,0,0.0,0.0,0.0,4.17,6.89,CENTER_DUAL,403.8,83.8,1.0,,
18:05:56.826,7.2,MANUAL,0,0,0.0,0.0,0.0,4.17,6.89,LEFT_LANE_ONLY,393.9,73.9,0.5,,
18:05:57.834,5.4,MANUAL,0,0,0.0,0.0,0.0,4.17,6.89,LEFT_LANE_ONLY,406.4,86.4,0.5,,
18:05:58.872,5.8,MANUAL,0,0,0.0,0.0,0.0,4.17,6.89,LEFT_LANE_ONLY,407.4,87.4,0.5,,
18:05:59.889,5.4,MANUAL,0,0,0.0,0.0,0.0,4.17,6.89,LEFT_LANE_ONLY,408.0,88.0,0.5,,
18:06:00.981,5.3,MANUAL,0,0,0.0,0.0,0.0,4.17,6.89,LEFT_LANE_ONLY,408.6,88.6,0.5,,
18:06:02.053,6.3,MANUAL,0,0,0.0,0.0,0.0,4.17,6.89,CENTER_DUAL,377.2,57.2,1.0,,
18:06:03.079,5.4,MANUAL,0,0,0.0,0.0,0.0,4.17,6.89,CENTER_DUAL,405.6,85.6,1.0,,
18:06:04.102,5.9,MANUAL,0,0,0.0,0.0,0.0,4.17,6.89,CENTER_DUAL,407.0,87.0,1.0,,
18:06:05.231,5.8,MANUAL,0,0,0.0,0.0,0.0,4.17,6.89,CENTER_DUAL,402.9,82.9,1.0,,
18:06:06.310,6.0,MANUAL,0,0,0.0,0.0,0.0,4.17,6.89,CENTER_DUAL,395.4,75.4,1.0,,
18:06:07.324,6.4,MANUAL,0,0,0.0,0.0,0.0,4.17,6.89,CENTER_DUAL,397.7,77.7,1.0,,
18:06:08.342,6.5,MANUAL,0,0,0.0,0.0,0.0,4.17,6.89,CENTER_DUAL,410.6,90.6,1.0,,
18:06:09.404,7.2,MANUAL,0,0,0.0,0.0,0.0,4.17,6.89,CENTER_DUAL,418.7,98.7,1.0,,
18:06:10.529,7.0,MANUAL,0,0,0.0,0.0,0.0,4.17,6.89,CENTER_DUAL,402.4,82.4,1.0,,
18:06:11.543,7.1,MANUAL,0,0,0.0,0.0,0.0,4.17,6.89,CENTER_DUAL,396.6,76.6,1.0,,
18:06:12.639,7.0,MANUAL,0,0,0.0,0.0,0.0,4.17,6.89,CENTER_DUAL,393.7,73.7,1.0,,
18:06:13.683,7.2,MANUAL,0,0,0.0,0.0,0.0,4.17,6.89,CENTER_DUAL,377.2,57.2,1.0,,
18:06:14.807,7.2,MANUAL,0,0,0.0,0.0,0.0,4.17,6.89,LEFT_LANE_ONLY,262.1,-57.9,0.5,,
18:06:15.826,7.0,MANUAL,0,0,0.0,0.0,0.0,4.17,6.89,CENTER_DUAL,359.6,39.6,1.0,,
18:06:16.910,5.8,MANUAL,0,0,0.0,0.0,0.0,4.17,6.89,CENTER_DUAL,382.8,62.8,1.0,,
18:06:17.938,7.3,MANUAL,0,0,0.0,0.0,0.0,4.17,6.89,CENTER_DUAL,399.4,79.4,1.0,,
18:06:18.983,5.9,MANUAL,0,0,0.0,0.0,0.0,4.17,6.89,CENTER_DUAL,411.2,91.2,1.0,,
18:06:20.095,6.4,MANUAL,0,0,0.0,0.0,0.0,4.17,6.89,CENTER_DUAL,414.1,94.1,1.0,,
18:06:21.172,7.2,MANUAL,0,0,0.0,0.0,0.0,4.17,6.89,CENTER_DUAL,415.3,95.3,1.0,,
18:06:22.299,7.2,MANUAL,0,0,0.0,0.0,0.0,4.17,6.89,CENTER_DUAL,416.2,96.2,1.0,,
18:06:23.448,6.4,MANUAL,0,0,0.0,0.0,0.0,4.17,6.89,CENTER_DUAL,416.8,96.8,1.0,,
18:06:24.567,6.4,MANUAL,0,0,0.0,0.0,0.0,4.17,6.89,CENTER_DUAL,417.2,97.2,1.0,,
18:06:25.606,5.9,MANUAL,0,0,0.0,0.0,0.0,4.17,6.89,CENTER_DUAL,417.5,97.5,1.0,,
18:06:26.663,7.2,MANUAL,0,0,0.0,0.0,0.0,4.17,6.89,CENTER_DUAL,417.7,97.7,1.0,,
18:06:27.675,7.2,MANUAL,0,0,0.0,0.0,0.0,4.17,6.89,CENTER_DUAL,410.4,90.4,1.0,,
18:06:28.771,7.1,MANUAL,0,0,0.0,0.0,0.0,4.17,6.89,CENTER_DUAL,406.1,86.1,1.0,,
18:06:29.865,5.8,MANUAL,0,0,0.0,0.0,0.0,4.17,6.89,LEFT_LANE_ONLY,281.8,-38.2,0.5,,
18:06:31.011,6.5,MANUAL,0,0,0.0,0.0,0.0,4.17,6.89,LEFT_LANE_ONLY,262.0,-58.0,0.5,,
18:06:32.054,4.9,MANUAL,0,0,0.0,0.0,0.0,4.17,6.89,LEFT_LANE_ONLY,354.3,34.3,0.5,,
18:06:33.122,4.9,MANUAL,0,0,0.0,0.0,0.0,4.17,6.89,CENTER_DUAL,217.9,-102.1,1.0,,
18:06:34.194,5.0,MANUAL,0,0,0.0,0.0,0.0,4.17,6.89,LEFT_LANE_ONLY,321.6,1.6,0.5,,
18:06:35.285,5.3,MANUAL,0,0,0.0,0.0,0.0,4.17,6.89,LEFT_LANE_ONLY,298.7,-21.3,0.5,,
18:06:36.288,5.5,MANUAL,0,0,0.0,0.0,0.0,4.17,6.89,LEFT_LANE_ONLY,321.6,1.6,0.5,,
18:06:37.429,5.9,MANUAL,0,0,0.0,0.0,0.0,4.17,6.89,LEFT_LANE_ONLY,253.6,-66.4,0.5,,
18:06:38.581,5.3,MANUAL,0,0,0.0,0.0,0.0,4.17,6.89,LEFT_LANE_ONLY,233.4,-86.6,0.5,,
18:06:39.722,5.8,MANUAL,0,0,0.0,0.0,0.0,4.17,6.89,LEFT_LANE_ONLY,286.8,-33.2,0.5,,
18:06:40.844,6.4,MANUAL,0,0,0.0,0.0,0.0,4.17,6.89,LEFT_LANE_ONLY,305.5,-14.5,0.5,,
18:06:41.954,5.0,MANUAL,0,0,0.0,0.0,0.0,4.17,6.89,LEFT_LANE_ONLY,305.6,-14.4,0.5,,
18:06:43.001,6.5,MANUAL,0,0,0.0,0.0,0.0,4.17,6.89,LEFT_LANE_ONLY,305.7,-14.3,0.5,,
18:06:44.073,5.3,MANUAL,0,0,0.0,0.0,0.0,4.17,6.89,LEFT_LANE_ONLY,305.8,-14.2,0.5,,
18:06:45.102,6.8,MANUAL,0,0,0.0,0.0,0.0,4.17,6.89,LEFT_LANE_ONLY,305.9,-14.1,0.5,,
18:06:46.229,5.8,MANUAL,0,0,0.0,0.0,0.0,4.17,6.89,LEFT_LANE_ONLY,305.9,-14.1,0.5,,
18:06:47.340,5.0,MANUAL,0,0,0.0,0.0,0.0,4.17,6.89,LEFT_LANE_ONLY,305.9,-14.1,0.5,,
18:06:48.346,5.4,MANUAL,0,0,0.0,0.0,0.0,4.17,6.89,LEFT_LANE_ONLY,305.9,-14.1,0.5,,
18:06:49.467,4.6,MANUAL,0,0,0.0,0.0,0.0,4.17,6.89,LEFT_LANE_ONLY,306.0,-14.0,0.5,,
18:06:50.598,5.8,MANUAL,0,0,0.0,0.0,0.0,4.17,6.89,LEFT_LANE_ONLY,306.0,-14.0,0.5,,
18:06:51.711,7.0,MANUAL,0,0,0.0,0.0,0.0,4.17,6.89,LEFT_LANE_ONLY,306.0,-14.0,0.5,,
18:06:52.840,5.3,MANUAL,0,0,0.0,0.0,0.0,4.17,6.89,LEFT_LANE_ONLY,306.0,-14.0,0.5,,
18:06:53.972,5.9,MANUAL,0,0,0.0,0.0,0.0,4.17,6.89,LEFT_LANE_ONLY,306.0,-14.0,0.5,,
18:06:55.046,5.4,MANUAL,0,0,0.0,0.0,0.0,4.17,6.89,LEFT_LANE_ONLY,306.0,-14.0,0.5,,
18:06:56.056,5.0,MANUAL,0,0,0.0,0.0,0.0,4.17,6.89,LEFT_LANE_ONLY,306.0,-14.0,0.5,,
18:06:57.100,5.9,MANUAL,0,0,0.0,0.0,0.0,4.17,6.89,LEFT_LANE_ONLY,306.0,-14.0,0.5,,
18:06:58.226,5.4,MANUAL,0,0,0.0,0.0,0.0,4.17,6.89,LEFT_LANE_ONLY,306.0,-14.0,0.5,,
18:06:59.342,4.9,MANUAL,0,0,0.0,0.0,0.0,4.17,6.89,LEFT_LANE_ONLY,306.0,-14.0,0.5,,
18:07:00.434,4.9,MANUAL,0,0,0.0,0.0,0.0,4.17,6.89,LEFT_LANE_ONLY,306.0,-14.0,0.5,,
18:07:01.503,5.9,MANUAL,0,0,0.0,0.0,0.0,4.17,6.89,LEFT_LANE_ONLY,306.0,-14.0,0.5,,
18:07:02.580,5.9,MANUAL,0,0,0.0,0.0,0.0,4.17,6.89,LEFT_LANE_ONLY,306.0,-14.0,0.5,,
18:07:03.657,5.3,MANUAL,0,0,0.0,0.0,0.0,4.17,6.89,LEFT_LANE_ONLY,306.0,-14.0,0.5,,
18:07:04.730,5.3,MANUAL,0,0,0.0,0.0,0.0,4.17,6.89,LEFT_LANE_ONLY,306.0,-14.0,0.5,,
18:07:05.797,5.4,MANUAL,0,0,0.0,0.0,0.0,4.17,6.89,LEFT_LANE_ONLY,305.9,-14.1,0.5,,
18:07:06.913,5.4,MANUAL,0,0,0.0,0.0,0.0,4.17,6.89,LEFT_LANE_ONLY,305.9,-14.1,0.5,,
18:07:07.973,5.8,MANUAL,0,0,0.0,0.0,0.0,4.17,6.89,LEFT_LANE_ONLY,305.9,-14.1,0.5,,
18:07:09.040,6.3,MANUAL,0,0,0.0,0.0,0.0,4.17,6.89,LEFT_LANE_ONLY,305.9,-14.1,0.5,,
18:07:10.058,6.5,MANUAL,0,0,0.0,0.0,0.0,4.17,6.89,LEFT_LANE_ONLY,305.9,-14.1,0.5,,
18:07:11.213,5.0,MANUAL,0,0,0.0,0.0,0.0,4.17,6.89,LEFT_LANE_ONLY,305.9,-14.1,0.5,,
18:07:12.257,5.9,MANUAL,0,0,0.0,0.0,0.0,4.17,6.89,LEFT_LANE_ONLY,305.9,-14.1,0.5,,
18:07:13.395,5.3,MANUAL,0,0,0.0,0.0,0.0,4.17,6.89,LEFT_LANE_ONLY,305.9,-14.1,0.5,,
18:07:14.557,6.5,MANUAL,0,0,0.0,0.0,0.0,4.17,6.89,LEFT_LANE_ONLY,305.9,-14.1,0.5,,
18:07:15.714,4.6,MANUAL,0,0,0.0,0.0,0.0,4.17,6.89,LEFT_LANE_ONLY,305.9,-14.1,0.5,,
18:07:16.807,5.5,MANUAL,0,0,0.0,0.0,0.0,4.17,6.89,LEFT_LANE_ONLY,305.9,-14.1,0.5,,
18:07:17.942,5.0,MANUAL,0,0,0.0,0.0,0.0,4.17,6.89,LEFT_LANE_ONLY,305.9,-14.1,0.5,,
18:07:18.960,5.4,MANUAL,0,0,0.0,0.0,0.0,4.17,6.89,LEFT_LANE_ONLY,305.9,-14.1,0.5,,
18:07:20.088,5.3,MANUAL,0,0,0.0,0.0,0.0,4.17,6.89,LEFT_LANE_ONLY,305.9,-14.1,0.5,,
18:07:21.215,5.9,MANUAL,0,0,0.0,0.0,0.0,4.17,6.89,LEFT_LANE_ONLY,305.9,-14.1,0.5,,
18:07:22.354,5.0,MANUAL,0,0,0.0,0.0,0.0,4.17,6.89,LEFT_LANE_ONLY,305.9,-14.1,0.5,,
18:07:23.553,5.5,MANUAL,0,0,0.0,0.0,0.0,4.17,6.89,LEFT_LANE_ONLY,305.9,-14.1,0.5,,
18:07:24.703,5.0,MANUAL,0,0,0.0,0.0,0.0,4.17,6.89,LEFT_LANE_ONLY,305.9,-14.1,0.5,,
18:07:25.817,5.4,MANUAL,0,0,0.0,0.0,0.0,4.17,6.89,LEFT_LANE_ONLY,306.0,-14.0,0.5,,
18:07:26.939,5.8,MANUAL,0,0,0.0,0.0,0.0,4.17,6.89,LEFT_LANE_ONLY,305.9,-14.1,0.5,,
18:07:28.092,5.0,MANUAL,0,0,0.0,0.0,0.0,4.17,6.89,LEFT_LANE_ONLY,305.9,-14.1,0.5,,
18:07:29.181,5.8,MANUAL,0,0,0.0,0.0,0.0,4.17,6.89,LEFT_LANE_ONLY,306.0,-14.0,0.5,,
18:07:30.249,5.4,MANUAL,0,0,0.0,0.0,0.0,4.17,6.89,LEFT_LANE_ONLY,306.0,-14.0,0.5,,
18:07:31.334,5.4,MANUAL,0,0,0.0,0.0,0.0,4.17,6.89,LEFT_LANE_ONLY,306.0,-14.0,0.5,,
18:07:32.366,5.9,MANUAL,0,0,0.0,0.0,0.0,4.17,6.89,LEFT_LANE_ONLY,306.0,-14.0,0.5,,
18:07:33.425,5.3,MANUAL,0,0,0.0,0.0,0.0,4.17,6.89,LEFT_LANE_ONLY,306.0,-14.0,0.5,,
18:07:34.479,5.4,MANUAL,0,0,0.0,0.0,0.0,4.17,6.89,LEFT_LANE_ONLY,306.0,-14.0,0.5,,
18:07:35.491,6.4,MANUAL,0,0,0.0,0.0,0.0,4.17,6.89,LEFT_LANE_ONLY,306.0,-14.0,0.5,,
18:07:36.542,6.4,MANUAL,0,0,0.0,0.0,0.0,4.17,6.89,LEFT_LANE_ONLY,306.0,-14.0,0.5,,
18:07:37.602,6.6,MANUAL,0,0,0.0,0.0,0.0,4.17,6.89,LEFT_LANE_ONLY,305.9,-14.1,0.5,,
18:07:38.732,7.2,MANUAL,0,0,0.0,0.0,0.0,4.17,6.89,LEFT_LANE_ONLY,305.9,-14.1,0.5,,
18:07:39.794,6.5,MANUAL,0,0,0.0,0.0,0.0,4.17,6.89,LEFT_LANE_ONLY,305.9,-14.1,0.5,,
18:07:40.874,7.1,MANUAL,0,0,0.0,0.0,0.0,4.17,6.89,LEFT_LANE_ONLY,305.9,-14.1,0.5,,
18:07:41.906,7.3,MANUAL,0,0,0.0,0.0,0.0,4.17,6.89,LEFT_LANE_ONLY,305.9,-14.1,0.5,,
18:07:43.032,7.2,MANUAL,0,0,0.0,0.0,0.0,4.17,6.89,LEFT_LANE_ONLY,305.9,-14.1,0.5,,
18:07:44.062,7.2,MANUAL,0,0,0.0,0.0,0.0,4.17,6.89,LEFT_LANE_ONLY,305.9,-14.1,0.5,,
18:07:45.143,6.4,MANUAL,0,0,0.0,0.0,0.0,4.17,6.89,LEFT_LANE_ONLY,305.9,-14.1,0.5,,
18:07:46.193,6.5,MANUAL,0,0,0.0,0.0,0.0,4.17,6.89,LEFT_LANE_ONLY,305.9,-14.1,0.5,,
18:07:47.251,7.1,MANUAL,0,0,0.0,0.0,0.0,4.17,6.89,LEFT_LANE_ONLY,305.9,-14.1,0.5,,
18:07:48.273,7.1,MANUAL,0,0,0.0,0.0,0.0,4.17,6.89,LEFT_LANE_ONLY,305.9,-14.1,0.5,,
18:07:49.396,6.5,MANUAL,0,0,0.0,0.0,0.0,4.17,6.89,LEFT_LANE_ONLY,305.9,-14.1,0.5,,
18:07:50.479,6.5,MANUAL,0,0,0.0,0.0,0.0,4.17,6.89,LEFT_LANE_ONLY,305.9,-14.1,0.5,,
18:07:51.551,6.5,MANUAL,0,0,0.0,0.0,0.0,4.17,6.89,LEFT_LANE_ONLY,305.9,-14.1,0.5,,
18:07:52.640,5.9,MANUAL,0,0,0.0,0.0,0.0,4.17,6.89,LEFT_LANE_ONLY,305.9,-14.1,0.5,,
18:07:53.732,5.8,MANUAL,0,0,0.0,0.0,0.0,4.17,6.89,LEFT_LANE_ONLY,305.9,-14.1,0.5,,
18:07:54.814,7.1,MANUAL,0,0,0.0,0.0,0.0,4.17,6.89,LEFT_LANE_ONLY,305.9,-14.1,0.5,,
18:07:55.882,6.5,MANUAL,0,0,0.0,0.0,0.0,4.17,6.89,LEFT_LANE_ONLY,305.9,-14.1,0.5,,
18:07:57.092,5.2,MANUAL,0,0,0.0,0.0,0.0,4.17,6.89,LEFT_LANE_ONLY,305.9,-14.1,0.5,,
18:07:58.212,5.4,MANUAL,0,0,0.0,0.0,0.0,4.17,6.89,LEFT_LANE_ONLY,305.9,-14.1,0.5,,
18:07:59.311,5.4,MANUAL,0,0,0.0,0.0,0.0,4.17,6.89,LEFT_LANE_ONLY,305.9,-14.1,0.5,,
18:08:00.368,6.4,MANUAL,0,0,0.0,0.0,0.0,4.17,6.89,LEFT_LANE_ONLY,305.9,-14.1,0.5,,
18:08:01.431,5.9,MANUAL,0,0,0.0,0.0,0.0,4.17,6.89,LEFT_LANE_ONLY,305.9,-14.1,0.5,,
18:08:02.547,6.0,MANUAL,0,0,0.0,0.0,0.0,4.17,6.89,LEFT_LANE_ONLY,305.9,-14.1,0.5,,
18:08:03.639,5.4,MANUAL,0,0,0.0,0.0,0.0,4.17,6.89,LEFT_LANE_ONLY,305.9,-14.1,0.5,,
18:08:04.693,6.4,MANUAL,0,0,0.0,0.0,0.0,4.17,6.89,LEFT_LANE_ONLY,305.9,-14.1,0.5,,
18:08:05.813,5.7,MANUAL,0,0,0.0,0.0,0.0,4.17,6.89,LEFT_LANE_ONLY,305.9,-14.1,0.5,,
18:08:06.939,5.0,MANUAL,0,0,0.0,0.0,0.0,4.17,6.89,LEFT_LANE_ONLY,305.9,-14.1,0.5,,
18:08:08.006,4.9,MANUAL,0,0,0.0,0.0,0.0,4.17,6.89,LEFT_LANE_ONLY,305.9,-14.1,0.5,,
18:08:09.091,5.9,MANUAL,0,0,0.0,0.0,0.0,4.17,6.89,LEFT_LANE_ONLY,305.9,-14.1,0.5,,
18:08:10.179,5.7,MANUAL,0,0,0.0,0.0,0.0,4.17,6.89,LEFT_LANE_ONLY,305.9,-14.1,0.5,,
18:08:11.272,5.0,MANUAL,0,0,0.0,0.0,0.0,4.17,6.89,LEFT_LANE_ONLY,305.9,-14.1,0.5,,
18:08:12.369,5.8,MANUAL,0,0,0.0,0.0,0.0,4.17,6.89,LEFT_LANE_ONLY,305.9,-14.1,0.5,,
18:08:13.470,5.4,MANUAL,0,0,0.0,0.0,0.0,4.17,6.89,LEFT_LANE_ONLY,305.9,-14.1,0.5,,
18:08:14.638,5.4,MANUAL,0,0,0.0,0.0,0.0,4.17,6.89,LEFT_LANE_ONLY,305.9,-14.1,0.5,,
18:08:15.744,6.4,MANUAL,0,0,0.0,0.0,0.0,4.17,6.89,LEFT_LANE_ONLY,305.9,-14.1,0.5,,
18:08:16.892,5.3,MANUAL,0,0,0.0,0.0,0.0,4.17,6.89,LEFT_LANE_ONLY,305.9,-14.1,0.5,,
18:08:18.001,4.6,MANUAL,0,0,0.0,0.0,0.0,4.17,6.89,LEFT_LANE_ONLY,305.9,-14.1,0.5,,
18:08:19.140,5.0,MANUAL,0,0,0.0,0.0,0.0,4.17,6.89,LEFT_LANE_ONLY,305.9,-14.1,0.5,,
18:08:20.236,5.8,MANUAL,0,0,0.0,0.0,0.0,4.17,6.89,LEFT_LANE_ONLY,305.9,-14.1,0.5,,
18:08:21.336,5.3,MANUAL,0,0,0.0,0.0,0.0,4.17,6.89,LEFT_LANE_ONLY,305.9,-14.1,0.5,,
18:08:22.371,6.6,MANUAL,0,0,0.0,0.0,0.0,4.17,6.89,LEFT_LANE_ONLY,305.9,-14.1,0.5,,
18:08:23.510,5.4,MANUAL,0,0,0.0,0.0,0.0,4.17,6.89,LEFT_LANE_ONLY,305.9,-14.1,0.5,,
18:08:24.695,6.6,MANUAL,0,0,0.0,0.0,0.0,4.17,6.89,LEFT_LANE_ONLY,305.9,-14.1,0.5,,
18:08:25.850,5.3,MANUAL,0,0,0.0,0.0,0.0,4.17,6.89,LEFT_LANE_ONLY,305.9,-14.1,0.5,,
18:08:27.014,4.9,MANUAL,0,0,0.0,0.0,0.0,4.17,6.89,LEFT_LANE_ONLY,305.9,-14.1,0.5,,
18:08:28.192,5.0,MANUAL,0,0,0.0,0.0,0.0,4.17,6.89,LEFT_LANE_ONLY,305.9,-14.1,0.5,,
18:08:29.209,5.2,MANUAL,0,0,0.0,0.0,0.0,4.17,6.89,LEFT_LANE_ONLY,305.9,-14.1,0.5,,
18:08:30.304,5.8,MANUAL,0,0,0.0,0.0,0.0,4.17,6.89,LEFT_LANE_ONLY,305.9,-14.1,0.5,,
18:08:31.350,5.4,MANUAL,0,0,0.0,0.0,0.0,4.17,6.89,LEFT_LANE_ONLY,305.9,-14.1,0.5,,
18:08:32.445,5.7,MANUAL,0,0,0.0,0.0,0.0,4.17,6.89,LEFT_LANE_ONLY,305.9,-14.1,0.5,,
18:08:33.526,5.4,MANUAL,0,0,0.0,0.0,0.0,4.17,6.89,LEFT_LANE_ONLY,305.9,-14.1,0.5,,
18:08:34.624,6.5,MANUAL,0,0,0.0,0.0,0.0,4.17,6.89,LEFT_LANE_ONLY,305.9,-14.1,0.5,,
18:08:35.627,6.5,MANUAL,0,0,0.0,0.0,0.0,4.17,6.89,LEFT_LANE_ONLY,305.9,-14.1,0.5,,
18:08:36.675,5.4,MANUAL,0,0,0.0,0.0,0.0,4.17,6.89,LEFT_LANE_ONLY,305.9,-14.1,0.5,,
18:08:37.761,5.4,MANUAL,0,0,0.0,0.0,0.0,4.17,6.89,LEFT_LANE_ONLY,305.9,-14.1,0.5,,
18:08:38.932,5.4,MANUAL,0,0,0.0,0.0,0.0,4.17,6.89,LEFT_LANE_ONLY,305.9,-14.1,0.5,,
18:08:40.018,5.9,MANUAL,0,0,0.0,0.0,0.0,4.17,6.89,LEFT_LANE_ONLY,305.9,-14.1,0.5,,
18:08:41.171,6.3,MANUAL,0,0,0.0,0.0,0.0,4.17,6.89,LEFT_LANE_ONLY,305.9,-14.1,0.5,,
18:08:42.208,5.4,MANUAL,0,0,0.0,0.0,0.0,4.17,6.89,LEFT_LANE_ONLY,305.9,-14.1,0.5,,
18:08:43.333,5.4,MANUAL,0,0,0.0,0.0,0.0,4.17,6.89,LEFT_LANE_ONLY,305.9,-14.1,0.5,,
18:08:44.346,4.6,MANUAL,0,0,0.0,0.0,0.0,4.17,6.89,LEFT_LANE_ONLY,305.9,-14.1,0.5,,
18:08:45.369,5.3,MANUAL,0,0,0.0,0.0,0.0,4.17,6.89,LEFT_LANE_ONLY,305.9,-14.1,0.5,,
18:08:46.501,5.4,MANUAL,0,0,0.0,0.0,0.0,4.17,6.89,LEFT_LANE_ONLY,305.9,-14.1,0.5,,
18:08:47.639,5.5,MANUAL,0,0,0.0,0.0,0.0,4.17,6.89,LEFT_LANE_ONLY,305.9,-14.1,0.5,,
18:08:48.758,4.6,MANUAL,0,0,0.0,0.0,0.0,4.17,6.89,LEFT_LANE_ONLY,305.9,-14.1,0.5,,
18:08:49.826,5.8,MANUAL,0,0,0.0,0.0,0.0,4.17,6.89,LEFT_LANE_ONLY,305.9,-14.1,0.5,,
18:08:50.892,5.0,MANUAL,0,0,0.0,0.0,0.0,4.17,6.89,LEFT_LANE_ONLY,305.9,-14.1,0.5,,
18:08:52.023,4.3,MANUAL,0,0,0.0,0.0,0.0,4.17,6.89,LEFT_LANE_ONLY,305.9,-14.1,0.5,,
18:08:53.083,5.8,MANUAL,0,0,0.0,0.0,0.0,4.17,6.89,LEFT_LANE_ONLY,305.9,-14.1,0.5,,
18:08:54.127,5.9,MANUAL,0,0,0.0,0.0,0.0,4.17,6.89,LEFT_LANE_ONLY,305.9,-14.1,0.5,,
18:08:55.190,5.8,MANUAL,0,0,0.0,0.0,0.0,4.17,6.89,LEFT_LANE_ONLY,305.9,-14.1,0.5,,
18:08:56.305,5.8,MANUAL,0,0,0.0,0.0,0.0,4.17,6.89,LEFT_LANE_ONLY,305.9,-14.1,0.5,,
18:08:57.415,6.4,MANUAL,0,0,0.0,0.0,0.0,4.17,6.89,LEFT_LANE_ONLY,305.9,-14.1,0.5,,
18:08:58.530,5.3,MANUAL,0,0,0.0,0.0,0.0,4.17,6.89,LEFT_LANE_ONLY,305.9,-14.1,0.5,,
18:08:59.609,4.9,MANUAL,0,0,0.0,0.0,0.0,4.17,6.89,LEFT_LANE_ONLY,305.9,-14.1,0.5,,
18:09:00.685,4.9,MANUAL,0,0,0.0,0.0,0.0,4.17,6.89,LEFT_LANE_ONLY,305.9,-14.1,0.5,,
18:09:01.726,5.8,MANUAL,0,0,0.0,0.0,0.0,4.17,6.89,LEFT_LANE_ONLY,305.9,-14.1,0.5,,
18:09:02.773,5.9,MANUAL,0,0,0.0,0.0,0.0,4.17,6.89,LEFT_LANE_ONLY,305.9,-14.1,0.5,,
18:09:03.918,5.4,MANUAL,0,0,0.0,0.0,0.0,4.17,6.89,LEFT_LANE_ONLY,305.9,-14.1,0.5,,
18:09:05.051,7.1,MANUAL,0,0,0.0,0.0,0.0,4.17,6.89,LEFT_LANE_ONLY,305.8,-14.2,0.5,,
18:09:06.188,5.9,MANUAL,0,0,0.0,0.0,0.0,4.17,6.89,LEFT_LANE_ONLY,305.8,-14.2,0.5,,
18:09:07.238,6.4,MANUAL,0,0,0.0,0.0,0.0,4.17,6.89,LEFT_LANE_ONLY,305.8,-14.2,0.5,,
18:09:08.267,5.0,MANUAL,0,0,0.0,0.0,0.0,4.17,6.89,LEFT_LANE_ONLY,305.8,-14.2,0.5,,
18:09:09.407,6.4,MANUAL,0,0,0.0,0.0,0.0,4.17,6.89,LEFT_LANE_ONLY,305.8,-14.2,0.5,,
18:09:10.485,5.8,MANUAL,0,0,0.0,0.0,0.0,4.17,6.89,LEFT_LANE_ONLY,305.8,-14.2,0.5,,
18:09:11.510,5.9,MANUAL,0,0,0.0,0.0,0.0,4.17,6.89,LEFT_LANE_ONLY,305.8,-14.2,0.5,,
18:09:12.597,5.3,MANUAL,0,0,0.0,0.0,0.0,4.17,6.89,LEFT_LANE_ONLY,305.8,-14.2,0.5,,
18:09:13.694,5.4,MANUAL,0,0,0.0,0.0,0.0,4.17,6.89,LEFT_LANE_ONLY,305.8,-14.2,0.5,,
18:09:14.740,6.5,MANUAL,0,0,0.0,0.0,0.0,4.17,6.89,LEFT_LANE_ONLY,305.8,-14.2,0.5,,
18:09:15.807,6.0,MANUAL,0,0,0.0,0.0,0.0,4.17,6.89,LEFT_LANE_ONLY,305.7,-14.3,0.5,,
18:09:16.872,5.4,MANUAL,0,0,0.0,0.0,0.0,4.17,6.89,LEFT_LANE_ONLY,305.7,-14.3,0.5,,
18:09:18.010,5.8,MANUAL,0,0,0.0,0.0,0.0,4.17,6.89,LEFT_LANE_ONLY,305.7,-14.3,0.5,,
18:09:19.105,6.6,MANUAL,0,0,0.0,0.0,0.0,4.17,6.89,LEFT_LANE_ONLY,305.7,-14.3,0.5,,
18:09:20.293,4.7,MANUAL,0,0,0.0,0.0,0.0,4.17,6.89,LEFT_LANE_ONLY,305.7,-14.3,0.5,,
18:09:21.450,4.9,MANUAL,0,0,0.0,0.0,0.0,4.17,6.89,LEFT_LANE_ONLY,305.8,-14.2,0.5,,
18:09:22.582,5.2,MANUAL,0,0,0.0,0.0,0.0,4.17,6.89,LEFT_LANE_ONLY,305.7,-14.3,0.5,,
18:09:23.682,5.9,MANUAL,0,0,0.0,0.0,0.0,4.17,6.89,LEFT_LANE_ONLY,305.7,-14.3,0.5,,
18:09:24.878,6.4,MANUAL,0,0,0.0,0.0,0.0,4.17,6.89,LEFT_LANE_ONLY,305.7,-14.3,0.5,,
18:09:26.053,4.3,MANUAL,0,0,0.0,0.0,0.0,4.17,6.89,LEFT_LANE_ONLY,305.7,-14.3,0.5,,
18:09:27.126,5.3,MANUAL,0,0,0.0,0.0,0.0,4.17,6.89,LEFT_LANE_ONLY,305.7,-14.3,0.5,,
18:09:28.277,4.9,MANUAL,0,0,0.0,0.0,0.0,4.17,6.89,LEFT_LANE_ONLY,305.7,-14.3,0.5,,
18:09:29.323,6.4,MANUAL,0,0,0.0,0.0,0.0,4.17,6.89,LEFT_LANE_ONLY,305.7,-14.3,0.5,,
18:09:30.424,5.8,MANUAL,0,0,0.0,0.0,0.0,4.17,6.89,LEFT_LANE_ONLY,305.7,-14.3,0.5,,
18:09:31.502,5.3,MANUAL,0,0,0.0,0.0,0.0,4.17,6.89,LEFT_LANE_ONLY,305.7,-14.3,0.5,,
18:09:32.617,5.5,MANUAL,0,0,0.0,0.0,0.0,4.17,6.89,LEFT_LANE_ONLY,305.7,-14.3,0.5,,
18:09:33.711,5.8,MANUAL,0,0,0.0,0.0,0.0,4.17,6.89,LEFT_LANE_ONLY,305.7,-14.3,0.5,,
18:09:34.804,5.3,MANUAL,0,0,0.0,0.0,0.0,4.17,6.89,LEFT_LANE_ONLY,305.7,-14.3,0.5,,
18:09:35.847,5.4,MANUAL,0,0,0.0,0.0,0.0,4.17,6.89,LEFT_LANE_ONLY,305.7,-14.3,0.5,,
18:09:36.905,5.3,MANUAL,0,0,0.0,0.0,0.0,4.17,6.89,LEFT_LANE_ONLY,305.7,-14.3,0.5,,
18:09:38.080,4.9,MANUAL,0,0,0.0,0.0,0.0,4.17,6.89,LEFT_LANE_ONLY,305.7,-14.3,0.5,,
18:09:39.266,4.9,MANUAL,0,0,0.0,0.0,0.0,4.17,6.89,LEFT_LANE_ONLY,305.7,-14.3,0.5,,
18:09:40.327,5.0,MANUAL,0,0,0.0,0.0,0.0,4.17,6.89,LEFT_LANE_ONLY,305.7,-14.3,0.5,,
18:09:41.510,5.3,MANUAL,0,0,0.0,0.0,0.0,4.17,6.89,LEFT_LANE_ONLY,305.7,-14.3,0.5,,
18:09:42.554,6.4,MANUAL,0,0,0.0,0.0,0.0,4.17,6.89,LEFT_LANE_ONLY,305.7,-14.3,0.5,,
18:09:43.666,5.3,MANUAL,0,0,0.0,0.0,0.0,4.17,6.89,LEFT_LANE_ONLY,305.7,-14.3,0.5,,
18:09:44.706,6.4,MANUAL,0,0,0.0,0.0,0.0,4.17,6.89,LEFT_LANE_ONLY,305.7,-14.3,0.5,,
18:09:45.884,5.4,MANUAL,0,0,0.0,0.0,0.0,4.17,6.89,LEFT_LANE_ONLY,305.8,-14.2,0.5,,
18:09:47.027,5.3,MANUAL,0,0,0.0,0.0,0.0,4.17,6.89,LEFT_LANE_ONLY,305.8,-14.2,0.5,,
18:09:48.218,5.8,MANUAL,0,0,0.0,0.0,0.0,4.17,6.89,LEFT_LANE_ONLY,305.7,-14.3,0.5,,
18:09:49.403,5.0,MANUAL,0,0,0.0,0.0,0.0,4.17,6.89,LEFT_LANE_ONLY,305.8,-14.2,0.5,,
18:09:50.543,5.9,MANUAL,0,0,0.0,0.0,0.0,4.17,6.89,LEFT_LANE_ONLY,305.7,-14.3,0.5,,
18:09:51.703,5.0,MANUAL,0,0,0.0,0.0,0.0,4.17,6.89,LEFT_LANE_ONLY,305.7,-14.3,0.5,,
18:09:52.705,4.9,MANUAL,0,0,0.0,0.0,0.0,4.17,6.89,LEFT_LANE_ONLY,305.7,-14.3,0.5,,
18:09:53.836,5.3,MANUAL,0,0,0.0,0.0,0.0,4.17,6.89,LEFT_LANE_ONLY,305.7,-14.3,0.5,,
18:09:54.980,5.3,MANUAL,0,0,0.0,0.0,0.0,4.17,6.89,LEFT_LANE_ONLY,305.7,-14.3,0.5,,
18:09:56.069,5.4,MANUAL,0,0,0.0,0.0,0.0,4.17,6.89,LEFT_LANE_ONLY,305.6,-14.4,0.5,,
18:09:57.148,5.8,MANUAL,0,0,0.0,0.0,0.0,4.17,6.89,LEFT_LANE_ONLY,305.6,-14.4,0.5,,
18:09:58.291,5.9,MANUAL,0,0,0.0,0.0,0.0,4.17,6.89,LEFT_LANE_ONLY,305.7,-14.3,0.5,,
18:09:59.462,5.4,MANUAL,0,0,0.0,0.0,0.0,4.17,6.89,LEFT_LANE_ONLY,305.6,-14.4,0.5,,
18:10:00.609,4.9,MANUAL,0,0,0.0,0.0,0.0,4.17,6.89,LEFT_LANE_ONLY,305.6,-14.4,0.5,,
18:10:01.658,5.4,MANUAL,0,0,0.0,0.0,0.0,4.17,6.89,LEFT_LANE_ONLY,305.6,-14.4,0.5,,
18:10:02.731,5.7,MANUAL,0,0,0.0,0.0,0.0,4.17,6.89,LEFT_LANE_ONLY,288.4,-31.6,0.5,,
18:10:03.852,4.9,MANUAL,0,0,0.0,0.0,0.0,4.17,6.89,LEFT_LANE_ONLY,306.0,-14.0,0.5,,
18:10:04.965,6.5,MANUAL,0,0,0.0,0.0,0.0,4.17,6.89,CENTER_DUAL,306.4,-13.6,1.0,,
18:10:06.037,7.1,MANUAL,0,0,0.0,0.0,0.0,4.17,6.89,CENTER_DUAL,183.3,-136.7,1.0,,
18:10:07.085,5.4,MANUAL,0,0,0.0,0.0,0.0,4.17,6.89,LEFT_LANE_ONLY,252.4,-67.6,0.5,,
18:10:08.138,6.4,MANUAL,0,0,0.0,0.0,0.0,4.17,6.89,LEFT_LANE_ONLY,255.5,-64.5,0.5,,
18:10:09.247,5.3,MANUAL,0,0,0.0,0.0,0.0,4.17,6.89,LEFT_LANE_ONLY,256.4,-63.6,0.5,,
18:10:10.304,5.0,MANUAL,0,0,0.0,0.0,0.0,4.17,6.89,LEFT_LANE_ONLY,257.1,-62.9,0.5,,
18:10:11.390,5.4,MANUAL,0,0,0.0,0.0,0.0,4.17,6.89,LEFT_LANE_ONLY,257.6,-62.4,0.5,,
18:10:12.439,6.4,MANUAL,0,0,0.0,0.0,0.0,4.17,6.89,LEFT_LANE_ONLY,258.0,-62.0,0.5,,
18:10:13.581,5.8,MANUAL,0,0,0.0,0.0,0.0,4.17,6.89,LEFT_LANE_ONLY,247.8,-72.2,0.5,,
18:10:14.763,5.8,MANUAL,0,0,0.0,0.0,0.0,4.17,6.89,CENTER_DUAL,234.4,-85.6,1.0,,
18:10:15.899,5.0,MANUAL,0,0,0.0,0.0,0.0,4.17,6.89,RIGHT_LANE_ONLY,133.5,-186.5,0.5,,
18:10:16.924,6.4,MANUAL,0,0,0.0,0.0,0.0,4.17,6.89,LEFT_LANE_ONLY,245.4,-74.6,0.5,,
18:10:17.996,4.7,MANUAL,0,0,0.0,0.0,0.0,4.17,6.89,LEFT_LANE_ONLY,259.2,-60.8,0.5,,
18:10:19.165,5.3,MANUAL,0,0,0.0,0.0,0.0,4.17,6.89,LEFT_LANE_ONLY,264.5,-55.5,0.5,,
18:10:20.208,5.4,MANUAL,0,0,0.0,0.0,0.0,4.17,6.89,,320.0,0.0,0.0,,
18:10:21.320,5.9,MANUAL,0,0,0.0,0.0,0.0,4.17,6.89,LEFT_LANE_ONLY,266.1,-53.9,0.5,,
18:10:22.469,5.4,MANUAL,0,0,0.0,0.0,0.0,4.17,6.89,LEFT_LANE_ONLY,266.6,-53.4,0.5,,
18:10:23.561,5.6,MANUAL,0,0,0.0,0.0,0.0,4.17,6.89,LEFT_LANE_ONLY,266.9,-53.1,0.5,,
18:10:24.737,5.3,MANUAL,0,0,0.0,0.0,0.0,4.17,6.89,LEFT_LANE_ONLY,274.4,-45.6,0.5,,
18:10:25.855,5.0,MANUAL,0,0,0.0,0.0,0.0,4.17,6.89,LEFT_LANE_ONLY,277.1,-42.9,0.5,,
18:10:26.960,5.7,MANUAL,0,0,0.0,0.0,0.0,4.17,6.89,LEFT_LANE_ONLY,282.8,-37.2,0.5,,
18:10:28.140,4.6,MANUAL,0,0,0.0,0.0,0.0,4.17,6.89,LEFT_LANE_ONLY,233.7,-86.3,0.5,,
18:10:29.270,5.4,MANUAL,0,0,0.0,0.0,0.0,4.17,6.89,LEFT_LANE_ONLY,238.7,-81.3,0.5,,
18:10:30.376,6.4,MANUAL,0,0,0.0,0.0,0.0,4.17,6.89,CENTER_DUAL,2686.4,2366.4,1.0,,
18:10:31.410,7.2,MANUAL,0,0,0.0,0.0,0.0,4.17,6.89,LEFT_LANE_ONLY,218.0,-102.0,0.5,,
18:10:32.462,6.5,MANUAL,0,0,0.0,0.0,0.0,4.17,6.89,CENTER_DUAL,374.0,54.0,1.0,,
18:10:33.602,5.8,MANUAL,0,0,0.0,0.0,0.0,4.17,6.89,LEFT_LANE_ONLY,334.7,14.7,0.5,,
18:10:34.611,5.8,MANUAL,0,0,0.0,0.0,0.0,4.17,6.89,RIGHT_LANE_ONLY,41.1,-278.9,0.5,,
18:10:35.743,6.5,MANUAL,0,0,0.0,0.0,0.0,4.17,6.89,CENTER_DUAL,355.6,35.6,1.0,,
18:10:36.869,5.2,MANUAL,0,0,0.0,0.0,0.0,4.17,6.89,CENTER_DUAL,357.5,37.5,1.0,,
18:10:37.936,5.3,MANUAL,0,0,0.0,0.0,0.0,4.17,6.89,CENTER_DUAL,355.3,35.3,1.0,,
18:10:38.959,5.5,MANUAL,0,0,0.0,0.0,0.0,4.17,6.89,CENTER_DUAL,355.7,35.7,1.0,,
18:10:40.008,6.5,MANUAL,0,0,0.0,0.0,0.0,4.17,6.89,CENTER_DUAL,355.1,35.1,1.0,,
18:10:41.179,5.9,MANUAL,0,0,0.0,0.0,0.0,4.17,6.89,CENTER_DUAL,352.9,32.9,1.0,,
18:10:42.328,6.5,MANUAL,0,0,0.0,0.0,0.0,4.17,6.89,CENTER_DUAL,352.9,32.9,1.0,,
18:10:43.337,5.8,MANUAL,0,0,0.0,0.0,0.0,4.17,6.89,LEFT_LANE_ONLY,315.1,-4.9,0.5,,
18:10:44.409,5.4,MANUAL,0,0,0.0,0.0,0.0,4.17,6.89,CENTER_DUAL,392.9,72.9,1.0,,
18:10:45.516,7.1,MANUAL,0,0,0.0,0.0,0.0,4.17,6.89,CENTER_DUAL,386.4,66.4,1.0,,
18:10:46.622,6.5,MANUAL,0,0,0.0,0.0,0.0,4.17,6.89,CENTER_DUAL,386.2,66.2,1.0,,
18:10:47.693,6.4,MANUAL,0,0,0.0,0.0,0.0,4.17,6.89,CENTER_DUAL,369.5,49.5,1.0,,
18:10:48.855,5.3,MANUAL,0,0,0.0,0.0,0.0,4.17,6.89,CENTER_DUAL,364.8,44.8,1.0,,
18:10:50.010,5.8,MANUAL,0,0,0.0,0.0,0.0,4.17,6.89,CENTER_DUAL,349.7,29.7,1.0,,
18:10:51.101,7.1,MANUAL,0,0,0.0,0.0,0.0,4.17,6.89,CENTER_DUAL,347.3,27.3,1.0,,
18:10:52.111,6.4,MANUAL,0,0,0.0,0.0,0.0,4.17,6.89,CENTER_DUAL,344.7,24.7,1.0,,
18:10:53.124,5.9,MANUAL,0,0,0.0,0.0,0.0,4.17,6.89,CENTER_DUAL,342.2,22.2,1.0,,
18:10:54.249,7.2,MANUAL,0,0,0.0,0.0,0.0,4.17,6.89,CENTER_DUAL,350.3,30.3,1.0,,
18:10:55.290,6.5,MANUAL,0,0,0.0,0.0,0.0,4.17,6.89,CENTER_DUAL,368.3,48.3,1.0,,
18:10:56.397,7.2,MANUAL,0,0,0.0,0.0,0.0,4.17,6.89,CENTER_DUAL,368.9,48.9,1.0,,
18:10:57.443,5.9,MANUAL,0,0,0.0,0.0,0.0,4.17,6.89,CENTER_DUAL,353.4,33.4,1.0,,
18:10:58.538,7.0,MANUAL,0,0,0.0,0.0,0.0,4.17,6.89,CENTER_DUAL,336.6,16.6,1.0,,
18:10:59.670,6.4,MANUAL,0,0,0.0,0.0,0.0,4.17,6.89,CENTER_DUAL,320.1,0.1,1.0,,
18:11:00.714,6.4,MANUAL,0,0,0.0,0.0,0.0,4.17,6.89,CENTER_DUAL,328.5,8.5,1.0,,
18:11:01.819,6.4,MANUAL,0,0,0.0,0.0,0.0,4.17,6.89,CENTER_DUAL,349.3,29.3,1.0,,
18:11:02.957,7.1,MANUAL,0,0,0.0,0.0,0.0,4.17,6.89,CENTER_DUAL,346.0,26.0,1.0,,
18:11:03.959,6.5,MANUAL,0,0,0.0,0.0,0.0,4.17,6.89,CENTER_DUAL,371.0,51.0,1.0,,
18:11:04.982,6.2,MANUAL,0,0,0.0,0.0,0.0,4.17,6.89,CENTER_DUAL,364.2,44.2,1.0,,
18:11:06.067,5.9,MANUAL,0,0,0.0,0.0,0.0,4.17,6.89,CENTER_DUAL,366.8,46.8,1.0,,
18:11:07.179,7.0,MANUAL,0,0,0.0,0.0,0.0,4.17,6.89,CENTER_DUAL,371.1,51.1,1.0,,
18:11:08.217,7.2,MANUAL,0,0,0.0,0.0,0.0,4.17,6.89,CENTER_DUAL,373.8,53.8,1.0,,
18:11:09.228,7.3,MANUAL,0,0,0.0,0.0,0.0,4.17,6.89,CENTER_DUAL,358.3,38.3,1.0,,
18:11:10.256,7.1,MANUAL,0,0,0.0,0.0,0.0,4.17,6.89,CENTER_DUAL,352.3,32.3,1.0,,
18:11:11.333,5.3,MANUAL,0,0,0.0,0.0,0.0,4.17,6.89,CENTER_DUAL,341.4,21.4,1.0,,
18:11:12.355,7.1,MANUAL,0,0,0.0,0.0,0.0,4.17,6.89,CENTER_DUAL,299.3,-20.7,1.0,,
18:11:13.465,7.1,MANUAL,0,0,0.0,0.0,0.0,4.17,6.89,CENTER_DUAL,263.5,-56.5,1.0,,
18:11:14.601,6.5,MANUAL,0,0,0.0,0.0,0.0,4.17,6.89,CENTER_DUAL,269.8,-50.2,1.0,,
18:11:15.639,6.5,MANUAL,0,0,0.0,0.0,0.0,4.17,6.89,CENTER_DUAL,277.0,-43.0,1.0,,
18:11:16.725,6.7,MANUAL,0,0,0.0,0.0,0.0,4.17,6.89,CENTER_DUAL,274.6,-45.4,1.0,,
18:11:17.754,6.5,MANUAL,0,0,0.0,0.0,0.0,4.17,6.89,CENTER_DUAL,277.3,-42.7,1.0,,
18:11:18.854,5.8,MANUAL,0,0,0.0,0.0,0.0,4.17,6.89,CENTER_DUAL,277.5,-42.5,1.0,,
18:11:19.907,7.1,MANUAL,0,0,0.0,0.0,0.0,4.17,6.89,CENTER_DUAL,277.9,-42.1,1.0,,
18:11:21.039,7.1,MANUAL,0,0,0.0,0.0,0.0,4.17,6.89,CENTER_DUAL,278.5,-41.5,1.0,,
18:11:22.167,7.1,MANUAL,0,0,0.0,0.0,0.0,4.17,6.89,CENTER_DUAL,279.1,-40.9,1.0,,
18:11:23.268,5.8,MANUAL,0,0,0.0,0.0,0.0,4.17,6.89,CENTER_DUAL,289.3,-30.7,1.0,,
18:11:24.347,7.1,MANUAL,0,0,0.0,0.0,0.0,4.17,6.89,CENTER_DUAL,343.3,23.3,1.0,,
18:11:25.370,7.3,MANUAL,0,0,0.0,0.0,0.0,4.17,6.89,CENTER_DUAL,352.7,32.7,1.0,,
18:11:26.498,6.4,MANUAL,0,0,0.0,0.0,0.0,4.17,6.89,CENTER_DUAL,352.7,32.7,1.0,,
18:11:27.502,7.1,MANUAL,0,0,0.0,0.0,0.0,4.17,6.89,CENTER_DUAL,352.8,32.8,1.0,,
18:11:28.545,6.5,MANUAL,0,0,0.0,0.0,0.0,4.17,6.89,CENTER_DUAL,352.5,32.5,1.0,,
18:11:29.617,7.1,MANUAL,0,0,0.0,0.0,0.0,4.17,6.89,CENTER_DUAL,352.6,32.6,1.0,,
18:11:30.690,6.4,MANUAL,0,0,0.0,0.0,0.0,4.17,6.89,CENTER_DUAL,352.9,32.9,1.0,,
18:11:31.721,5.4,MANUAL,0,0,0.0,0.0,0.0,4.17,6.89,CENTER_DUAL,355.1,35.1,1.0,,
18:11:32.870,5.9,MANUAL,0,0,0.0,0.0,0.0,4.17,6.89,CENTER_DUAL,354.4,34.4,1.0,,
18:11:33.903,5.4,MANUAL,0,0,0.0,0.0,0.0,4.17,6.89,CENTER_DUAL,354.5,34.5,1.0,,
18:11:34.913,6.3,MANUAL,0,0,0.0,0.0,0.0,4.17,6.89,CENTER_DUAL,354.7,34.7,1.0,,
18:11:35.924,5.4,MANUAL,0,0,0.0,0.0,0.0,4.17,6.89,CENTER_DUAL,354.7,34.7,1.0,,
18:11:36.987,5.9,MANUAL,0,0,0.0,0.0,0.0,4.17,6.89,CENTER_DUAL,355.0,35.0,1.0,,
18:11:38.149,6.5,MANUAL,0,0,0.0,0.0,0.0,4.17,6.89,CENTER_DUAL,355.3,35.3,1.0,,
18:11:39.167,6.5,MANUAL,0,0,0.0,0.0,0.0,4.17,6.89,CENTER_DUAL,356.1,36.1,1.0,,
18:11:40.279,7.2,MANUAL,0,0,0.0,0.0,0.0,4.17,6.89,LEFT_LANE_ONLY,401.7,81.7,0.5,,
18:11:41.307,7.1,MANUAL,0,0,0.0,0.0,0.0,4.17,6.89,CENTER_DUAL,368.1,48.1,1.0,,
18:11:42.352,6.4,MANUAL,0,0,0.0,0.0,0.0,4.17,6.89,CENTER_DUAL,369.5,49.5,1.0,,
18:11:43.490,5.8,MANUAL,0,0,0.0,0.0,0.0,4.17,6.89,CENTER_DUAL,370.5,50.5,1.0,,
18:11:44.610,6.9,MANUAL,0,0,0.0,0.0,0.0,4.17,6.89,CENTER_DUAL,371.5,51.5,1.0,,
18:11:45.696,5.4,MANUAL,0,0,0.0,0.0,0.0,4.17,6.89,CENTER_DUAL,372.0,52.0,1.0,,
18:11:46.760,5.9,MANUAL,0,0,0.0,0.0,0.0,4.17,6.89,CENTER_DUAL,372.3,52.3,1.0,,
18:11:47.903,4.9,MANUAL,0,0,0.0,0.0,0.0,4.17,6.89,CENTER_DUAL,372.6,52.6,1.0,,
18:11:48.952,5.9,MANUAL,0,0,0.0,0.0,0.0,4.17,6.89,CENTER_DUAL,372.8,52.8,1.0,,
18:11:50.057,5.8,MANUAL,0,0,0.0,0.0,0.0,4.17,6.89,CENTER_DUAL,372.9,52.9,1.0,,
18:11:51.139,5.4,MANUAL,0,0,0.0,0.0,0.0,4.17,6.89,CENTER_DUAL,373.0,53.0,1.0,,
18:11:52.205,5.4,MANUAL,0,0,0.0,0.0,0.0,4.17,6.89,CENTER_DUAL,373.1,53.1,1.0,,
18:11:53.343,5.9,MANUAL,0,0,0.0,0.0,0.0,4.17,6.89,CENTER_DUAL,373.2,53.2,1.0,,
18:11:54.413,5.9,MANUAL,0,0,0.0,0.0,0.0,4.17,6.89,CENTER_DUAL,373.2,53.2,1.0,,
18:11:55.442,7.1,MANUAL,0,0,0.0,0.0,0.0,4.17,6.89,CENTER_DUAL,373.1,53.1,1.0,,
18:11:56.564,4.6,MANUAL,0,0,0.0,0.0,0.0,4.17,6.89,CENTER_DUAL,372.8,52.8,1.0,,
18:11:57.658,5.9,MANUAL,0,0,0.0,0.0,0.0,4.17,6.89,CENTER_DUAL,372.0,52.0,1.0,,
18:11:58.786,5.8,MANUAL,0,0,0.0,0.0,0.0,4.17,6.89,CENTER_DUAL,371.4,51.4,1.0,,
18:11:59.845,5.9,MANUAL,0,0,0.0,0.0,0.0,4.17,6.89,CENTER_DUAL,371.0,51.0,1.0,,
18:12:00.956,5.3,MANUAL,0,0,0.0,0.0,0.0,4.17,6.89,CENTER_DUAL,370.7,50.7,1.0,,
18:12:02.008,5.8,MANUAL,0,0,0.0,0.0,0.0,4.17,6.89,CENTER_DUAL,370.7,50.7,1.0,,
18:12:03.133,5.8,MANUAL,0,0,0.0,0.0,0.0,4.17,6.89,CENTER_DUAL,370.9,50.9,1.0,,
18:12:04.181,4.3,MANUAL,0,0,0.0,0.0,0.0,4.17,6.89,CENTER_DUAL,371.1,51.1,1.0,,
18:12:05.256,5.9,MANUAL,0,0,0.0,0.0,0.0,4.17,6.89,CENTER_DUAL,371.4,51.4,1.0,,
18:12:06.373,5.9,MANUAL,0,0,0.0,0.0,0.0,4.17,6.89,CENTER_DUAL,371.6,51.6,1.0,,
18:12:07.456,5.7,MANUAL,0,0,0.0,0.0,0.0,4.17,6.89,CENTER_DUAL,371.4,51.4,1.0,,
18:12:08.506,5.4,MANUAL,0,0,0.0,0.0,0.0,4.17,6.89,CENTER_DUAL,371.0,51.0,1.0,,
18:12:09.651,5.0,MANUAL,0,0,0.0,0.0,0.0,4.17,6.89,CENTER_DUAL,371.1,51.1,1.0,,
18:12:10.726,5.3,MANUAL,0,0,0.0,0.0,0.0,4.17,6.89,CENTER_DUAL,371.3,51.3,1.0,,
18:12:11.818,5.4,MANUAL,0,0,0.0,0.0,0.0,4.17,6.89,CENTER_DUAL,371.4,51.4,1.0,,
18:12:12.861,5.4,MANUAL,0,0,0.0,0.0,0.0,4.17,6.89,CENTER_DUAL,371.0,51.0,1.0,,
18:12:14.006,5.6,MANUAL,0,0,0.0,0.0,0.0,4.17,6.89,CENTER_DUAL,370.8,50.8,1.0,,
18:12:15.143,6.5,MANUAL,0,0,0.0,0.0,0.0,4.17,6.89,CENTER_DUAL,370.6,50.6,1.0,,
18:12:16.262,5.8,MANUAL,0,0,0.0,0.0,0.0,4.17,6.89,CENTER_DUAL,370.5,50.5,1.0,,
18:12:17.389,5.4,MANUAL,0,0,0.0,0.0,0.0,4.17,6.89,CENTER_DUAL,370.2,50.2,1.0,,
18:12:18.512,5.4,MANUAL,0,0,0.0,0.0,0.0,4.17,6.89,CENTER_DUAL,370.4,50.4,1.0,,
18:12:19.540,5.3,MANUAL,0,0,0.0,0.0,0.0,4.17,6.89,CENTER_DUAL,370.7,50.7,1.0,,
18:12:20.559,5.8,MANUAL,0,0,0.0,0.0,0.0,4.17,6.89,,320.0,0.0,0.0,,
18:12:21.715,4.9,MANUAL,0,0,0.0,0.0,0.0,4.17,6.89,CENTER_DUAL,371.3,51.3,1.0,,
18:12:22.840,5.4,MANUAL,0,0,0.0,0.0,0.0,4.17,6.89,CENTER_DUAL,371.6,51.6,1.0,,
18:12:23.853,6.4,MANUAL,0,0,0.0,0.0,0.0,4.17,6.89,CENTER_DUAL,371.0,51.0,1.0,,
18:12:24.862,5.9,MANUAL,0,0,0.0,0.0,0.0,4.17,6.89,CENTER_DUAL,370.3,50.3,1.0,,
18:12:25.938,5.0,MANUAL,0,0,0.0,0.0,0.0,4.17,6.89,CENTER_DUAL,370.1,50.1,1.0,,
18:12:27.002,4.6,MANUAL,0,0,0.0,0.0,0.0,4.17,6.89,,320.0,0.0,0.0,,
18:12:28.054,5.5,MANUAL,0,0,0.0,0.0,0.0,4.17,6.89,CENTER_DUAL,369.6,49.6,1.0,,
18:12:29.143,6.4,MANUAL,0,0,0.0,0.0,0.0,4.17,6.89,CENTER_DUAL,369.4,49.4,1.0,,
18:12:30.260,6.3,MANUAL,0,0,0.0,0.0,0.0,4.17,6.89,CENTER_DUAL,369.2,49.2,1.0,,
18:12:31.318,5.4,MANUAL,0,0,0.0,0.0,0.0,4.17,6.89,CENTER_DUAL,369.1,49.1,1.0,,
18:12:32.449,5.6,MANUAL,0,0,0.0,0.0,0.0,4.17,6.89,CENTER_DUAL,369.0,49.0,1.0,,
18:12:33.455,4.9,MANUAL,0,0,0.0,0.0,0.0,4.17,6.89,CENTER_DUAL,368.9,48.9,1.0,,
18:12:34.642,5.4,MANUAL,0,0,0.0,0.0,0.0,4.17,6.89,CENTER_DUAL,368.8,48.8,1.0,,
18:12:35.763,5.9,MANUAL,0,0,0.0,0.0,0.0,4.17,6.89,CENTER_DUAL,368.7,48.7,1.0,,
18:12:36.829,5.3,MANUAL,0,0,0.0,0.0,0.0,4.17,6.89,CENTER_DUAL,368.8,48.8,1.0,,
18:12:38.018,5.4,MANUAL,0,0,0.0,0.0,0.0,4.17,6.89,CENTER_DUAL,368.8,48.8,1.0,,
18:12:39.152,5.4,MANUAL,0,0,0.0,0.0,0.0,4.17,6.89,CENTER_DUAL,368.8,48.8,1.0,,
18:12:40.211,7.1,MANUAL,0,0,0.0,0.0,0.0,4.17,6.89,CENTER_DUAL,368.8,48.8,1.0,,
18:12:41.215,5.3,MANUAL,0,0,0.0,0.0,0.0,4.17,6.89,CENTER_DUAL,368.8,48.8,1.0,,
18:12:42.252,5.8,MANUAL,0,0,0.0,0.0,0.0,4.17,6.89,CENTER_DUAL,368.7,48.7,1.0,,
18:12:43.328,5.9,MANUAL,0,0,0.0,0.0,0.0,4.17,6.89,CENTER_DUAL,368.8,48.8,1.0,,
18:12:44.384,5.9,MANUAL,0,0,0.0,0.0,0.0,4.17,6.89,CENTER_DUAL,368.8,48.8,1.0,,
18:12:45.464,6.4,MANUAL,0,0,0.0,0.0,0.0,4.17,6.89,CENTER_DUAL,368.8,48.8,1.0,,
18:12:46.481,5.4,MANUAL,0,0,0.0,0.0,0.0,4.17,6.89,CENTER_DUAL,368.4,48.4,1.0,,
18:12:47.578,6.3,MANUAL,0,0,0.0,0.0,0.0,4.17,6.89,CENTER_DUAL,369.0,49.0,1.0,,
18:12:48.679,5.9,MANUAL,0,0,0.0,0.0,0.0,4.17,6.89,CENTER_DUAL,369.9,49.9,1.0,,
18:12:49.826,5.3,MANUAL,0,0,0.0,0.0,0.0,4.17,6.89,CENTER_DUAL,370.6,50.6,1.0,,
18:12:50.847,5.8,MANUAL,0,0,0.0,0.0,0.0,4.17,6.89,CENTER_DUAL,371.1,51.1,1.0,,
18:12:51.918,4.9,MANUAL,0,0,0.0,0.0,0.0,4.17,6.89,CENTER_DUAL,371.5,51.5,1.0,,
18:12:52.949,5.4,MANUAL,0,0,0.0,0.0,0.0,4.17,6.89,CENTER_DUAL,371.9,51.9,1.0,,
18:12:54.028,5.8,MANUAL,0,0,0.0,0.0,0.0,4.17,6.89,CENTER_DUAL,372.1,52.1,1.0,,
18:12:55.158,6.5,MANUAL,0,0,0.0,0.0,0.0,4.17,6.89,CENTER_DUAL,372.3,52.3,1.0,,
18:12:56.276,7.0,MANUAL,0,0,0.0,0.0,0.0,4.17,6.89,CENTER_DUAL,372.3,52.3,1.0,,
18:12:57.344,6.5,MANUAL,0,0,0.0,0.0,0.0,4.17,6.89,CENTER_DUAL,372.4,52.4,1.0,,
18:12:58.384,6.4,MANUAL,0,0,0.0,0.0,0.0,4.17,6.89,CENTER_DUAL,372.5,52.5,1.0,,
18:12:59.489,5.8,MANUAL,0,0,0.0,0.0,0.0,4.17,6.89,CENTER_DUAL,372.6,52.6,1.0,,
18:13:00.620,6.4,MANUAL,0,0,0.0,0.0,0.0,4.17,6.89,CENTER_DUAL,372.6,52.6,1.0,,
18:13:01.698,6.5,MANUAL,0,0,0.0,0.0,0.0,4.17,6.89,CENTER_DUAL,372.7,52.7,1.0,,
18:13:02.743,7.1,MANUAL,0,0,0.0,0.0,0.0,4.17,6.89,CENTER_DUAL,372.9,52.9,1.0,,
18:13:03.766,6.4,MANUAL,0,0,0.0,0.0,0.0,4.17,6.89,CENTER_DUAL,372.9,52.9,1.0,,
18:13:04.809,7.2,MANUAL,0,0,0.0,0.0,0.0,4.17,6.89,CENTER_DUAL,372.8,52.8,1.0,,
18:13:05.843,6.4,MANUAL,0,0,0.0,0.0,0.0,4.17,6.89,CENTER_DUAL,372.8,52.8,1.0,,
18:13:06.937,6.4,MANUAL,0,0,0.0,0.0,0.0,4.17,6.89,CENTER_DUAL,372.8,52.8,1.0,,
18:13:08.033,7.0,MANUAL,0,0,0.0,0.0,0.0,4.17,6.89,CENTER_DUAL,372.8,52.8,1.0,,
18:13:09.098,7.1,MANUAL,0,0,0.0,0.0,0.0,4.17,6.89,CENTER_DUAL,372.7,52.7,1.0,,
18:13:10.121,6.4,MANUAL,0,0,0.0,0.0,0.0,4.17,6.89,CENTER_DUAL,372.7,52.7,1.0,,
18:13:11.261,6.8,MANUAL,0,0,0.0,0.0,0.0,4.17,6.89,CENTER_DUAL,372.7,52.7,1.0,,
18:13:12.300,5.9,MANUAL,0,0,0.0,0.0,0.0,4.17,6.89,CENTER_DUAL,372.7,52.7,1.0,,
18:13:13.312,7.1,MANUAL,0,0,0.0,0.0,0.0,4.17,6.89,CENTER_DUAL,372.7,52.7,1.0,,
18:13:14.400,6.5,MANUAL,0,0,0.0,0.0,0.0,4.17,6.89,CENTER_DUAL,372.8,52.8,1.0,,
18:13:15.451,6.5,MANUAL,0,0,0.0,0.0,0.0,4.17,6.89,CENTER_DUAL,372.8,52.8,1.0,,
18:13:16.477,7.2,MANUAL,0,0,0.0,0.0,0.0,4.17,6.89,CENTER_DUAL,372.8,52.8,1.0,,
18:13:17.613,6.5,MANUAL,0,0,0.0,0.0,0.0,4.17,6.89,CENTER_DUAL,372.8,52.8,1.0,,
18:13:18.699,6.3,MANUAL,0,0,0.0,0.0,0.0,4.17,6.89,CENTER_DUAL,372.8,52.8,1.0,,
18:13:19.762,6.5,MANUAL,0,0,0.0,0.0,0.0,4.17,6.89,CENTER_DUAL,372.8,52.8,1.0,,
18:13:20.766,6.3,MANUAL,0,0,0.0,0.0,0.0,4.17,6.89,CENTER_DUAL,372.8,52.8,1.0,,
18:13:21.837,6.5,MANUAL,0,0,0.0,0.0,0.0,4.17,6.89,CENTER_DUAL,372.8,52.8,1.0,,
18:13:22.849,6.5,MANUAL,0,0,0.0,0.0,0.0,4.17,6.89,CENTER_DUAL,372.8,52.8,1.0,,
18:13:23.905,6.5,MANUAL,0,0,0.0,0.0,0.0,4.17,6.89,CENTER_DUAL,372.8,52.8,1.0,,
18:13:24.975,6.4,MANUAL,0,0,0.0,0.0,0.0,4.17,6.89,CENTER_DUAL,372.7,52.7,1.0,,
18:13:25.999,4.6,MANUAL,0,0,0.0,0.0,0.0,4.17,6.89,CENTER_DUAL,372.7,52.7,1.0,,
18:13:27.048,5.8,MANUAL,0,0,0.0,0.0,0.0,4.17,6.89,CENTER_DUAL,372.7,52.7,1.0,,
18:13:28.192,5.3,MANUAL,0,0,0.0,0.0,0.0,4.17,6.89,CENTER_DUAL,372.8,52.8,1.0,,
18:13:29.230,6.5,MANUAL,0,0,0.0,0.0,0.0,4.17,6.89,CENTER_DUAL,372.8,52.8,1.0,,
18:13:30.313,6.5,MANUAL,0,0,0.0,0.0,0.0,4.17,6.89,CENTER_DUAL,372.8,52.8,1.0,,
18:13:31.386,6.4,MANUAL,0,0,0.0,0.0,0.0,4.17,6.89,CENTER_DUAL,372.8,52.8,1.0,,
18:13:32.510,7.0,MANUAL,0,0,0.0,0.0,0.0,4.17,6.89,CENTER_DUAL,372.8,52.8,1.0,,
18:13:33.548,6.5,MANUAL,0,0,0.0,0.0,0.0,4.17,6.89,CENTER_DUAL,372.8,52.8,1.0,,
18:13:34.637,6.5,MANUAL,0,0,0.0,0.0,0.0,4.17,6.89,CENTER_DUAL,372.8,52.8,1.0,,
18:13:35.770,7.1,MANUAL,0,0,0.0,0.0,0.0,4.17,6.89,CENTER_DUAL,372.9,52.9,1.0,,
18:13:36.826,7.2,MANUAL,0,0,0.0,0.0,0.0,4.17,6.89,CENTER_DUAL,372.9,52.9,1.0,,
18:13:37.872,6.5,MANUAL,0,0,0.0,0.0,0.0,4.17,6.89,CENTER_DUAL,372.9,52.9,1.0,,
18:13:38.875,7.2,MANUAL,0,0,0.0,0.0,0.0,4.17,6.89,CENTER_DUAL,372.9,52.9,1.0,,
18:13:39.903,7.2,MANUAL,0,0,0.0,0.0,0.0,4.17,6.89,CENTER_DUAL,372.9,52.9,1.0,,
18:13:40.917,7.1,MANUAL,0,0,0.0,0.0,0.0,4.17,6.89,CENTER_DUAL,372.9,52.9,1.0,,
18:13:41.940,6.5,MANUAL,0,0,0.0,0.0,0.0,4.17,6.89,CENTER_DUAL,372.9,52.9,1.0,,
18:13:43.042,6.3,MANUAL,0,0,0.0,0.0,0.0,4.17,6.89,CENTER_DUAL,372.9,52.9,1.0,,
18:13:44.111,5.3,MANUAL,0,0,0.0,0.0,0.0,4.17,6.89,CENTER_DUAL,372.9,52.9,1.0,,
18:13:45.201,6.4,MANUAL,0,0,0.0,0.0,0.0,4.17,6.89,CENTER_DUAL,372.9,52.9,1.0,,
18:13:46.254,6.4,MANUAL,0,0,0.0,0.0,0.0,4.17,6.89,CENTER_DUAL,372.9,52.9,1.0,,
18:13:47.334,6.5,MANUAL,0,0,0.0,0.0,0.0,4.17,6.89,CENTER_DUAL,372.9,52.9,1.0,,
18:13:48.448,6.3,MANUAL,0,0,0.0,0.0,0.0,4.17,6.89,CENTER_DUAL,372.9,52.9,1.0,,
18:13:49.489,7.1,MANUAL,0,0,0.0,0.0,0.0,4.17,6.89,CENTER_DUAL,372.9,52.9,1.0,,
18:13:50.497,6.6,MANUAL,0,0,0.0,0.0,0.0,4.17,6.89,CENTER_DUAL,372.9,52.9,1.0,,
18:13:51.642,6.5,MANUAL,0,0,0.0,0.0,0.0,4.17,6.89,CENTER_DUAL,372.9,52.9,1.0,,
18:13:52.657,6.4,MANUAL,0,0,0.0,0.0,0.0,4.17,6.89,CENTER_DUAL,372.8,52.8,1.0,,
18:13:53.778,5.3,MANUAL,0,0,0.0,0.0,0.0,4.17,6.89,CENTER_DUAL,372.1,52.1,1.0,,
18:13:54.932,5.4,MANUAL,0,0,0.0,0.0,0.0,4.17,6.89,CENTER_DUAL,361.8,41.8,1.0,,
18:13:55.956,7.1,MANUAL,0,0,0.0,0.0,0.0,4.17,6.89,CENTER_DUAL,359.1,39.1,1.0,,
18:13:56.983,6.4,MANUAL,0,0,0.0,0.0,0.0,4.17,6.89,CENTER_DUAL,358.5,38.5,1.0,,
18:13:58.005,7.2,MANUAL,0,0,0.0,0.0,0.0,4.17,6.89,CENTER_DUAL,361.8,41.8,1.0,,
18:13:59.081,6.4,MANUAL,0,0,0.0,0.0,0.0,4.17,6.89,CENTER_DUAL,368.6,48.6,1.0,,
18:14:00.099,7.2,MANUAL,0,0,0.0,0.0,0.0,4.17,6.89,CENTER_DUAL,369.9,49.9,1.0,,
18:14:01.123,7.2,MANUAL,0,0,0.0,0.0,0.0,4.17,6.89,CENTER_DUAL,370.7,50.7,1.0,,
18:14:02.126,7.2,MANUAL,0,0,0.0,0.0,0.0,4.17,6.89,CENTER_DUAL,371.3,51.3,1.0,,
18:14:03.218,6.5,MANUAL,0,0,0.0,0.0,0.0,4.17,6.89,CENTER_DUAL,371.7,51.7,1.0,,
18:14:04.271,7.2,MANUAL,0,0,0.0,0.0,0.0,4.17,6.89,CENTER_DUAL,371.9,51.9,1.0,,
18:14:05.315,6.4,MANUAL,0,0,0.0,0.0,0.0,4.17,6.89,CENTER_DUAL,372.1,52.1,1.0,,
18:14:06.341,5.9,MANUAL,0,0,0.0,0.0,0.0,4.17,6.89,CENTER_DUAL,372.2,52.2,1.0,,
18:14:07.373,5.9,MANUAL,0,0,0.0,0.0,0.0,4.17,6.89,CENTER_DUAL,372.2,52.2,1.0,,
18:14:08.452,6.4,MANUAL,0,0,0.0,0.0,0.0,4.17,6.89,CENTER_DUAL,371.8,51.8,1.0,,
18:14:09.465,7.1,MANUAL,0,0,0.0,0.0,0.0,4.17,6.89,CENTER_DUAL,371.7,51.7,1.0,,
18:14:10.486,6.4,MANUAL,0,0,0.0,0.0,0.0,4.17,6.89,CENTER_DUAL,371.8,51.8,1.0,,
18:14:11.548,6.4,MANUAL,0,0,0.0,0.0,0.0,4.17,6.89,CENTER_DUAL,371.9,51.9,1.0,,
18:14:12.612,6.4,MANUAL,0,0,0.0,0.0,0.0,4.17,6.89,CENTER_DUAL,372.0,52.0,1.0,,
18:14:13.680,6.4,MANUAL,0,0,0.0,0.0,0.0,4.17,6.89,CENTER_DUAL,372.2,52.2,1.0,,
18:14:14.709,7.1,MANUAL,0,0,0.0,0.0,0.0,4.17,6.89,CENTER_DUAL,372.3,52.3,1.0,,
18:14:15.735,7.1,MANUAL,0,0,0.0,0.0,0.0,4.17,6.89,CENTER_DUAL,372.4,52.4,1.0,,
18:14:16.815,6.5,MANUAL,0,0,0.0,0.0,0.0,4.17,6.89,CENTER_DUAL,372.5,52.5,1.0,,
18:14:17.863,6.4,MANUAL,0,0,0.0,0.0,0.0,4.17,6.89,CENTER_DUAL,372.6,52.6,1.0,,
18:14:18.936,5.8,MANUAL,0,0,0.0,0.0,0.0,4.17,6.89,CENTER_DUAL,372.6,52.6,1.0,,
18:14:20.058,7.1,MANUAL,0,0,0.0,0.0,0.0,4.17,6.89,CENTER_DUAL,372.7,52.7,1.0,,
18:14:21.083,7.1,MANUAL,0,0,0.0,0.0,0.0,4.17,6.89,CENTER_DUAL,372.7,52.7,1.0,,
18:14:22.222,6.4,MANUAL,0,0,0.0,0.0,0.0,4.17,6.89,CENTER_DUAL,372.7,52.7,1.0,,
18:14:23.259,7.2,MANUAL,0,0,0.0,0.0,0.0,4.17,6.89,CENTER_DUAL,372.7,52.7,1.0,,
18:14:24.308,6.4,MANUAL,0,0,0.0,0.0,0.0,4.17,6.89,CENTER_DUAL,372.6,52.6,1.0,,
18:14:25.349,6.4,MANUAL,0,0,0.0,0.0,0.0,4.17,6.89,CENTER_DUAL,372.6,52.6,1.0,,
18:14:26.473,7.1,MANUAL,0,0,0.0,0.0,0.0,4.17,6.89,CENTER_DUAL,372.6,52.6,1.0,,
18:14:27.509,6.9,MANUAL,0,0,0.0,0.0,0.0,4.17,6.89,CENTER_DUAL,372.6,52.6,1.0,,
18:14:28.603,7.2,MANUAL,0,0,0.0,0.0,0.0,4.17,6.89,CENTER_DUAL,372.6,52.6,1.0,,
18:14:29.716,7.1,MANUAL,0,0,0.0,0.0,0.0,4.17,6.89,CENTER_DUAL,372.6,52.6,1.0,,
18:14:30.770,6.4,MANUAL,0,0,0.0,0.0,0.0,4.17,6.89,CENTER_DUAL,372.6,52.6,1.0,,
18:14:31.797,7.1,MANUAL,0,0,0.0,0.0,0.0,4.17,6.89,CENTER_DUAL,372.6,52.6,1.0,,
18:14:32.838,6.5,MANUAL,0,0,0.0,0.0,0.0,4.17,6.89,CENTER_DUAL,372.6,52.6,1.0,,
18:14:33.858,7.1,MANUAL,0,0,0.0,0.0,0.0,4.17,6.89,CENTER_DUAL,372.6,52.6,1.0,,
18:14:34.942,6.2,MANUAL,0,0,0.0,0.0,0.0,4.17,6.89,CENTER_DUAL,372.6,52.6,1.0,,
18:14:35.970,7.2,MANUAL,0,0,0.0,0.0,0.0,4.17,6.89,CENTER_DUAL,372.6,52.6,1.0,,
18:14:37.062,5.8,MANUAL,0,0,0.0,0.0,0.0,4.17,6.89,CENTER_DUAL,372.5,52.5,1.0,,
18:14:38.134,7.2,MANUAL,0,0,0.0,0.0,0.0,4.17,6.89,CENTER_DUAL,372.6,52.6,1.0,,
18:14:39.293,6.5,MANUAL,0,0,0.0,0.0,0.0,4.17,6.89,CENTER_DUAL,372.6,52.6,1.0,,
18:14:40.338,6.5,MANUAL,0,0,0.0,0.0,0.0,4.17,6.89,CENTER_DUAL,372.5,52.5,1.0,,
18:14:41.365,6.5,MANUAL,0,0,0.0,0.0,0.0,4.17,6.89,CENTER_DUAL,372.5,52.5,1.0,,
18:14:42.408,6.5,MANUAL,0,0,0.0,0.0,0.0,4.17,6.89,CENTER_DUAL,372.5,52.5,1.0,,
18:14:43.457,6.5,MANUAL,0,0,0.0,0.0,0.0,4.17,6.89,CENTER_DUAL,372.5,52.5,1.0,,
18:14:44.498,7.0,MANUAL,0,0,0.0,0.0,0.0,4.17,6.89,CENTER_DUAL,372.5,52.5,1.0,,
18:14:45.595,6.4,MANUAL,0,0,0.0,0.0,0.0,4.17,6.89,CENTER_DUAL,372.5,52.5,1.0,,
18:14:46.633,7.2,MANUAL,0,0,0.0,0.0,0.0,4.17,6.89,CENTER_DUAL,372.5,52.5,1.0,,
18:14:47.688,6.4,MANUAL,0,0,0.0,0.0,0.0,4.17,6.89,CENTER_DUAL,372.5,52.5,1.0,,
18:14:48.831,7.1,MANUAL,0,0,0.0,0.0,0.0,4.17,6.89,CENTER_DUAL,372.5,52.5,1.0,,
18:14:49.887,6.4,MANUAL,0,0,0.0,0.0,0.0,4.17,6.89,CENTER_DUAL,372.5,52.5,1.0,,
18:14:50.900,7.1,MANUAL,0,0,0.0,0.0,0.0,4.17,6.89,CENTER_DUAL,372.5,52.5,1.0,,
18:14:52.041,7.1,MANUAL,0,0,0.0,0.0,0.0,4.17,6.89,CENTER_DUAL,372.5,52.5,1.0,,
18:14:53.049,7.1,MANUAL,0,0,0.0,0.0,0.0,4.17,6.89,CENTER_DUAL,372.5,52.5,1.0,,
18:14:54.095,6.4,MANUAL,0,0,0.0,0.0,0.0,4.17,6.89,CENTER_DUAL,372.5,52.5,1.0,,
18:14:55.129,7.1,MANUAL,0,0,0.0,0.0,0.0,4.17,6.89,CENTER_DUAL,372.5,52.5,1.0,,
18:14:56.217,6.4,MANUAL,0,0,0.0,0.0,0.0,4.17,6.89,CENTER_DUAL,372.5,52.5,1.0,,
18:14:57.272,7.1,MANUAL,0,0,0.0,0.0,0.0,4.17,6.89,CENTER_DUAL,372.5,52.5,1.0,,
18:14:58.319,7.0,MANUAL,0,0,0.0,0.0,0.0,4.17,6.89,CENTER_DUAL,372.5,52.5,1.0,,
18:14:59.350,7.2,MANUAL,0,0,0.0,0.0,0.0,4.17,6.89,CENTER_DUAL,372.5,52.5,1.0,,
18:15:00.378,7.1,MANUAL,0,0,0.0,0.0,0.0,4.17,6.89,CENTER_DUAL,372.5,52.5,1.0,,
18:15:01.438,6.3,MANUAL,0,0,0.0,0.0,0.0,4.17,6.89,CENTER_DUAL,372.5,52.5,1.0,,
18:15:02.517,6.4,MANUAL,0,0,0.0,0.0,0.0,4.17,6.89,CENTER_DUAL,372.5,52.5,1.0,,
18:15:03.612,6.4,MANUAL,0,0,0.0,0.0,0.0,4.17,6.89,CENTER_DUAL,372.5,52.5,1.0,,
18:15:04.672,6.4,MANUAL,0,0,0.0,0.0,0.0,4.17,6.89,CENTER_DUAL,372.5,52.5,1.0,,
18:15:05.728,6.4,MANUAL,0,0,0.0,0.0,0.0,4.17,6.89,CENTER_DUAL,372.5,52.5,1.0,,
18:15:06.795,6.5,MANUAL,0,0,0.0,0.0,0.0,4.17,6.89,CENTER_DUAL,372.6,52.6,1.0,,
18:15:07.856,6.5,MANUAL,0,0,0.0,0.0,0.0,4.17,6.89,CENTER_DUAL,372.6,52.6,1.0,,
18:15:08.873,7.2,MANUAL,0,0,0.0,0.0,0.0,4.17,6.89,CENTER_DUAL,372.6,52.6,1.0,,
18:15:09.908,6.4,MANUAL,0,0,0.0,0.0,0.0,4.17,6.89,CENTER_DUAL,372.6,52.6,1.0,,
18:15:10.983,6.5,MANUAL,0,0,0.0,0.0,0.0,4.17,6.89,CENTER_DUAL,372.6,52.6,1.0,,
18:15:12.035,5.0,MANUAL,0,0,0.0,0.0,0.0,4.17,6.89,CENTER_DUAL,372.6,52.6,1.0,,
18:15:13.203,6.0,MANUAL,0,0,0.0,0.0,0.0,4.17,6.89,CENTER_DUAL,372.6,52.6,1.0,,
18:15:14.274,6.4,MANUAL,0,0,0.0,0.0,0.0,4.17,6.89,CENTER_DUAL,372.6,52.6,1.0,,
18:15:15.436,6.5,MANUAL,0,0,0.0,0.0,0.0,4.17,6.89,CENTER_DUAL,372.6,52.6,1.0,,
18:15:16.490,5.3,MANUAL,0,0,0.0,0.0,0.0,4.17,6.89,CENTER_DUAL,372.6,52.6,1.0,,
18:15:17.593,6.4,MANUAL,0,0,0.0,0.0,0.0,4.17,6.89,CENTER_DUAL,372.6,52.6,1.0,,
18:15:18.690,6.9,MANUAL,0,0,0.0,0.0,0.0,4.17,6.89,CENTER_DUAL,372.6,52.6,1.0,,
18:15:19.702,7.1,MANUAL,0,0,0.0,0.0,0.0,4.17,6.89,CENTER_DUAL,372.6,52.6,1.0,,
18:15:20.800,6.3,MANUAL,0,0,0.0,0.0,0.0,4.17,6.89,CENTER_DUAL,372.6,52.6,1.0,,
18:15:21.946,5.4,MANUAL,0,0,0.0,0.0,0.0,4.17,6.89,CENTER_DUAL,372.6,52.6,1.0,,
18:15:23.055,7.2,MANUAL,0,0,0.0,0.0,0.0,4.17,6.89,CENTER_DUAL,372.6,52.6,1.0,,
18:15:24.085,6.4,MANUAL,0,0,0.0,0.0,0.0,4.17,6.89,CENTER_DUAL,372.6,52.6,1.0,,
18:15:25.130,7.2,MANUAL,0,0,0.0,0.0,0.0,4.17,6.89,CENTER_DUAL,372.5,52.5,1.0,,
18:15:26.158,5.9,MANUAL,0,0,0.0,0.0,0.0,4.17,6.89,CENTER_DUAL,372.4,52.4,1.0,,
18:15:27.231,5.3,MANUAL,0,0,0.0,0.0,0.0,4.17,6.89,CENTER_DUAL,372.4,52.4,1.0,,
18:15:28.392,7.0,MANUAL,0,0,0.0,0.0,0.0,4.17,6.89,CENTER_DUAL,372.4,52.4,1.0,,
18:15:29.454,5.4,MANUAL,0,0,0.0,0.0,0.0,4.17,6.89,CENTER_DUAL,372.5,52.5,1.0,,
18:15:30.596,7.1,MANUAL,0,0,0.0,0.0,0.0,4.17,6.89,CENTER_DUAL,372.4,52.4,1.0,,
18:15:31.677,5.4,MANUAL,0,0,0.0,0.0,0.0,4.17,6.89,CENTER_DUAL,372.4,52.4,1.0,,
18:15:32.809,5.0,MANUAL,0,0,0.0,0.0,0.0,4.17,6.89,CENTER_DUAL,372.4,52.4,1.0,,
18:15:33.925,5.3,MANUAL,0,0,0.0,0.0,0.0,4.17,6.89,CENTER_DUAL,372.4,52.4,1.0,,
18:15:34.981,6.0,MANUAL,0,0,0.0,0.0,0.0,4.17,6.89,CENTER_DUAL,372.4,52.4,1.0,,
18:15:36.005,6.4,MANUAL,0,0,0.0,0.0,0.0,4.17,6.89,CENTER_DUAL,372.4,52.4,1.0,,
18:15:37.021,6.4,MANUAL,0,0,0.0,0.0,0.0,4.17,6.89,CENTER_DUAL,372.4,52.4,1.0,,
18:15:38.044,5.3,MANUAL,0,0,0.0,0.0,0.0,4.17,6.89,CENTER_DUAL,372.4,52.4,1.0,,
18:15:39.156,5.3,MANUAL,0,0,0.0,0.0,0.0,4.17,6.89,CENTER_DUAL,372.4,52.4,1.0,,
18:15:40.253,6.4,MANUAL,0,0,0.0,0.0,0.0,4.17,6.89,CENTER_DUAL,372.5,52.5,1.0,,
18:15:41.315,7.2,MANUAL,0,0,0.0,0.0,0.0,4.17,6.89,CENTER_DUAL,372.5,52.5,1.0,,
18:15:42.416,5.3,MANUAL,0,0,0.0,0.0,0.0,4.17,6.89,CENTER_DUAL,372.6,52.6,1.0,,
18:15:43.433,6.5,MANUAL,0,0,0.0,0.0,0.0,4.17,6.89,CENTER_DUAL,372.7,52.7,1.0,,
18:15:44.569,5.4,MANUAL,0,0,0.0,0.0,0.0,4.17,6.89,CENTER_DUAL,372.7,52.7,1.0,,
18:15:45.641,6.5,MANUAL,0,0,0.0,0.0,0.0,4.17,6.89,CENTER_DUAL,372.8,52.8,1.0,,
18:15:46.763,6.4,MANUAL,0,0,0.0,0.0,0.0,4.17,6.89,CENTER_DUAL,372.7,52.7,1.0,,
18:15:47.824,6.4,MANUAL,0,0,0.0,0.0,0.0,4.17,6.89,CENTER_DUAL,372.7,52.7,1.0,,
18:15:48.904,5.4,MANUAL,0,0,0.0,0.0,0.0,4.17,6.89,CENTER_DUAL,372.7,52.7,1.0,,
18:15:50.014,6.4,MANUAL,0,0,0.0,0.0,0.0,4.17,6.89,CENTER_DUAL,372.6,52.6,1.0,,
18:15:51.034,7.2,MANUAL,0,0,0.0,0.0,0.0,4.17,6.89,CENTER_DUAL,372.6,52.6,1.0,,
18:15:52.091,6.5,MANUAL,0,0,0.0,0.0,0.0,4.17,6.89,CENTER_DUAL,372.6,52.6,1.0,,
18:15:53.174,6.4,MANUAL,0,0,0.0,0.0,0.0,4.17,6.89,CENTER_DUAL,372.6,52.6,1.0,,
18:15:54.258,6.5,MANUAL,0,0,0.0,0.0,0.0,4.17,6.89,CENTER_DUAL,372.6,52.6,1.0,,
18:15:55.380,6.4,MANUAL,0,0,0.0,0.0,0.0,4.17,6.89,CENTER_DUAL,372.5,52.5,1.0,,
18:15:56.426,7.2,MANUAL,0,0,0.0,0.0,0.0,4.17,6.89,CENTER_DUAL,372.5,52.5,1.0,,
18:15:57.518,6.5,MANUAL,0,0,0.0,0.0,0.0,4.17,6.89,CENTER_DUAL,372.5,52.5,1.0,,
18:15:58.616,6.4,MANUAL,0,0,0.0,0.0,0.0,4.17,6.89,CENTER_DUAL,372.5,52.5,1.0,,
18:15:59.755,5.9,MANUAL,0,0,0.0,0.0,0.0,4.17,6.89,CENTER_DUAL,372.5,52.5,1.0,,
18:16:00.801,6.4,MANUAL,0,0,0.0,0.0,0.0,4.17,6.89,CENTER_DUAL,372.6,52.6,1.0,,
18:16:01.861,7.0,MANUAL,0,0,0.0,0.0,0.0,4.17,6.89,CENTER_DUAL,372.6,52.6,1.0,,
18:16:02.863,6.5,MANUAL,0,0,0.0,0.0,0.0,4.17,6.89,CENTER_DUAL,372.8,52.8,1.0,,
18:16:03.864,6.4,MANUAL,0,0,0.0,0.0,0.0,4.17,6.89,CENTER_DUAL,372.9,52.9,1.0,,
18:16:04.948,6.4,MANUAL,0,0,0.0,0.0,0.0,4.17,6.89,CENTER_DUAL,373.0,53.0,1.0,,
18:16:06.003,7.0,MANUAL,0,0,0.0,0.0,0.0,4.17,6.89,CENTER_DUAL,373.1,53.1,1.0,,
18:16:07.105,6.4,MANUAL,0,0,0.0,0.0,0.0,4.17,6.89,CENTER_DUAL,373.1,53.1,1.0,,
18:16:08.185,7.0,MANUAL,0,0,0.0,0.0,0.0,4.17,6.89,CENTER_DUAL,373.1,53.1,1.0,,
18:16:09.281,6.5,MANUAL,0,0,0.0,0.0,0.0,4.17,6.89,CENTER_DUAL,373.2,53.2,1.0,,
18:16:10.340,6.4,MANUAL,0,0,0.0,0.0,0.0,4.17,6.89,CENTER_DUAL,372.8,52.8,1.0,,
18:16:11.435,6.5,MANUAL,0,0,0.0,0.0,0.0,4.17,6.89,CENTER_DUAL,369.8,49.8,1.0,,
18:16:12.562,6.4,MANUAL,0,0,0.0,0.0,0.0,4.17,6.89,CENTER_DUAL,368.4,48.4,1.0,,
18:16:13.661,5.8,MANUAL,0,0,0.0,0.0,0.0,4.17,6.89,CENTER_DUAL,367.6,47.6,1.0,,
18:16:14.843,6.5,MANUAL,0,0,0.0,0.0,0.0,4.17,6.89,CENTER_DUAL,367.0,47.0,1.0,,
18:16:15.942,4.9,MANUAL,0,0,0.0,0.0,0.0,4.17,6.89,CENTER_DUAL,366.8,46.8,1.0,,
18:16:17.051,5.4,MANUAL,0,0,0.0,0.0,0.0,4.17,6.89,CENTER_DUAL,366.8,46.8,1.0,,
18:16:18.143,6.4,MANUAL,0,0,0.0,0.0,0.0,4.17,6.89,CENTER_DUAL,366.7,46.7,1.0,,
18:16:19.186,5.4,MANUAL,0,0,0.0,0.0,0.0,4.17,6.89,CENTER_DUAL,366.7,46.7,1.0,,
18:16:20.298,5.0,MANUAL,0,0,0.0,0.0,0.0,4.17,6.89,CENTER_DUAL,366.7,46.7,1.0,,
18:16:21.410,5.8,MANUAL,0,0,0.0,0.0,0.0,4.17,6.89,CENTER_DUAL,366.5,46.5,1.0,,
18:16:22.417,5.4,MANUAL,0,0,0.0,0.0,0.0,4.17,6.89,CENTER_DUAL,366.3,46.3,1.0,,
18:16:23.573,6.4,MANUAL,0,0,0.0,0.0,0.0,4.17,6.89,CENTER_DUAL,366.1,46.1,1.0,,
18:16:24.712,6.4,MANUAL,0,0,0.0,0.0,0.0,4.17,6.89,CENTER_DUAL,366.0,46.0,1.0,,
18:16:25.746,5.4,MANUAL,0,0,0.0,0.0,0.0,4.17,6.89,CENTER_DUAL,366.2,46.2,1.0,,
18:16:26.827,6.4,MANUAL,0,0,0.0,0.0,0.0,4.17,6.89,CENTER_DUAL,366.4,46.4,1.0,,
18:16:27.987,5.4,MANUAL,0,0,0.0,0.0,0.0,4.17,6.89,CENTER_DUAL,366.2,46.2,1.0,,
18:16:29.081,6.3,MANUAL,0,0,0.0,0.0,0.0,4.17,6.89,CENTER_DUAL,358.8,38.8,1.0,,
18:16:30.160,4.6,MANUAL,0,0,0.0,0.0,0.0,4.17,6.89,CENTER_DUAL,357.6,37.6,1.0,,
18:16:31.256,6.4,MANUAL,0,0,0.0,0.0,0.0,4.17,6.89,CENTER_DUAL,357.0,37.0,1.0,,
18:16:32.290,5.0,MANUAL,0,0,0.0,0.0,0.0,4.17,6.89,CENTER_DUAL,356.6,36.6,1.0,,
18:16:33.344,5.6,MANUAL,0,0,0.0,0.0,0.0,4.17,6.89,CENTER_DUAL,356.2,36.2,1.0,,
18:16:34.417,4.9,MANUAL,0,0,0.0,0.0,0.0,4.17,6.89,CENTER_DUAL,355.9,35.9,1.0,,
18:16:35.424,6.4,MANUAL,0,0,0.0,0.0,0.0,4.17,6.89,CENTER_DUAL,355.8,35.8,1.0,,
18:16:36.444,5.8,MANUAL,0,0,0.0,0.0,0.0,4.17,6.89,CENTER_DUAL,355.8,35.8,1.0,,
18:16:37.559,6.5,MANUAL,0,0,0.0,0.0,0.0,4.17,6.89,CENTER_DUAL,355.8,35.8,1.0,,
18:16:38.566,5.4,MANUAL,0,0,0.0,0.0,0.0,4.17,6.89,CENTER_DUAL,356.2,36.2,1.0,,
18:16:39.597,5.3,MANUAL,0,0,0.0,0.0,0.0,4.17,6.89,CENTER_DUAL,356.3,36.3,1.0,,
18:16:40.777,4.9,MANUAL,0,0,0.0,0.0,0.0,4.17,6.89,CENTER_DUAL,356.2,36.2,1.0,,
18:16:41.906,4.9,MANUAL,0,0,0.0,0.0,0.0,4.17,6.89,CENTER_DUAL,356.0,36.0,1.0,,
18:16:43.013,5.8,MANUAL,0,0,0.0,0.0,0.0,4.17,6.89,CENTER_DUAL,355.9,35.9,1.0,,
18:16:44.021,5.8,MANUAL,0,0,0.0,0.0,0.0,4.17,6.89,CENTER_DUAL,356.0,36.0,1.0,,
18:16:45.178,5.3,MANUAL,0,0,0.0,0.0,0.0,4.17,6.89,CENTER_DUAL,356.6,36.6,1.0,,
18:16:46.285,5.9,MANUAL,0,0,0.0,0.0,0.0,4.17,6.89,CENTER_DUAL,357.0,37.0,1.0,,
18:16:47.443,5.8,MANUAL,0,0,0.0,0.0,0.0,4.17,6.89,CENTER_DUAL,357.2,37.2,1.0,,
18:16:48.618,4.6,MANUAL,0,0,0.0,0.0,0.0,4.17,6.89,CENTER_DUAL,357.4,37.4,1.0,,
18:16:49.744,5.8,MANUAL,0,0,0.0,0.0,0.0,4.17,6.89,CENTER_DUAL,357.6,37.6,1.0,,
18:16:50.835,5.8,MANUAL,0,0,0.0,0.0,0.0,4.17,6.89,CENTER_DUAL,357.4,37.4,1.0,,
18:16:51.910,5.4,MANUAL,0,0,0.0,0.0,0.0,4.17,6.89,CENTER_DUAL,357.4,37.4,1.0,,
18:16:52.986,6.0,MANUAL,0,0,0.0,0.0,0.0,4.17,6.89,CENTER_DUAL,357.4,37.4,1.0,,
18:16:54.095,5.2,MANUAL,0,0,0.0,0.0,0.0,4.17,6.89,CENTER_DUAL,357.5,37.5,1.0,,
18:16:55.161,5.4,MANUAL,0,0,0.0,0.0,0.0,4.17,6.89,CENTER_DUAL,357.7,37.7,1.0,,
18:16:56.282,4.5,MANUAL,0,0,0.0,0.0,0.0,4.17,6.89,CENTER_DUAL,357.7,37.7,1.0,,
18:16:57.322,5.7,MANUAL,0,0,0.0,0.0,0.0,4.17,6.89,CENTER_DUAL,357.7,37.7,1.0,,
18:16:58.386,5.4,MANUAL,0,0,0.0,0.0,0.0,4.17,6.89,CENTER_DUAL,357.7,37.7,1.0,,
18:16:59.459,5.9,MANUAL,0,0,0.0,0.0,0.0,4.17,6.89,CENTER_DUAL,357.7,37.7,1.0,,
18:17:00.559,6.0,MANUAL,0,0,0.0,0.0,0.0,4.17,6.89,CENTER_DUAL,357.6,37.6,1.0,,
18:17:01.608,6.4,MANUAL,0,0,0.0,0.0,0.0,4.17,6.89,CENTER_DUAL,357.6,37.6,1.0,,
18:17:02.690,5.9,MANUAL,0,0,0.0,0.0,0.0,4.17,6.89,CENTER_DUAL,357.6,37.6,1.0,,
18:17:03.793,5.4,MANUAL,0,0,0.0,0.0,0.0,4.17,6.89,CENTER_DUAL,357.8,37.8,1.0,,
18:17:04.947,5.4,MANUAL,0,0,0.0,0.0,0.0,4.17,6.89,CENTER_DUAL,358.5,38.5,1.0,,
18:17:06.060,5.0,MANUAL,0,0,0.0,0.0,0.0,4.17,6.89,CENTER_DUAL,359.6,39.6,1.0,,
18:17:07.202,5.3,MANUAL,0,0,0.0,0.0,0.0,4.17,6.89,CENTER_DUAL,360.5,40.5,1.0,,
18:17:08.278,5.9,MANUAL,0,0,0.0,0.0,0.0,4.17,6.89,CENTER_DUAL,361.1,41.1,1.0,,
18:17:09.368,5.4,MANUAL,0,0,0.0,0.0,0.0,4.17,6.89,CENTER_DUAL,361.5,41.5,1.0,,
18:17:10.482,5.8,MANUAL,0,0,0.0,0.0,0.0,4.17,6.89,CENTER_DUAL,361.8,41.8,1.0,,
18:17:11.560,5.3,MANUAL,0,0,0.0,0.0,0.0,4.17,6.89,CENTER_DUAL,362.1,42.1,1.0,,
18:17:12.627,5.0,MANUAL,0,0,0.0,0.0,0.0,4.17,6.89,CENTER_DUAL,362.3,42.3,1.0,,
18:17:13.756,5.9,MANUAL,0,0,0.0,0.0,0.0,4.17,6.89,CENTER_DUAL,362.4,42.4,1.0,,
18:17:14.860,5.4,MANUAL,0,0,0.0,0.0,0.0,4.17,6.89,CENTER_DUAL,362.5,42.5,1.0,,
18:17:16.002,5.4,MANUAL,0,0,0.0,0.0,0.0,4.17,6.89,CENTER_DUAL,362.6,42.6,1.0,,
18:17:17.197,5.3,MANUAL,0,0,0.0,0.0,0.0,4.17,6.89,CENTER_DUAL,362.7,42.7,1.0,,
18:17:18.363,5.1,MANUAL,0,0,0.0,0.0,0.0,4.17,6.89,CENTER_DUAL,362.8,42.8,1.0,,
18:17:19.551,5.4,MANUAL,0,0,0.0,0.0,0.0,4.17,6.89,CENTER_DUAL,362.8,42.8,1.0,,
18:17:20.759,4.9,MANUAL,0,0,0.0,0.0,0.0,4.17,6.89,CENTER_DUAL,362.8,42.8,1.0,,
18:17:21.879,5.4,MANUAL,0,0,0.0,0.0,0.0,4.17,6.89,CENTER_DUAL,362.9,42.9,1.0,,
18:17:22.916,5.3,MANUAL,0,0,0.0,0.0,0.0,4.17,6.89,CENTER_DUAL,362.9,42.9,1.0,,
18:17:24.064,5.2,MANUAL,0,0,0.0,0.0,0.0,4.17,6.89,CENTER_DUAL,362.9,42.9,1.0,,
18:17:25.160,5.3,MANUAL,0,0,0.0,0.0,0.0,4.17,6.89,CENTER_DUAL,362.9,42.9,1.0,,
18:17:26.294,4.9,MANUAL,0,0,0.0,0.0,0.0,4.17,6.89,CENTER_DUAL,362.9,42.9,1.0,,
18:17:27.389,5.4,MANUAL,0,0,0.0,0.0,0.0,4.17,6.89,CENTER_DUAL,362.8,42.8,1.0,,
18:17:28.478,5.4,MANUAL,0,0,0.0,0.0,0.0,4.17,6.89,CENTER_DUAL,362.9,42.9,1.0,,
18:17:29.627,5.5,MANUAL,0,0,0.0,0.0,0.0,4.17,6.89,CENTER_DUAL,362.8,42.8,1.0,,
18:17:30.706,5.5,MANUAL,0,0,0.0,0.0,0.0,4.17,6.89,CENTER_DUAL,362.6,42.6,1.0,,
18:17:31.711,4.9,MANUAL,0,0,0.0,0.0,0.0,4.17,6.89,CENTER_DUAL,358.7,38.7,1.0,,
18:17:32.869,5.2,MANUAL,0,0,0.0,0.0,0.0,4.17,6.89,CENTER_DUAL,358.9,38.9,1.0,,
18:17:34.061,5.4,MANUAL,0,0,0.0,0.0,0.0,4.17,6.89,CENTER_DUAL,359.5,39.5,1.0,,
18:17:35.324,5.0,MANUAL,0,0,0.0,0.0,0.0,4.17,6.89,CENTER_DUAL,360.0,40.0,1.0,,
18:17:36.477,5.7,MANUAL,0,0,0.0,0.0,0.0,4.17,6.89,CENTER_DUAL,360.4,40.4,1.0,,
18:17:37.515,5.5,MANUAL,0,0,0.0,0.0,0.0,4.17,6.89,CENTER_DUAL,360.9,40.9,1.0,,
18:17:38.600,5.4,MANUAL,0,0,0.0,0.0,0.0,4.17,6.89,CENTER_DUAL,361.3,41.3,1.0,,
18:17:39.761,5.4,MANUAL,0,0,0.0,0.0,0.0,4.17,6.89,CENTER_DUAL,361.6,41.6,1.0,,
18:17:40.891,5.4,MANUAL,0,0,0.0,0.0,0.0,4.17,6.89,CENTER_DUAL,361.8,41.8,1.0,,
18:17:41.932,6.5,MANUAL,0,0,0.0,0.0,0.0,4.17,6.89,CENTER_DUAL,362.1,42.1,1.0,,
18:17:43.043,5.1,MANUAL,0,0,0.0,0.0,0.0,4.17,6.89,CENTER_DUAL,362.2,42.2,1.0,,
18:17:44.167,5.0,MANUAL,0,0,0.0,0.0,0.0,4.17,6.89,CENTER_DUAL,362.6,42.6,1.0,,
18:17:45.285,5.3,MANUAL,0,0,0.0,0.0,0.0,4.17,6.89,CENTER_DUAL,362.2,42.2,1.0,,
18:17:46.440,6.5,MANUAL,0,0,0.0,0.0,0.0,4.17,6.89,CENTER_DUAL,351.7,31.7,1.0,,
18:17:47.491,5.5,MANUAL,0,0,0.0,0.0,0.0,4.17,6.89,CENTER_DUAL,351.0,31.0,1.0,,
18:17:48.523,6.4,MANUAL,0,0,0.0,0.0,0.0,4.17,6.89,CENTER_DUAL,352.0,32.0,1.0,,
18:17:49.612,5.9,MANUAL,0,0,0.0,0.0,0.0,4.17,6.89,CENTER_DUAL,352.9,32.9,1.0,,
18:17:50.701,6.0,MANUAL,0,0,0.0,0.0,0.0,4.17,6.89,CENTER_DUAL,353.8,33.8,1.0,,
18:17:51.741,5.7,MANUAL,0,0,0.0,0.0,0.0,4.17,6.89,CENTER_DUAL,354.6,34.6,1.0,,
18:17:52.871,5.7,MANUAL,0,0,0.0,0.0,0.0,4.17,6.89,CENTER_DUAL,355.7,35.7,1.0,,
18:17:53.944,5.6,MANUAL,0,0,0.0,0.0,0.0,4.17,6.89,CENTER_DUAL,356.7,36.7,1.0,,
18:17:54.995,5.8,MANUAL,0,0,0.0,0.0,0.0,4.17,6.89,CENTER_DUAL,357.6,37.6,1.0,,
18:17:56.059,5.8,MANUAL,0,0,0.0,0.0,0.0,4.17,6.89,CENTER_DUAL,358.3,38.3,1.0,,
18:17:57.288,4.5,MANUAL,0,0,0.0,0.0,0.0,4.17,6.89,CENTER_DUAL,358.7,38.7,1.0,,
18:17:58.354,5.0,MANUAL,0,0,0.0,0.0,0.0,4.17,6.89,CENTER_DUAL,359.2,39.2,1.0,,
18:17:59.535,4.9,MANUAL,0,0,0.0,0.0,0.0,4.17,6.89,CENTER_DUAL,360.0,40.0,1.0,,
18:18:00.671,4.6,MANUAL,0,0,0.0,0.0,0.0,4.17,6.89,CENTER_DUAL,360.8,40.8,1.0,,
18:18:01.739,5.5,MANUAL,0,0,0.0,0.0,0.0,4.17,6.89,CENTER_DUAL,361.5,41.5,1.0,,
18:18:02.791,5.3,MANUAL,0,0,0.0,0.0,0.0,4.17,6.89,CENTER_DUAL,362.0,42.0,1.0,,
18:18:03.792,6.3,MANUAL,0,0,0.0,0.0,0.0,4.17,6.89,CENTER_DUAL,362.3,42.3,1.0,,
18:18:04.960,5.3,MANUAL,0,0,0.0,0.0,0.0,4.17,6.89,CENTER_DUAL,362.6,42.6,1.0,,
18:18:06.039,6.2,MANUAL,0,0,0.0,0.0,0.0,4.17,6.89,CENTER_DUAL,362.8,42.8,1.0,,
18:18:07.048,12.3,MANUAL,0,0,0.0,0.0,0.0,4.17,6.89,CENTER_DUAL,362.9,42.9,1.0,,
18:18:08.148,6.1,MANUAL,0,0,0.0,0.0,0.0,4.17,6.89,CENTER_DUAL,363.0,43.0,1.0,,
18:18:09.188,6.1,MANUAL,0,0,0.0,0.0,0.0,4.17,6.89,CENTER_DUAL,363.1,43.1,1.0,,
18:18:10.291,4.8,MANUAL,0,0,0.0,0.0,0.0,4.17,6.89,CENTER_DUAL,363.2,43.2,1.0,,
18:18:11.428,4.8,MANUAL,0,0,0.0,0.0,0.0,4.17,6.89,CENTER_DUAL,363.3,43.3,1.0,,
18:18:12.530,5.1,MANUAL,0,0,0.0,0.0,0.0,4.17,6.89,CENTER_DUAL,363.3,43.3,1.0,,
18:18:13.627,5.9,MANUAL,0,0,0.0,0.0,0.0,4.17,6.89,CENTER_DUAL,363.4,43.4,1.0,,
18:18:14.772,6.6,MANUAL,0,0,0.0,0.0,0.0,4.17,6.89,CENTER_DUAL,363.4,43.4,1.0,,
18:18:15.796,5.6,MANUAL,0,0,0.0,0.0,0.0,4.17,6.89,CENTER_DUAL,363.4,43.4,1.0,,
18:18:16.868,5.4,MANUAL,0,0,0.0,0.0,0.0,4.17,6.89,CENTER_DUAL,363.4,43.4,1.0,,
18:18:18.030,5.4,MANUAL,0,0,0.0,0.0,0.0,4.17,6.89,CENTER_DUAL,363.3,43.3,1.0,,
18:18:19.147,5.8,MANUAL,0,0,0.0,0.0,0.0,4.17,6.89,CENTER_DUAL,363.2,43.2,1.0,,
18:18:20.189,6.4,MANUAL,0,0,0.0,0.0,0.0,4.17,6.89,CENTER_DUAL,362.8,42.8,1.0,,
18:18:21.274,6.4,MANUAL,0,0,0.0,0.0,0.0,4.17,6.89,CENTER_DUAL,361.6,41.6,1.0,,
18:18:22.341,6.0,MANUAL,0,0,0.0,0.0,0.0,4.17,6.89,CENTER_DUAL,361.3,41.3,1.0,,
18:18:23.428,5.1,MANUAL,0,0,0.0,0.0,0.0,4.17,6.89,CENTER_DUAL,361.6,41.6,1.0,,
18:18:24.582,5.8,MANUAL,0,0,0.0,0.0,0.0,4.17,6.89,CENTER_DUAL,361.6,41.6,1.0,,
18:18:25.591,5.4,MANUAL,0,0,0.0,0.0,0.0,4.17,6.89,CENTER_DUAL,361.6,41.6,1.0,,
18:18:26.644,4.9,MANUAL,0,0,0.0,0.0,0.0,4.17,6.89,CENTER_DUAL,361.4,41.4,1.0,,
18:18:27.750,5.9,MANUAL,0,0,0.0,0.0,0.0,4.17,6.89,CENTER_DUAL,361.0,41.0,1.0,,
18:18:28.822,6.2,MANUAL,0,0,0.0,0.0,0.0,4.17,6.89,CENTER_DUAL,360.8,40.8,1.0,,
18:18:29.888,6.4,MANUAL,0,0,0.0,0.0,0.0,4.17,6.89,CENTER_DUAL,360.6,40.6,1.0,,
18:18:30.955,5.8,MANUAL,0,0,0.0,0.0,0.0,4.17,6.89,CENTER_DUAL,360.4,40.4,1.0,,
18:18:32.117,6.5,MANUAL,0,0,0.0,0.0,0.0,4.17,6.89,CENTER_DUAL,360.3,40.3,1.0,,
18:18:33.173,4.9,MANUAL,0,0,0.0,0.0,0.0,4.17,6.89,CENTER_DUAL,360.2,40.2,1.0,,
18:18:34.251,5.4,MANUAL,0,0,0.0,0.0,0.0,4.17,6.89,CENTER_DUAL,360.2,40.2,1.0,,
18:18:35.292,5.5,MANUAL,0,0,0.0,0.0,0.0,4.17,6.89,CENTER_DUAL,360.2,40.2,1.0,,
18:18:36.303,5.8,MANUAL,0,0,0.0,0.0,0.0,4.17,6.89,CENTER_DUAL,360.2,40.2,1.0,,
18:18:37.355,5.4,MANUAL,0,0,0.0,0.0,0.0,4.17,6.89,CENTER_DUAL,360.1,40.1,1.0,,
18:18:38.462,5.8,MANUAL,0,0,0.0,0.0,0.0,4.17,6.89,CENTER_DUAL,360.1,40.1,1.0,,
18:18:39.617,5.9,MANUAL,0,0,0.0,0.0,0.0,4.17,6.89,CENTER_DUAL,360.1,40.1,1.0,,
18:18:40.634,5.9,MANUAL,0,0,0.0,0.0,0.0,4.17,6.89,CENTER_DUAL,360.0,40.0,1.0,,
18:18:41.671,5.9,MANUAL,0,0,0.0,0.0,0.0,4.17,6.89,CENTER_DUAL,360.0,40.0,1.0,,
18:18:42.690,5.9,MANUAL,0,0,0.0,0.0,0.0,4.17,6.89,CENTER_DUAL,359.9,39.9,1.0,,
18:18:43.846,5.4,MANUAL,0,0,0.0,0.0,0.0,4.17,6.89,CENTER_DUAL,359.9,39.9,1.0,,
18:18:44.924,5.4,MANUAL,0,0,0.0,0.0,0.0,4.17,6.89,CENTER_DUAL,359.9,39.9,1.0,,
18:18:46.034,5.4,MANUAL,0,0,0.0,0.0,0.0,4.17,6.89,CENTER_DUAL,359.9,39.9,1.0,,
18:18:47.066,5.8,MANUAL,0,0,0.0,0.0,0.0,4.17,6.89,CENTER_DUAL,359.9,39.9,1.0,,
18:18:48.089,6.5,MANUAL,0,0,0.0,0.0,0.0,4.17,6.89,CENTER_DUAL,359.9,39.9,1.0,,
18:18:49.125,6.0,MANUAL,0,0,0.0,0.0,0.0,4.17,6.89,CENTER_DUAL,359.9,39.9,1.0,,
18:18:50.216,6.5,MANUAL,0,0,0.0,0.0,0.0,4.17,6.89,CENTER_DUAL,359.9,39.9,1.0,,
18:18:51.255,5.9,MANUAL,0,0,0.0,0.0,0.0,4.17,6.89,CENTER_DUAL,359.9,39.9,1.0,,
18:18:52.349,5.2,MANUAL,0,0,0.0,0.0,0.0,4.17,6.89,CENTER_DUAL,359.9,39.9,1.0,,
18:18:53.555,5.7,MANUAL,0,0,0.0,0.0,0.0,4.17,6.89,CENTER_DUAL,359.9,39.9,1.0,,
18:18:54.636,5.4,MANUAL,0,0,0.0,0.0,0.0,4.17,6.89,CENTER_DUAL,359.9,39.9,1.0,,
18:18:55.684,6.5,MANUAL,0,0,0.0,0.0,0.0,4.17,6.89,CENTER_DUAL,359.9,39.9,1.0,,
18:18:56.711,5.7,MANUAL,0,0,0.0,0.0,0.0,4.17,6.89,CENTER_DUAL,360.0,40.0,1.0,,
18:18:57.749,5.9,MANUAL,0,0,0.0,0.0,0.0,4.17,6.89,CENTER_DUAL,360.0,40.0,1.0,,
18:18:58.858,6.9,MANUAL,0,0,0.0,0.0,0.0,4.17,6.89,CENTER_DUAL,360.1,40.1,1.0,,
18:18:59.884,4.9,MANUAL,0,0,0.0,0.0,0.0,4.17,6.89,CENTER_DUAL,360.1,40.1,1.0,,
18:19:00.959,5.9,MANUAL,0,0,0.0,0.0,0.0,4.17,6.89,CENTER_DUAL,360.1,40.1,1.0,,
18:19:02.102,5.8,MANUAL,0,0,0.0,0.0,0.0,4.17,6.89,CENTER_DUAL,360.1,40.1,1.0,,
18:19:03.215,5.4,MANUAL,0,0,0.0,0.0,0.0,4.17,6.89,CENTER_DUAL,360.1,40.1,1.0,,
18:19:04.315,5.7,MANUAL,0,0,0.0,0.0,0.0,4.17,6.89,CENTER_DUAL,360.1,40.1,1.0,,
18:19:05.383,5.4,MANUAL,0,0,0.0,0.0,0.0,4.17,6.89,CENTER_DUAL,360.1,40.1,1.0,,
18:19:06.527,5.4,MANUAL,0,0,0.0,0.0,0.0,4.17,6.89,CENTER_DUAL,364.3,44.3,1.0,,
18:19:07.624,5.8,MANUAL,0,0,0.0,0.0,0.0,4.17,6.89,CENTER_DUAL,360.2,40.2,1.0,,
18:19:08.707,5.6,MANUAL,0,0,0.0,0.0,0.0,4.17,6.89,CENTER_DUAL,358.9,38.9,1.0,,
18:19:09.756,5.3,MANUAL,0,0,0.0,0.0,0.0,4.17,6.89,CENTER_DUAL,351.9,31.9,1.0,,
18:19:10.810,5.8,MANUAL,0,0,0.0,0.0,0.0,4.17,6.89,CENTER_DUAL,349.3,29.3,1.0,,
18:19:11.839,6.4,MANUAL,0,0,0.0,0.0,0.0,4.17,6.89,CENTER_DUAL,349.4,29.4,1.0,,
18:19:12.940,6.3,MANUAL,0,0,0.0,0.0,0.0,4.17,6.89,CENTER_DUAL,347.2,27.2,1.0,,
18:19:14.033,5.4,MANUAL,0,0,0.0,0.0,0.0,4.17,6.89,CENTER_DUAL,346.6,26.6,1.0,,
18:19:15.162,5.7,MANUAL,0,0,0.0,0.0,0.0,4.17,6.89,CENTER_DUAL,346.2,26.2,1.0,,
18:19:16.264,5.3,MANUAL,0,0,0.0,0.0,0.0,4.17,6.89,CENTER_DUAL,346.3,26.3,1.0,,
18:19:17.362,5.9,MANUAL,0,0,0.0,0.0,0.0,4.17,6.89,CENTER_DUAL,350.3,30.3,1.0,,
18:19:18.433,6.5,MANUAL,0,0,0.0,0.0,0.0,4.17,6.89,CENTER_DUAL,351.4,31.4,1.0,,
18:19:19.528,5.0,MANUAL,0,0,0.0,0.0,0.0,4.17,6.89,CENTER_DUAL,352.2,32.2,1.0,,
18:19:20.627,5.5,MANUAL,0,0,0.0,0.0,0.0,4.17,6.89,CENTER_DUAL,352.8,32.8,1.0,,
18:19:21.753,5.4,MANUAL,0,0,0.0,0.0,0.0,4.17,6.89,CENTER_DUAL,352.6,32.6,1.0,,
18:19:22.886,5.8,MANUAL,0,0,0.0,0.0,0.0,4.17,6.89,CENTER_DUAL,355.9,35.9,1.0,,
18:19:23.976,5.7,MANUAL,0,0,0.0,0.0,0.0,4.17,6.89,CENTER_DUAL,356.6,36.6,1.0,,
18:19:25.123,5.0,MANUAL,0,0,0.0,0.0,0.0,4.17,6.89,CENTER_DUAL,356.9,36.9,1.0,,
18:19:26.245,5.5,MANUAL,0,0,0.0,0.0,0.0,4.17,6.89,CENTER_DUAL,357.3,37.3,1.0,,
18:19:27.373,5.6,MANUAL,0,0,0.0,0.0,0.0,4.17,6.89,CENTER_DUAL,358.1,38.1,1.0,,
18:19:28.521,4.7,MANUAL,0,0,0.0,0.0,0.0,4.17,6.89,CENTER_DUAL,358.6,38.6,1.0,,
18:19:29.655,5.1,MANUAL,0,0,0.0,0.0,0.0,4.17,6.89,CENTER_DUAL,358.9,38.9,1.0,,
18:19:30.818,4.6,MANUAL,0,0,0.0,0.0,0.0,4.17,6.89,CENTER_DUAL,359.3,39.3,1.0,,
18:19:31.957,5.7,MANUAL,0,0,0.0,0.0,0.0,4.17,6.89,CENTER_DUAL,359.7,39.7,1.0,,
18:19:33.078,5.6,MANUAL,0,0,0.0,0.0,0.0,4.17,6.89,CENTER_DUAL,360.0,40.0,1.0,,
18:19:34.256,5.4,MANUAL,0,0,0.0,0.0,0.0,4.17,6.89,CENTER_DUAL,360.2,40.2,1.0,,
18:19:35.260,10.8,MANUAL,0,0,0.0,0.0,0.0,4.17,6.89,CENTER_DUAL,360.2,40.2,1.0,,
18:19:36.312,5.9,MANUAL,0,0,0.0,0.0,0.0,4.17,6.89,CENTER_DUAL,360.3,40.3,1.0,,
18:19:37.396,4.9,MANUAL,0,0,0.0,0.0,0.0,4.17,6.89,CENTER_DUAL,360.3,40.3,1.0,,
18:19:38.455,5.8,MANUAL,0,0,0.0,0.0,0.0,4.17,6.89,CENTER_DUAL,360.2,40.2,1.0,,
18:19:39.599,5.3,MANUAL,0,0,0.0,0.0,0.0,4.17,6.89,CENTER_DUAL,360.3,40.3,1.0,,
18:19:40.716,6.0,MANUAL,0,0,0.0,0.0,0.0,4.17,6.89,CENTER_DUAL,360.4,40.4,1.0,,
18:19:41.796,5.3,MANUAL,0,0,0.0,0.0,0.0,4.17,6.89,CENTER_DUAL,360.5,40.5,1.0,,
18:19:42.906,5.5,MANUAL,0,0,0.0,0.0,0.0,4.17,6.89,CENTER_DUAL,360.3,40.3,1.0,,
18:19:44.012,5.0,MANUAL,0,0,0.0,0.0,0.0,4.17,6.89,CENTER_DUAL,360.1,40.1,1.0,,
18:19:45.168,5.4,MANUAL,0,0,0.0,0.0,0.0,4.17,6.89,CENTER_DUAL,359.9,39.9,1.0,,
18:19:46.250,5.3,MANUAL,0,0,0.0,0.0,0.0,4.17,6.89,CENTER_DUAL,359.8,39.8,1.0,,
18:19:47.378,5.4,MANUAL,0,0,0.0,0.0,0.0,4.17,6.89,CENTER_DUAL,359.7,39.7,1.0,,
18:19:48.590,4.5,MANUAL,0,0,0.0,0.0,0.0,4.17,6.89,CENTER_DUAL,359.8,39.8,1.0,,
18:19:49.707,5.4,MANUAL,0,0,0.0,0.0,0.0,4.17,6.89,CENTER_DUAL,359.8,39.8,1.0,,
18:19:50.746,6.2,MANUAL,0,0,0.0,0.0,0.0,4.17,6.89,CENTER_DUAL,359.8,39.8,1.0,,
18:19:51.852,4.7,MANUAL,0,0,0.0,0.0,0.0,4.17,6.89,CENTER_DUAL,359.9,39.9,1.0,,
18:19:52.970,5.1,MANUAL,0,0,0.0,0.0,0.0,4.17,6.89,CENTER_DUAL,360.0,40.0,1.0,,
18:19:54.077,5.4,MANUAL,0,0,0.0,0.0,0.0,4.17,6.89,CENTER_DUAL,360.1,40.1,1.0,,
18:19:55.141,5.8,MANUAL,0,0,0.0,0.0,0.0,4.17,6.89,CENTER_DUAL,360.2,40.2,1.0,,
18:19:56.250,5.8,MANUAL,0,0,0.0,0.0,0.0,4.17,6.89,CENTER_DUAL,360.3,40.3,1.0,,
18:19:57.315,6.0,MANUAL,0,0,0.0,0.0,0.0,4.17,6.89,CENTER_DUAL,360.5,40.5,1.0,,
18:19:58.384,5.4,MANUAL,0,0,0.0,0.0,0.0,4.17,6.89,CENTER_DUAL,360.5,40.5,1.0,,
18:19:59.408,5.4,MANUAL,0,0,0.0,0.0,0.0,4.17,6.89,CENTER_DUAL,360.6,40.6,1.0,,
18:20:00.472,5.0,MANUAL,0,0,0.0,0.0,0.0,4.17,6.89,CENTER_DUAL,360.7,40.7,1.0,,
18:20:01.515,6.3,MANUAL,0,0,0.0,0.0,0.0,4.17,6.89,CENTER_DUAL,360.7,40.7,1.0,,
18:20:02.569,7.2,MANUAL,0,0,0.0,0.0,0.0,4.17,6.89,CENTER_DUAL,360.7,40.7,1.0,,
18:20:03.665,4.9,MANUAL,0,0,0.0,0.0,0.0,4.17,6.89,CENTER_DUAL,360.7,40.7,1.0,,
18:20:04.807,5.4,MANUAL,0,0,0.0,0.0,0.0,4.17,6.89,CENTER_DUAL,360.7,40.7,1.0,,
18:20:05.888,5.9,MANUAL,0,0,0.0,0.0,0.0,4.17,6.89,CENTER_DUAL,360.7,40.7,1.0,,
18:20:07.003,4.7,MANUAL,0,0,0.0,0.0,0.0,4.17,6.89,CENTER_DUAL,360.8,40.8,1.0,,
18:20:08.108,5.8,MANUAL,0,0,0.0,0.0,0.0,4.17,6.89,CENTER_DUAL,360.9,40.9,1.0,,
18:20:09.147,5.9,MANUAL,0,0,0.0,0.0,0.0,4.17,6.89,CENTER_DUAL,361.1,41.1,1.0,,
18:20:10.241,5.4,MANUAL,0,0,0.0,0.0,0.0,4.17,6.89,CENTER_DUAL,361.3,41.3,1.0,,
18:20:11.289,5.8,MANUAL,0,0,0.0,0.0,0.0,4.17,6.89,CENTER_DUAL,361.5,41.5,1.0,,
18:20:12.388,5.4,MANUAL,0,0,0.0,0.0,0.0,4.17,6.89,CENTER_DUAL,361.8,41.8,1.0,,
18:20:13.547,5.5,MANUAL,0,0,0.0,0.0,0.0,4.17,6.89,CENTER_DUAL,362.0,42.0,1.0,,
18:20:14.660,5.0,MANUAL,0,0,0.0,0.0,0.0,4.17,6.89,CENTER_DUAL,362.1,42.1,1.0,,
18:20:15.804,6.5,MANUAL,0,0,0.0,0.0,0.0,4.17,6.89,CENTER_DUAL,362.1,42.1,1.0,,
18:20:16.891,5.8,MANUAL,0,0,0.0,0.0,0.0,4.17,6.89,CENTER_DUAL,362.1,42.1,1.0,,
18:20:17.907,4.9,MANUAL,0,0,0.0,0.0,0.0,4.17,6.89,CENTER_DUAL,361.9,41.9,1.0,,
18:20:18.932,5.9,MANUAL,0,0,0.0,0.0,0.0,4.17,6.89,CENTER_DUAL,361.8,41.8,1.0,,
18:20:20.096,4.8,MANUAL,0,0,0.0,0.0,0.0,4.17,6.89,CENTER_DUAL,361.7,41.7,1.0,,
18:20:21.249,4.8,MANUAL,0,0,0.0,0.0,0.0,4.17,6.89,CENTER_DUAL,361.5,41.5,1.0,,
18:20:22.354,5.3,MANUAL,0,0,0.0,0.0,0.0,4.17,6.89,CENTER_DUAL,361.3,41.3,1.0,,
18:20:23.514,5.3,MANUAL,0,0,0.0,0.0,0.0,4.17,6.89,CENTER_DUAL,361.0,41.0,1.0,,
18:20:24.649,5.9,MANUAL,0,0,0.0,0.0,0.0,4.17,6.89,CENTER_DUAL,361.1,41.1,1.0,,
18:20:25.789,5.5,MANUAL,0,0,0.0,0.0,0.0,4.17,6.89,CENTER_DUAL,361.1,41.1,1.0,,
18:20:26.816,5.4,MANUAL,0,0,0.0,0.0,0.0,4.17,6.89,CENTER_DUAL,361.0,41.0,1.0,,
18:20:27.933,5.4,MANUAL,0,0,0.0,0.0,0.0,4.17,6.89,CENTER_DUAL,361.0,41.0,1.0,,
18:20:29.023,5.4,MANUAL,0,0,0.0,0.0,0.0,4.17,6.89,CENTER_DUAL,360.9,40.9,1.0,,
18:20:30.163,5.9,MANUAL,0,0,0.0,0.0,0.0,4.17,6.89,CENTER_DUAL,360.9,40.9,1.0,,
18:20:31.193,4.9,MANUAL,0,0,0.0,0.0,0.0,4.17,6.89,CENTER_DUAL,360.9,40.9,1.0,,
18:20:32.328,5.5,MANUAL,0,0,0.0,0.0,0.0,4.17,6.89,CENTER_DUAL,360.7,40.7,1.0,,
18:20:33.456,4.9,MANUAL,0,0,0.0,0.0,0.0,4.17,6.89,CENTER_DUAL,360.6,40.6,1.0,,
18:20:34.595,5.4,MANUAL,0,0,0.0,0.0,0.0,4.17,6.89,CENTER_DUAL,360.5,40.5,1.0,,
18:20:35.692,5.9,MANUAL,0,0,0.0,0.0,0.0,4.17,6.89,CENTER_DUAL,360.4,40.4,1.0,,
18:20:36.830,5.0,MANUAL,0,0,0.0,0.0,0.0,4.17,6.89,CENTER_DUAL,360.7,40.7,1.0,,
18:20:37.835,4.6,MANUAL,0,0,0.0,0.0,0.0,4.17,6.89,CENTER_DUAL,361.1,41.1,1.0,,
18:20:38.962,5.8,MANUAL,0,0,0.0,0.0,0.0,4.17,6.89,CENTER_DUAL,361.2,41.2,1.0,,
18:20:40.085,5.9,MANUAL,0,0,0.0,0.0,0.0,4.17,6.89,CENTER_DUAL,361.4,41.4,1.0,,
18:20:41.174,5.9,MANUAL,0,0,0.0,0.0,0.0,4.17,6.89,CENTER_DUAL,361.7,41.7,1.0,,
18:20:42.353,5.0,MANUAL,0,0,0.0,0.0,0.0,4.17,6.89,CENTER_DUAL,361.8,41.8,1.0,,
18:20:43.469,4.6,MANUAL,0,0,0.0,0.0,0.0,4.17,6.89,CENTER_DUAL,362.0,42.0,1.0,,
18:20:44.638,5.3,MANUAL,0,0,0.0,0.0,0.0,4.17,6.89,CENTER_DUAL,362.0,42.0,1.0,,
18:20:45.743,5.8,MANUAL,0,0,0.0,0.0,0.0,4.17,6.89,CENTER_DUAL,362.1,42.1,1.0,,
18:20:46.935,5.9,MANUAL,0,0,0.0,0.0,0.0,4.17,6.89,CENTER_DUAL,362.1,42.1,1.0,,
18:20:47.937,4.6,MANUAL,0,0,0.0,0.0,0.0,4.17,6.89,CENTER_DUAL,362.2,42.2,1.0,,
18:20:49.047,5.4,MANUAL,0,0,0.0,0.0,0.0,4.17,6.89,CENTER_DUAL,362.0,42.0,1.0,,
18:20:50.169,5.4,MANUAL,0,0,0.0,0.0,0.0,4.17,6.89,CENTER_DUAL,362.1,42.1,1.0,,
18:20:51.229,5.4,MANUAL,0,0,0.0,0.0,0.0,4.17,6.89,CENTER_DUAL,362.1,42.1,1.0,,
18:20:52.359,5.3,MANUAL,0,0,0.0,0.0,0.0,4.17,6.89,CENTER_DUAL,362.1,42.1,1.0,,
18:20:53.485,5.3,MANUAL,0,0,0.0,0.0,0.0,4.17,6.89,CENTER_DUAL,361.9,41.9,1.0,,
18:20:54.546,4.9,MANUAL,0,0,0.0,0.0,0.0,4.17,6.89,CENTER_DUAL,361.7,41.7,1.0,,
18:20:55.638,5.4,MANUAL,0,0,0.0,0.0,0.0,4.17,6.89,CENTER_DUAL,361.4,41.4,1.0,,
18:20:56.800,5.3,MANUAL,0,0,0.0,0.0,0.0,4.17,6.89,CENTER_DUAL,361.2,41.2,1.0,,
18:20:57.893,4.6,MANUAL,0,0,0.0,0.0,0.0,4.17,6.89,CENTER_DUAL,361.1,41.1,1.0,,
18:20:58.938,5.3,MANUAL,0,0,0.0,0.0,0.0,4.17,6.89,CENTER_DUAL,360.9,40.9,1.0,,
18:21:00.029,5.8,MANUAL,0,0,0.0,0.0,0.0,4.17,6.89,CENTER_DUAL,360.8,40.8,1.0,,
18:21:01.142,4.9,MANUAL,0,0,0.0,0.0,0.0,4.17,6.89,CENTER_DUAL,360.7,40.7,1.0,,
18:21:02.273,5.4,MANUAL,0,0,0.0,0.0,0.0,4.17,6.89,CENTER_DUAL,360.7,40.7,1.0,,
18:21:03.420,5.3,MANUAL,0,0,0.0,0.0,0.0,4.17,6.89,CENTER_DUAL,360.4,40.4,1.0,,
18:21:04.524,5.4,MANUAL,0,0,0.0,0.0,0.0,4.17,6.89,CENTER_DUAL,360.1,40.1,1.0,,
18:21:05.626,5.8,MANUAL,0,0,0.0,0.0,0.0,4.17,6.89,CENTER_DUAL,360.0,40.0,1.0,,
18:21:06.763,5.4,MANUAL,0,0,0.0,0.0,0.0,4.17,6.89,CENTER_DUAL,360.1,40.1,1.0,,
18:21:07.891,5.0,MANUAL,0,0,0.0,0.0,0.0,4.17,6.89,CENTER_DUAL,360.2,40.2,1.0,,
18:21:08.957,5.0,MANUAL,0,0,0.0,0.0,0.0,4.17,6.89,CENTER_DUAL,360.2,40.2,1.0,,
18:21:10.080,5.4,MANUAL,0,0,0.0,0.0,0.0,4.17,6.89,CENTER_DUAL,360.3,40.3,1.0,,
18:21:11.174,5.7,MANUAL,0,0,0.0,0.0,0.0,4.17,6.89,CENTER_DUAL,360.3,40.3,1.0,,
18:21:12.316,5.0,MANUAL,0,0,0.0,0.0,0.0,4.17,6.89,CENTER_DUAL,360.3,40.3,1.0,,
18:21:13.469,5.5,MANUAL,0,0,0.0,0.0,0.0,4.17,6.89,CENTER_DUAL,360.4,40.4,1.0,,
18:21:14.590,5.3,MANUAL,0,0,0.0,0.0,0.0,4.17,6.89,CENTER_DUAL,360.4,40.4,1.0,,
18:21:15.696,5.0,MANUAL,0,0,0.0,0.0,0.0,4.17,6.89,CENTER_DUAL,360.4,40.4,1.0,,
18:21:16.816,5.5,MANUAL,0,0,0.0,0.0,0.0,4.17,6.89,CENTER_DUAL,360.4,40.4,1.0,,
18:21:17.976,5.9,MANUAL,0,0,0.0,0.0,0.0,4.17,6.89,CENTER_DUAL,360.3,40.3,1.0,,
18:21:19.118,4.9,MANUAL,0,0,0.0,0.0,0.0,4.17,6.89,CENTER_DUAL,360.3,40.3,1.0,,
18:21:20.192,5.4,MANUAL,0,0,0.0,0.0,0.0,4.17,6.89,CENTER_DUAL,360.2,40.2,1.0,,
18:21:21.302,5.6,MANUAL,0,0,0.0,0.0,0.0,4.17,6.89,CENTER_DUAL,360.2,40.2,1.0,,
18:21:22.338,5.4,MANUAL,0,0,0.0,0.0,0.0,4.17,6.89,CENTER_DUAL,360.2,40.2,1.0,,
18:21:23.484,5.8,MANUAL,0,0,0.0,0.0,0.0,4.17,6.89,CENTER_DUAL,360.2,40.2,1.0,,
18:21:24.628,5.8,MANUAL,0,0,0.0,0.0,0.0,4.17,6.89,CENTER_DUAL,360.0,40.0,1.0,,
18:21:25.773,5.4,MANUAL,0,0,0.0,0.0,0.0,4.17,6.89,CENTER_DUAL,359.8,39.8,1.0,,
18:21:26.837,5.0,MANUAL,0,0,0.0,0.0,0.0,4.17,6.89,CENTER_DUAL,359.6,39.6,1.0,,
18:21:27.957,5.0,MANUAL,0,0,0.0,0.0,0.0,4.17,6.89,CENTER_DUAL,359.5,39.5,1.0,,
18:21:29.062,5.9,MANUAL,0,0,0.0,0.0,0.0,4.17,6.89,CENTER_DUAL,359.5,39.5,1.0,,
18:21:30.130,5.9,MANUAL,0,0,0.0,0.0,0.0,4.17,6.89,CENTER_DUAL,359.6,39.6,1.0,,
18:21:31.250,5.4,MANUAL,0,0,0.0,0.0,0.0,4.17,6.89,CENTER_DUAL,359.7,39.7,1.0,,
18:21:32.303,6.4,MANUAL,0,0,0.0,0.0,0.0,4.17,6.89,CENTER_DUAL,359.8,39.8,1.0,,
18:21:33.439,4.9,MANUAL,0,0,0.0,0.0,0.0,4.17,6.89,CENTER_DUAL,359.9,39.9,1.0,,
18:21:34.609,5.3,MANUAL,0,0,0.0,0.0,0.0,4.17,6.89,CENTER_DUAL,359.8,39.8,1.0,,
18:21:35.701,5.5,MANUAL,0,0,0.0,0.0,0.0,4.17,6.89,CENTER_DUAL,359.6,39.6,1.0,,
18:21:36.815,5.4,MANUAL,0,0,0.0,0.0,0.0,4.17,6.89,CENTER_DUAL,359.4,39.4,1.0,,
18:21:37.974,5.4,MANUAL,0,0,0.0,0.0,0.0,4.17,6.89,CENTER_DUAL,359.0,39.0,1.0,,
18:21:39.127,4.9,MANUAL,0,0,0.0,0.0,0.0,4.17,6.89,CENTER_DUAL,358.6,38.6,1.0,,
18:21:40.149,5.4,MANUAL,0,0,0.0,0.0,0.0,4.17,6.89,CENTER_DUAL,358.3,38.3,1.0,,
18:21:41.255,5.4,MANUAL,0,0,0.0,0.0,0.0,4.17,6.89,CENTER_DUAL,358.1,38.1,1.0,,
18:21:42.355,5.8,MANUAL,0,0,0.0,0.0,0.0,4.17,6.89,CENTER_DUAL,357.9,37.9,1.0,,
18:21:43.494,5.0,MANUAL,0,0,0.0,0.0,0.0,4.17,6.89,CENTER_DUAL,357.8,37.8,1.0,,
18:21:44.622,5.9,MANUAL,0,0,0.0,0.0,0.0,4.17,6.89,CENTER_DUAL,357.9,37.9,1.0,,
18:21:45.661,5.8,MANUAL,0,0,0.0,0.0,0.0,4.17,6.89,CENTER_DUAL,358.5,38.5,1.0,,
18:21:46.738,5.3,MANUAL,0,0,0.0,0.0,0.0,4.17,6.89,CENTER_DUAL,358.6,38.6,1.0,,
18:21:47.872,5.3,MANUAL,0,0,0.0,0.0,0.0,4.17,6.89,CENTER_DUAL,358.8,38.8,1.0,,
18:21:48.889,5.0,MANUAL,0,0,0.0,0.0,0.0,4.17,6.89,CENTER_DUAL,358.7,38.7,1.0,,
18:21:50.016,5.5,MANUAL,0,0,0.0,0.0,0.0,4.17,6.89,CENTER_DUAL,358.6,38.6,1.0,,
18:21:51.134,5.8,MANUAL,0,0,0.0,0.0,0.0,4.17,6.89,CENTER_DUAL,358.9,38.9,1.0,,
18:21:52.254,5.0,MANUAL,0,0,0.0,0.0,0.0,4.17,6.89,CENTER_DUAL,359.0,39.0,1.0,,
18:21:53.333,5.7,MANUAL,0,0,0.0,0.0,0.0,4.17,6.89,CENTER_DUAL,359.2,39.2,1.0,,
18:21:54.390,6.3,MANUAL,0,0,0.0,0.0,0.0,4.17,6.89,CENTER_DUAL,359.1,39.1,1.0,,
18:21:55.481,6.4,MANUAL,0,0,0.0,0.0,0.0,4.17,6.89,CENTER_DUAL,359.0,39.0,1.0,,
18:21:56.664,4.9,MANUAL,0,0,0.0,0.0,0.0,4.17,6.89,CENTER_DUAL,358.9,38.9,1.0,,
18:21:57.861,5.9,MANUAL,0,0,0.0,0.0,0.0,4.17,6.89,CENTER_DUAL,359.2,39.2,1.0,,
18:21:58.956,5.5,MANUAL,0,0,0.0,0.0,0.0,4.17,6.89,CENTER_DUAL,359.4,39.4,1.0,,
18:22:00.058,5.4,MANUAL,0,0,0.0,0.0,0.0,4.17,6.89,CENTER_DUAL,354.0,34.0,1.0,,
18:22:01.124,5.0,MANUAL,0,0,0.0,0.0,0.0,4.17,6.89,CENTER_DUAL,390.2,70.2,1.0,,
18:22:02.200,5.8,MANUAL,0,0,0.0,0.0,0.0,4.17,6.89,CENTER_DUAL,317.2,-2.8,1.0,,
18:22:03.371,4.9,MANUAL,0,0,0.0,0.0,0.0,4.17,6.89,CENTER_DUAL,316.1,-3.9,1.0,,
18:22:04.497,5.3,MANUAL,0,0,0.0,0.0,0.0,4.17,6.89,CENTER_DUAL,270.0,-50.0,1.0,,
18:22:05.527,6.4,MANUAL,0,0,0.0,0.0,0.0,4.17,6.89,CENTER_DUAL,281.4,-38.6,1.0,,
18:22:06.581,5.9,MANUAL,0,0,0.0,0.0,0.0,4.17,6.89,CENTER_DUAL,281.7,-38.3,1.0,,
18:22:07.603,5.7,MANUAL,0,0,0.0,0.0,0.0,4.17,6.89,CENTER_DUAL,281.8,-38.2,1.0,,
18:22:08.740,7.2,MANUAL,0,0,0.0,0.0,0.0,4.17,6.89,CENTER_DUAL,282.1,-37.9,1.0,,
18:22:09.867,4.9,MANUAL,0,0,0.0,0.0,0.0,4.17,6.89,CENTER_DUAL,282.3,-37.7,1.0,,
18:22:11.008,5.0,MANUAL,0,0,0.0,0.0,0.0,4.17,6.89,CENTER_DUAL,286.9,-33.1,1.0,,
18:22:12.048,5.4,MANUAL,0,0,0.0,0.0,0.0,4.17,6.89,CENTER_DUAL,349.2,29.2,1.0,,
18:22:13.163,6.3,MANUAL,0,0,0.0,0.0,0.0,4.17,6.89,CENTER_DUAL,389.2,69.2,1.0,,
18:22:14.230,5.6,MANUAL,0,0,0.0,0.0,0.0,4.17,6.89,CENTER_DUAL,391.7,71.7,1.0,,
18:22:15.339,5.0,MANUAL,0,0,0.0,0.0,0.0,4.17,6.89,CENTER_DUAL,442.4,122.4,1.0,,
18:22:16.388,5.9,MANUAL,0,0,0.0,0.0,0.0,4.17,6.89,CENTER_DUAL,275.8,-44.2,1.0,,
18:22:17.457,5.3,MANUAL,0,0,0.0,0.0,0.0,4.17,6.89,CENTER_DUAL,275.4,-44.6,1.0,,
18:22:18.631,5.4,MANUAL,0,0,0.0,0.0,0.0,4.17,6.89,CENTER_DUAL,270.9,-49.1,1.0,,
18:22:19.708,6.4,MANUAL,0,0,0.0,0.0,0.0,4.17,6.89,CENTER_DUAL,307.1,-12.9,1.0,,
18:22:20.815,4.6,MANUAL,0,0,0.0,0.0,0.0,4.17,6.89,CENTER_DUAL,302.4,-17.6,1.0,,
18:22:21.888,5.3,MANUAL,0,0,0.0,0.0,0.0,4.17,6.89,RIGHT_LANE_ONLY,287.5,-32.5,0.5,,
18:22:22.913,5.0,MANUAL,0,0,0.0,0.0,0.0,4.17,6.89,CENTER_DUAL,310.6,-9.4,1.0,,
18:22:23.924,5.0,MANUAL,0,0,0.0,0.0,0.0,4.17,6.89,CENTER_DUAL,323.9,3.9,1.0,,
18:22:24.964,6.6,MANUAL,0,0,0.0,0.0,0.0,4.17,6.89,CENTER_DUAL,312.2,-7.8,1.0,,
18:22:26.006,5.3,MANUAL,0,0,0.0,0.0,0.0,4.17,6.89,CENTER_DUAL,304.5,-15.5,1.0,,
18:22:27.114,5.4,MANUAL,0,0,0.0,0.0,0.0,4.17,6.89,CENTER_DUAL,291.4,-28.6,1.0,,
18:22:28.277,4.7,MANUAL,0,0,0.0,0.0,0.0,4.17,6.89,CENTER_DUAL,284.3,-35.7,1.0,,
18:22:29.464,6.3,MANUAL,0,0,0.0,0.0,0.0,4.17,6.89,CENTER_DUAL,284.3,-35.7,1.0,,
18:22:30.560,5.6,MANUAL,0,0,0.0,0.0,0.0,4.17,6.89,CENTER_DUAL,292.1,-27.9,1.0,,
18:22:31.641,6.7,MANUAL,0,0,0.0,0.0,0.0,4.17,6.89,CENTER_DUAL,314.8,-5.2,1.0,,
18:22:32.822,5.4,MANUAL,0,0,0.0,0.0,0.0,4.17,6.89,CENTER_DUAL,345.7,25.7,1.0,,
18:22:33.915,4.8,MANUAL,0,0,0.0,0.0,0.0,4.17,6.89,CENTER_DUAL,345.3,25.3,1.0,,
18:22:34.951,4.7,MANUAL,0,0,0.0,0.0,0.0,4.17,6.89,CENTER_DUAL,362.4,42.4,1.0,,
18:22:36.090,4.7,MANUAL,0,0,0.0,0.0,0.0,4.17,6.89,CENTER_DUAL,340.7,20.7,1.0,,
18:22:37.242,5.3,MANUAL,0,0,0.0,0.0,0.0,4.17,6.89,CENTER_DUAL,326.3,6.3,1.0,,
18:22:38.395,5.4,MANUAL,0,0,0.0,0.0,0.0,4.17,6.89,CENTER_DUAL,310.7,-9.3,1.0,,
18:22:39.567,4.6,MANUAL,0,0,0.0,0.0,0.0,4.17,6.89,CENTER_DUAL,293.1,-26.9,1.0,,
18:22:40.644,5.7,MANUAL,0,0,0.0,0.0,0.0,4.17,6.89,CENTER_DUAL,285.0,-35.0,1.0,,
18:22:41.766,5.4,MANUAL,0,0,0.0,0.0,0.0,4.17,6.89,CENTER_DUAL,289.1,-30.9,1.0,,
18:22:42.859,5.8,MANUAL,0,0,0.0,0.0,0.0,4.17,6.89,CENTER_DUAL,285.1,-34.9,1.0,,
18:22:43.915,5.3,MANUAL,0,0,0.0,0.0,0.0,4.17,6.89,CENTER_DUAL,293.8,-26.2,1.0,,
18:22:44.975,6.5,MANUAL,0,0,0.0,0.0,0.0,4.17,6.89,CENTER_DUAL,291.6,-28.4,1.0,,
18:22:46.101,5.4,MANUAL,0,0,0.0,0.0,0.0,4.17,6.89,CENTER_DUAL,289.1,-30.9,1.0,,
18:22:47.119,5.4,MANUAL,0,0,0.0,0.0,0.0,4.17,6.89,CENTER_DUAL,288.1,-31.9,1.0,,
18:22:48.296,5.4,MANUAL,0,0,0.0,0.0,0.0,4.17,6.89,CENTER_DUAL,287.3,-32.7,1.0,,
18:22:49.359,5.4,MANUAL,0,0,0.0,0.0,0.0,4.17,6.89,CENTER_DUAL,286.7,-33.3,1.0,,
18:22:50.526,5.0,MANUAL,0,0,0.0,0.0,0.0,4.17,6.89,CENTER_DUAL,286.4,-33.6,1.0,,
18:22:51.670,4.9,MANUAL,0,0,0.0,0.0,0.0,4.17,6.89,CENTER_DUAL,286.5,-33.5,1.0,,
18:22:52.737,4.7,MANUAL,0,0,0.0,0.0,0.0,4.17,6.89,CENTER_DUAL,286.6,-33.4,1.0,,
18:22:53.822,5.1,MANUAL,0,0,0.0,0.0,0.0,4.17,6.89,CENTER_DUAL,286.4,-33.6,1.0,,
18:22:54.831,4.6,MANUAL,0,0,0.0,0.0,0.0,4.17,6.89,CENTER_DUAL,286.3,-33.7,1.0,,
18:22:55.962,5.4,MANUAL,0,0,0.0,0.0,0.0,4.17,6.89,CENTER_DUAL,286.3,-33.7,1.0,,
18:22:57.085,5.8,MANUAL,0,0,0.0,0.0,0.0,4.17,6.89,CENTER_DUAL,286.4,-33.6,1.0,,
18:22:58.146,5.9,MANUAL,0,0,0.0,0.0,0.0,4.17,6.89,CENTER_DUAL,286.6,-33.4,1.0,,
18:22:59.148,5.0,MANUAL,0,0,0.0,0.0,0.0,4.17,6.89,CENTER_DUAL,287.3,-32.7,1.0,,
18:23:00.277,5.0,MANUAL,0,0,0.0,0.0,0.0,4.17,6.89,CENTER_DUAL,287.8,-32.2,1.0,,
18:23:01.436,5.0,MANUAL,0,0,0.0,0.0,0.0,4.17,6.89,CENTER_DUAL,288.8,-31.2,1.0,,
18:23:02.569,5.6,MANUAL,0,0,0.0,0.0,0.0,4.17,6.89,CENTER_DUAL,289.6,-30.4,1.0,,
18:23:03.714,5.4,MANUAL,0,0,0.0,0.0,0.0,4.17,6.89,CENTER_DUAL,290.4,-29.6,1.0,,
18:23:04.837,4.9,MANUAL,0,0,0.0,0.0,0.0,4.17,6.89,CENTER_DUAL,291.3,-28.7,1.0,,
18:23:05.931,5.8,MANUAL,0,0,0.0,0.0,0.0,4.17,6.89,CENTER_DUAL,291.9,-28.1,1.0,,
18:23:07.038,5.4,MANUAL,0,0,0.0,0.0,0.0,4.17,6.89,CENTER_DUAL,292.0,-28.0,1.0,,
18:23:08.170,4.9,MANUAL,0,0,0.0,0.0,0.0,4.17,6.89,CENTER_DUAL,291.7,-28.3,1.0,,
18:23:09.304,5.0,MANUAL,0,0,0.0,0.0,0.0,4.17,6.89,CENTER_DUAL,291.8,-28.2,1.0,,
18:23:10.462,5.5,MANUAL,0,0,0.0,0.0,0.0,4.17,6.89,CENTER_DUAL,297.2,-22.8,1.0,,
18:23:11.633,4.9,MANUAL,0,0,0.0,0.0,0.0,4.17,6.89,CENTER_DUAL,301.3,-18.7,1.0,,
18:23:12.752,5.0,MANUAL,0,0,0.0,0.0,0.0,4.17,6.89,CENTER_DUAL,299.0,-21.0,1.0,,
18:23:13.916,4.6,MANUAL,0,0,0.0,0.0,0.0,4.17,6.89,CENTER_DUAL,298.5,-21.5,1.0,,
18:23:15.039,5.8,MANUAL,0,0,0.0,0.0,0.0,4.17,6.89,CENTER_DUAL,298.7,-21.3,1.0,,
18:23:16.142,5.8,MANUAL,0,0,0.0,0.0,0.0,4.17,6.89,CENTER_DUAL,298.6,-21.4,1.0,,
18:23:17.322,5.0,MANUAL,0,0,0.0,0.0,0.0,4.17,6.89,CENTER_DUAL,289.9,-30.1,1.0,,
18:23:18.348,4.9,MANUAL,0,0,0.0,0.0,0.0,4.17,6.89,CENTER_DUAL,286.3,-33.7,1.0,,
18:23:19.503,5.2,MANUAL,0,0,0.0,0.0,0.0,4.17,6.89,CENTER_DUAL,285.4,-34.6,1.0,,
18:23:20.593,5.8,MANUAL,0,0,0.0,0.0,0.0,4.17,6.89,CENTER_DUAL,284.9,-35.1,1.0,,
18:23:21.640,5.4,MANUAL,0,0,0.0,0.0,0.0,4.17,6.89,CENTER_DUAL,284.5,-35.5,1.0,,
18:23:22.679,4.6,MANUAL,0,0,0.0,0.0,0.0,4.17,6.89,CENTER_DUAL,284.2,-35.8,1.0,,
18:23:23.810,4.9,MANUAL,0,0,0.0,0.0,0.0,4.17,6.89,CENTER_DUAL,283.9,-36.1,1.0,,
18:23:24.979,5.4,MANUAL,0,0,0.0,0.0,0.0,4.17,6.89,CENTER_DUAL,283.8,-36.2,1.0,,
18:23:26.129,4.9,MANUAL,0,0,0.0,0.0,0.0,4.17,6.89,CENTER_DUAL,283.8,-36.2,1.0,,
18:23:27.190,5.0,MANUAL,0,0,0.0,0.0,0.0,4.17,6.89,CENTER_DUAL,284.1,-35.9,1.0,,
18:23:28.284,5.8,MANUAL,0,0,0.0,0.0,0.0,4.17,6.89,CENTER_DUAL,285.0,-35.0,1.0,,
18:23:29.368,5.3,MANUAL,0,0,0.0,0.0,0.0,4.17,6.89,CENTER_DUAL,287.7,-32.3,1.0,,
18:23:30.504,5.6,MANUAL,0,0,0.0,0.0,0.0,4.17,6.89,CENTER_DUAL,288.7,-31.3,1.0,,
18:23:31.691,4.3,MANUAL,0,0,0.0,0.0,0.0,4.17,6.89,CENTER_DUAL,289.6,-30.4,1.0,,
18:23:32.843,5.3,MANUAL,0,0,0.0,0.0,0.0,4.17,6.89,CENTER_DUAL,292.3,-27.7,1.0,,
18:23:33.978,5.7,MANUAL,0,0,0.0,0.0,0.0,4.17,6.89,CENTER_DUAL,299.4,-20.6,1.0,,
18:23:35.077,5.9,MANUAL,0,0,0.0,0.0,0.0,4.17,6.89,CENTER_DUAL,300.5,-19.5,1.0,,
18:23:36.183,6.1,MANUAL,0,0,0.0,0.0,0.0,4.17,6.89,CENTER_DUAL,301.4,-18.6,1.0,,
18:23:37.308,4.5,MANUAL,0,0,0.0,0.0,0.0,4.17,6.89,CENTER_DUAL,302.4,-17.6,1.0,,
18:23:38.473,5.0,MANUAL,0,0,0.0,0.0,0.0,4.17,6.89,CENTER_DUAL,303.6,-16.4,1.0,,
18:23:39.587,6.0,MANUAL,0,0,0.0,0.0,0.0,4.17,6.89,CENTER_DUAL,304.6,-15.4,1.0,,
18:23:40.709,5.4,MANUAL,0,0,0.0,0.0,0.0,4.17,6.89,CENTER_DUAL,305.8,-14.2,1.0,,
18:23:41.832,4.9,MANUAL,0,0,0.0,0.0,0.0,4.17,6.89,CENTER_DUAL,306.7,-13.3,1.0,,
18:23:42.833,5.0,MANUAL,0,0,0.0,0.0,0.0,4.17,6.89,CENTER_DUAL,311.0,-9.0,1.0,,
18:23:43.891,4.9,MANUAL,0,0,0.0,0.0,0.0,4.17,6.89,CENTER_DUAL,313.1,-6.9,1.0,,
18:23:44.901,5.4,MANUAL,0,0,0.0,0.0,0.0,4.17,6.89,CENTER_DUAL,313.6,-6.4,1.0,,
18:23:46.092,4.6,MANUAL,0,0,0.0,0.0,0.0,4.17,6.89,CENTER_DUAL,313.0,-7.0,1.0,,
18:23:47.177,5.2,MANUAL,0,0,0.0,0.0,0.0,4.17,6.89,CENTER_DUAL,308.9,-11.1,1.0,,
18:23:48.311,5.7,MANUAL,0,0,0.0,0.0,0.0,4.17,6.89,CENTER_DUAL,306.4,-13.6,1.0,,
18:23:49.427,4.8,MANUAL,0,0,0.0,0.0,0.0,4.17,6.89,CENTER_DUAL,305.4,-14.6,1.0,,
18:23:50.519,4.8,MANUAL,0,0,0.0,0.0,0.0,4.17,6.89,CENTER_DUAL,304.5,-15.5,1.0,,
18:23:51.668,5.9,MANUAL,0,0,0.0,0.0,0.0,4.17,6.89,CENTER_DUAL,303.8,-16.2,1.0,,
18:23:52.788,5.3,MANUAL,0,0,0.0,0.0,0.0,4.17,6.89,CENTER_DUAL,303.4,-16.6,1.0,,
18:23:54.009,4.9,MANUAL,0,0,0.0,0.0,0.0,4.17,6.89,CENTER_DUAL,300.9,-19.1,1.0,,
18:23:55.178,5.4,MANUAL,0,0,0.0,0.0,0.0,4.17,6.89,CENTER_DUAL,300.9,-19.1,1.0,,
18:23:56.212,4.6,MANUAL,0,0,0.0,0.0,0.0,4.17,6.89,CENTER_DUAL,309.8,-10.2,1.0,,
18:23:57.222,5.3,MANUAL,0,0,0.0,0.0,0.0,4.17,6.89,CENTER_DUAL,317.1,-2.9,1.0,,
18:23:58.407,5.3,MANUAL,0,0,0.0,0.0,0.0,4.17,6.89,CENTER_DUAL,322.7,2.7,1.0,,
18:23:59.580,5.5,MANUAL,0,0,0.0,0.0,0.0,4.17,6.89,CENTER_DUAL,329.6,9.6,1.0,,
18:24:00.690,5.6,MANUAL,0,0,0.0,0.0,0.0,4.17,6.89,CENTER_DUAL,336.5,16.5,1.0,,
18:24:01.711,5.3,MANUAL,0,0,0.0,0.0,0.0,4.17,6.89,CENTER_DUAL,339.0,19.0,1.0,,
18:24:02.860,5.3,MANUAL,0,0,0.0,0.0,0.0,4.17,6.89,CENTER_DUAL,341.5,21.5,1.0,,
18:24:03.983,5.2,MANUAL,0,0,0.0,0.0,0.0,4.17,6.89,CENTER_DUAL,342.5,22.5,1.0,,
18:24:05.101,5.3,MANUAL,0,0,0.0,0.0,0.0,4.17,6.89,CENTER_DUAL,343.3,23.3,1.0,,
18:24:06.300,4.6,MANUAL,0,0,0.0,0.0,0.0,4.17,6.89,CENTER_DUAL,343.9,23.9,1.0,,
18:24:07.409,6.3,MANUAL,0,0,0.0,0.0,0.0,4.17,6.89,CENTER_DUAL,344.4,24.4,1.0,,
18:24:08.539,5.4,MANUAL,0,0,0.0,0.0,0.0,4.17,6.89,CENTER_DUAL,344.7,24.7,1.0,,
18:24:09.553,4.5,MANUAL,0,0,0.0,0.0,0.0,4.17,6.89,CENTER_DUAL,344.8,24.8,1.0,,
18:24:10.694,5.3,MANUAL,0,0,0.0,0.0,0.0,4.17,6.89,CENTER_DUAL,345.0,25.0,1.0,,
18:24:11.871,4.9,MANUAL,0,0,0.0,0.0,0.0,4.17,6.89,CENTER_DUAL,345.1,25.1,1.0,,
18:24:13.087,4.6,MANUAL,0,0,0.0,0.0,0.0,4.17,6.89,CENTER_DUAL,345.1,25.1,1.0,,
18:24:14.228,5.4,MANUAL,0,0,0.0,0.0,0.0,4.17,6.89,CENTER_DUAL,345.2,25.2,1.0,,
18:24:15.233,4.4,MANUAL,0,0,0.0,0.0,0.0,4.17,6.89,CENTER_DUAL,345.2,25.2,1.0,,
18:24:16.336,4.9,MANUAL,0,0,0.0,0.0,0.0,4.17,6.89,CENTER_DUAL,345.2,25.2,1.0,,
18:24:17.516,5.4,MANUAL,0,0,0.0,0.0,0.0,4.17,6.89,CENTER_DUAL,345.2,25.2,1.0,,
18:24:18.660,4.1,MANUAL,0,0,0.0,0.0,0.0,4.17,6.89,CENTER_DUAL,345.2,25.2,1.0,,
18:24:19.782,6.3,MANUAL,0,0,0.0,0.0,0.0,4.17,6.89,CENTER_DUAL,345.2,25.2,1.0,,
18:24:20.824,5.7,MANUAL,0,0,0.0,0.0,0.0,4.17,6.89,CENTER_DUAL,345.2,25.2,1.0,,
18:24:21.915,4.6,MANUAL,0,0,0.0,0.0,0.0,4.17,6.89,CENTER_DUAL,345.2,25.2,1.0,,
18:24:22.936,5.9,MANUAL,0,0,0.0,0.0,0.0,4.17,6.89,CENTER_DUAL,345.2,25.2,1.0,,
18:24:24.041,5.9,MANUAL,0,0,0.0,0.0,0.0,4.17,6.89,CENTER_DUAL,345.2,25.2,1.0,,
18:24:25.198,6.6,MANUAL,0,0,0.0,0.0,0.0,4.17,6.89,CENTER_DUAL,345.2,25.2,1.0,,
18:24:26.238,5.8,MANUAL,0,0,0.0,0.0,0.0,4.17,6.89,CENTER_DUAL,345.2,25.2,1.0,,
18:24:27.293,6.4,MANUAL,0,0,0.0,0.0,0.0,4.17,6.89,CENTER_DUAL,345.2,25.2,1.0,,
18:24:28.359,6.5,MANUAL,0,0,0.0,0.0,0.0,4.17,6.89,CENTER_DUAL,345.0,25.0,1.0,,
18:24:29.481,7.1,MANUAL,0,0,0.0,0.0,0.0,4.17,6.89,CENTER_DUAL,336.0,16.0,1.0,,
18:24:30.500,7.1,MANUAL,0,0,0.0,0.0,0.0,4.17,6.89,CENTER_DUAL,334.8,14.8,1.0,,
18:24:31.595,5.9,MANUAL,0,0,0.0,0.0,0.0,4.17,6.89,CENTER_DUAL,333.7,13.7,1.0,,
18:24:32.640,6.3,MANUAL,0,0,0.0,0.0,0.0,4.17,6.89,CENTER_DUAL,329.5,9.5,1.0,,
18:24:33.704,6.5,MANUAL,0,0,0.0,0.0,0.0,4.17,6.89,CENTER_DUAL,329.2,9.2,1.0,,
18:24:34.799,7.2,MANUAL,0,0,0.0,0.0,0.0,4.17,6.89,CENTER_DUAL,328.3,8.3,1.0,,
18:24:35.902,7.1,MANUAL,0,0,0.0,0.0,0.0,4.17,6.89,CENTER_DUAL,328.0,8.0,1.0,,
18:24:37.042,6.4,MANUAL,0,0,0.0,0.0,0.0,4.17,6.89,CENTER_DUAL,328.1,8.1,1.0,,
18:24:38.219,6.2,MANUAL,0,0,0.0,0.0,0.0,4.17,6.89,CENTER_DUAL,328.0,8.0,1.0,,
18:24:39.327,7.2,MANUAL,0,0,0.0,0.0,0.0,4.17,6.89,CENTER_DUAL,328.1,8.1,1.0,,
18:24:40.470,6.6,MANUAL,0,0,0.0,0.0,0.0,4.17,6.89,CENTER_DUAL,328.9,8.9,1.0,,
18:24:41.562,6.4,MANUAL,0,0,0.0,0.0,0.0,4.17,6.89,CENTER_DUAL,331.9,11.9,1.0,,
18:24:42.588,7.0,MANUAL,0,0,0.0,0.0,0.0,4.17,6.89,CENTER_DUAL,334.8,14.8,1.0,,
18:24:43.642,7.1,MANUAL,0,0,0.0,0.0,0.0,4.17,6.89,CENTER_DUAL,336.2,16.2,1.0,,
18:24:44.676,7.0,MANUAL,0,0,0.0,0.0,0.0,4.17,6.89,CENTER_DUAL,337.5,17.5,1.0,,
18:24:45.709,7.1,MANUAL,0,0,0.0,0.0,0.0,4.17,6.89,CENTER_DUAL,338.5,18.5,1.0,,
18:24:46.797,6.3,MANUAL,0,0,0.0,0.0,0.0,4.17,6.89,CENTER_DUAL,339.1,19.1,1.0,,
18:24:47.862,7.1,MANUAL,0,0,0.0,0.0,0.0,4.17,6.89,CENTER_DUAL,339.4,19.4,1.0,,
18:24:48.885,8.0,MANUAL,0,0,0.0,0.0,0.0,4.17,6.89,CENTER_DUAL,339.7,19.7,1.0,,
18:24:50.017,6.4,MANUAL,0,0,0.0,0.0,0.0,4.17,6.89,CENTER_DUAL,339.7,19.7,1.0,,
18:24:51.040,5.5,MANUAL,0,0,0.0,0.0,0.0,4.17,6.89,CENTER_DUAL,332.6,12.6,1.0,,
18:24:52.112,5.0,MANUAL,0,0,0.0,0.0,0.0,4.17,6.89,CENTER_DUAL,330.3,10.3,1.0,,
18:24:53.127,6.0,MANUAL,0,0,0.0,0.0,0.0,4.17,6.89,CENTER_DUAL,329.8,9.8,1.0,,
18:24:54.200,5.8,MANUAL,0,0,0.0,0.0,0.0,4.17,6.89,CENTER_DUAL,329.5,9.5,1.0,,
18:24:55.240,5.8,MANUAL,0,0,0.0,0.0,0.0,4.17,6.89,CENTER_DUAL,329.3,9.3,1.0,,
18:24:56.267,5.9,MANUAL,0,0,0.0,0.0,0.0,4.17,6.89,CENTER_DUAL,329.1,9.1,1.0,,
18:24:57.270,5.4,MANUAL,0,0,0.0,0.0,0.0,4.17,6.89,CENTER_DUAL,329.0,9.0,1.0,,
18:24:58.321,5.8,MANUAL,0,0,0.0,0.0,0.0,4.17,6.89,CENTER_DUAL,329.0,9.0,1.0,,
18:24:59.428,6.4,MANUAL,0,0,0.0,0.0,0.0,4.17,6.89,CENTER_DUAL,328.9,8.9,1.0,,
18:25:00.477,6.5,MANUAL,0,0,0.0,0.0,0.0,4.17,6.89,CENTER_DUAL,328.8,8.8,1.0,,
18:25:01.488,6.4,MANUAL,0,0,0.0,0.0,0.0,4.17,6.89,CENTER_DUAL,328.8,8.8,1.0,,
18:25:02.672,6.3,MANUAL,0,0,0.0,0.0,0.0,4.17,6.89,CENTER_DUAL,328.8,8.8,1.0,,
18:25:03.704,6.0,MANUAL,0,0,0.0,0.0,0.0,4.17,6.89,CENTER_DUAL,328.8,8.8,1.0,,
18:25:04.742,6.2,MANUAL,0,0,0.0,0.0,0.0,4.17,6.89,CENTER_DUAL,328.8,8.8,1.0,,
18:25:05.823,6.3,MANUAL,0,0,0.0,0.0,0.0,4.17,6.89,CENTER_DUAL,328.8,8.8,1.0,,
18:25:06.849,5.4,MANUAL,0,0,0.0,0.0,0.0,4.17,6.89,CENTER_DUAL,329.2,9.2,1.0,,
18:25:07.894,5.4,MANUAL,0,0,0.0,0.0,0.0,4.17,6.89,CENTER_DUAL,329.5,9.5,1.0,,
18:25:08.913,5.8,MANUAL,0,0,0.0,0.0,0.0,4.17,6.89,CENTER_DUAL,329.7,9.7,1.0,,
18:25:10.054,5.2,MANUAL,0,0,0.0,0.0,0.0,4.17,6.89,CENTER_DUAL,330.1,10.1,1.0,,
18:25:11.072,5.9,MANUAL,0,0,0.0,0.0,0.0,4.17,6.89,CENTER_DUAL,330.2,10.2,1.0,,
18:25:12.144,5.0,MANUAL,0,0,0.0,0.0,0.0,4.17,6.89,CENTER_DUAL,330.2,10.2,1.0,,
18:25:13.219,5.5,MANUAL,0,0,0.0,0.0,0.0,4.17,6.89,CENTER_DUAL,330.3,10.3,1.0,,
18:25:14.302,7.1,MANUAL,0,0,0.0,0.0,0.0,4.17,6.89,CENTER_DUAL,330.3,10.3,1.0,,
18:25:15.360,5.9,MANUAL,0,0,0.0,0.0,0.0,4.17,6.89,CENTER_DUAL,330.4,10.4,1.0,,
18:25:16.491,6.2,MANUAL,0,0,0.0,0.0,0.0,4.17,6.89,CENTER_DUAL,330.1,10.1,1.0,,
18:25:17.529,5.8,MANUAL,0,0,0.0,0.0,0.0,4.17,6.89,CENTER_DUAL,330.0,10.0,1.0,,
18:25:18.620,6.4,MANUAL,0,0,0.0,0.0,0.0,4.17,6.89,CENTER_DUAL,329.9,9.9,1.0,,
18:25:19.732,5.4,MANUAL,0,0,0.0,0.0,0.0,4.17,6.89,CENTER_DUAL,330.0,10.0,1.0,,
18:25:20.823,7.2,MANUAL,0,0,0.0,0.0,0.0,4.17,6.89,CENTER_DUAL,330.1,10.1,1.0,,
18:25:21.882,5.4,MANUAL,0,0,0.0,0.0,0.0,4.17,6.89,CENTER_DUAL,330.0,10.0,1.0,,
18:25:23.011,5.4,MANUAL,0,0,0.0,0.0,0.0,4.17,6.89,CENTER_DUAL,330.0,10.0,1.0,,
18:25:24.058,6.4,MANUAL,0,0,0.0,0.0,0.0,4.17,6.89,CENTER_DUAL,329.9,9.9,1.0,,
18:25:25.132,5.3,MANUAL,0,0,0.0,0.0,0.0,4.17,6.89,CENTER_DUAL,330.0,10.0,1.0,,
18:25:26.187,5.4,MANUAL,0,0,0.0,0.0,0.0,4.17,6.89,CENTER_DUAL,329.7,9.7,1.0,,
18:25:27.212,6.5,MANUAL,0,0,0.0,0.0,0.0,4.17,6.89,CENTER_DUAL,329.5,9.5,1.0,,
18:25:28.341,6.4,MANUAL,0,0,0.0,0.0,0.0,4.17,6.89,CENTER_DUAL,330.1,10.1,1.0,,
18:25:29.474,6.8,MANUAL,0,0,0.0,0.0,0.0,4.17,6.89,CENTER_DUAL,334.1,14.1,1.0,,
18:25:30.494,6.4,MANUAL,0,0,0.0,0.0,0.0,4.17,6.89,CENTER_DUAL,338.4,18.4,1.0,,
18:25:31.625,7.2,MANUAL,0,0,0.0,0.0,0.0,4.17,6.89,CENTER_DUAL,349.5,29.5,1.0,,
18:25:32.675,6.6,MANUAL,0,0,0.0,0.0,0.0,4.17,6.89,CENTER_DUAL,351.1,31.1,1.0,,
18:25:33.742,7.9,MANUAL,0,0,0.0,0.0,0.0,4.17,6.89,CENTER_DUAL,352.4,32.4,1.0,,
18:25:34.817,6.3,MANUAL,0,0,0.0,0.0,0.0,4.17,6.89,CENTER_DUAL,353.3,33.3,1.0,,
18:25:35.866,7.2,MANUAL,0,0,0.0,0.0,0.0,4.17,6.89,CENTER_DUAL,353.9,33.9,1.0,,
18:25:36.994,7.1,MANUAL,0,0,0.0,0.0,0.0,4.17,6.89,CENTER_DUAL,354.3,34.3,1.0,,
18:25:38.150,6.4,MANUAL,0,0,0.0,0.0,0.0,4.17,6.89,CENTER_DUAL,354.6,34.6,1.0,,
18:25:39.285,6.4,MANUAL,0,0,0.0,0.0,0.0,4.17,6.89,CENTER_DUAL,354.9,34.9,1.0,,
18:25:40.420,5.8,MANUAL,0,0,0.0,0.0,0.0,4.17,6.89,CENTER_DUAL,355.0,35.0,1.0,,
18:25:41.552,5.9,MANUAL,0,0,0.0,0.0,0.0,4.17,6.89,CENTER_DUAL,355.0,35.0,1.0,,
18:25:42.571,5.5,MANUAL,0,0,0.0,0.0,0.0,4.17,6.89,CENTER_DUAL,355.0,35.0,1.0,,
18:25:43.660,6.5,MANUAL,0,0,0.0,0.0,0.0,4.17,6.89,CENTER_DUAL,355.0,35.0,1.0,,
18:25:44.742,6.7,MANUAL,0,0,0.0,0.0,0.0,4.17,6.89,CENTER_DUAL,355.0,35.0,1.0,,
18:25:45.812,6.3,MANUAL,0,0,0.0,0.0,0.0,4.17,6.89,CENTER_DUAL,355.1,35.1,1.0,,
18:25:46.839,5.8,MANUAL,0,0,0.0,0.0,0.0,4.17,6.89,CENTER_DUAL,356.5,36.5,1.0,,
18:25:47.959,5.6,MANUAL,0,0,0.0,0.0,0.0,4.17,6.89,CENTER_DUAL,356.1,36.1,1.0,,
18:25:49.061,6.6,MANUAL,0,0,0.0,0.0,0.0,4.17,6.89,CENTER_DUAL,355.6,35.6,1.0,,
18:25:50.245,6.4,MANUAL,0,0,0.0,0.0,0.0,4.17,6.89,CENTER_DUAL,355.2,35.2,1.0,,
18:25:51.321,5.4,MANUAL,0,0,0.0,0.0,0.0,4.17,6.89,CENTER_DUAL,355.1,35.1,1.0,,
18:25:52.454,5.4,MANUAL,0,0,0.0,0.0,0.0,4.17,6.89,CENTER_DUAL,355.0,35.0,1.0,,
18:25:53.547,6.4,MANUAL,0,0,0.0,0.0,0.0,4.17,6.89,CENTER_DUAL,355.0,35.0,1.0,,
18:25:54.652,7.1,MANUAL,0,0,0.0,0.0,0.0,4.17,6.89,CENTER_DUAL,355.0,35.0,1.0,,
18:25:55.756,6.4,MANUAL,0,0,0.0,0.0,0.0,4.17,6.89,CENTER_DUAL,355.0,35.0,1.0,,
18:25:56.769,5.8,MANUAL,0,0,0.0,0.0,0.0,4.17,6.89,CENTER_DUAL,357.5,37.5,1.0,,
18:25:57.897,5.8,MANUAL,0,0,0.0,0.0,0.0,4.17,6.89,CENTER_DUAL,349.3,29.3,1.0,,
18:25:59.007,5.9,MANUAL,0,0,0.0,0.0,0.0,4.17,6.89,CENTER_DUAL,338.1,18.1,1.0,,
18:26:00.017,5.8,MANUAL,0,0,0.0,0.0,0.0,4.17,6.89,CENTER_DUAL,331.3,11.3,1.0,,
18:26:01.083,5.9,MANUAL,0,0,0.0,0.0,0.0,4.17,6.89,CENTER_DUAL,330.1,10.1,1.0,,
18:26:02.175,4.9,MANUAL,0,0,0.0,0.0,0.0,4.17,6.89,CENTER_DUAL,329.2,9.2,1.0,,
18:26:03.218,5.8,MANUAL,0,0,0.0,0.0,0.0,4.17,6.89,CENTER_DUAL,328.6,8.6,1.0,,
18:26:04.326,5.2,MANUAL,0,0,0.0,0.0,0.0,4.17,6.89,CENTER_DUAL,328.5,8.5,1.0,,
18:26:05.415,5.5,MANUAL,0,0,0.0,0.0,0.0,4.17,6.89,CENTER_DUAL,328.5,8.5,1.0,,
18:26:06.570,5.3,MANUAL,0,0,0.0,0.0,0.0,4.17,6.89,CENTER_DUAL,328.6,8.6,1.0,,
18:26:07.603,5.8,MANUAL,0,0,0.0,0.0,0.0,4.17,6.89,CENTER_DUAL,328.7,8.7,1.0,,
18:26:08.745,6.5,MANUAL,0,0,0.0,0.0,0.0,4.17,6.89,CENTER_DUAL,328.7,8.7,1.0,,
18:26:09.851,5.4,MANUAL,0,0,0.0,0.0,0.0,4.17,6.89,CENTER_DUAL,328.8,8.8,1.0,,
18:26:10.884,5.8,MANUAL,0,0,0.0,0.0,0.0,4.17,6.89,CENTER_DUAL,328.9,8.9,1.0,,
18:26:11.925,5.8,MANUAL,0,0,0.0,0.0,0.0,4.17,6.89,CENTER_DUAL,328.9,8.9,1.0,,
18:26:12.991,5.5,MANUAL,0,0,0.0,0.0,0.0,4.17,6.89,CENTER_DUAL,332.3,12.3,1.0,,
18:26:14.145,6.4,MANUAL,0,0,0.0,0.0,0.0,4.17,6.89,CENTER_DUAL,349.0,29.0,1.0,,
18:26:15.246,4.9,MANUAL,0,0,0.0,0.0,0.0,4.17,6.89,CENTER_DUAL,355.5,35.5,1.0,,
18:26:16.299,5.8,MANUAL,0,0,0.0,0.0,0.0,4.17,6.89,CENTER_DUAL,354.6,34.6,1.0,,
18:26:17.311,5.7,MANUAL,0,0,0.0,0.0,0.0,4.17,6.89,CENTER_DUAL,352.4,32.4,1.0,,
18:26:18.358,4.9,MANUAL,0,0,0.0,0.0,0.0,4.17,6.89,CENTER_DUAL,352.5,32.5,1.0,,
18:26:19.461,5.8,MANUAL,0,0,0.0,0.0,0.0,4.17,6.89,CENTER_DUAL,353.4,33.4,1.0,,
18:26:20.625,5.0,MANUAL,0,0,0.0,0.0,0.0,4.17,6.89,CENTER_DUAL,355.7,35.7,1.0,,
18:26:21.809,4.9,MANUAL,0,0,0.0,0.0,0.0,4.17,6.89,CENTER_DUAL,341.2,21.2,1.0,,
18:26:22.873,5.3,MANUAL,0,0,0.0,0.0,0.0,4.17,6.89,CENTER_DUAL,326.5,6.5,1.0,,
18:26:23.991,5.6,MANUAL,0,0,0.0,0.0,0.0,4.17,6.89,CENTER_DUAL,325.4,5.4,1.0,,
18:26:25.134,5.4,MANUAL,0,0,0.0,0.0,0.0,4.17,6.89,CENTER_DUAL,324.5,4.5,1.0,,
18:26:26.242,6.3,MANUAL,0,0,0.0,0.0,0.0,4.17,6.89,CENTER_DUAL,323.9,3.9,1.0,,
18:26:27.391,5.7,MANUAL,0,0,0.0,0.0,0.0,4.17,6.89,CENTER_DUAL,323.4,3.4,1.0,,
18:26:28.537,5.0,MANUAL,0,0,0.0,0.0,0.0,4.17,6.89,CENTER_DUAL,323.0,3.0,1.0,,
18:26:29.669,4.8,MANUAL,0,0,0.0,0.0,0.0,4.17,6.89,CENTER_DUAL,322.5,2.5,1.0,,
18:26:30.743,5.9,MANUAL,0,0,0.0,0.0,0.0,4.17,6.89,CENTER_DUAL,321.9,1.9,1.0,,
18:26:31.885,6.0,MANUAL,0,0,0.0,0.0,0.0,4.17,6.89,CENTER_DUAL,321.5,1.5,1.0,,
18:26:33.029,5.5,MANUAL,0,0,0.0,0.0,0.0,4.17,6.89,CENTER_DUAL,321.4,1.4,1.0,,
18:26:34.109,5.9,MANUAL,0,0,0.0,0.0,0.0,4.17,6.89,CENTER_DUAL,321.2,1.2,1.0,,
18:26:35.281,4.7,MANUAL,0,0,0.0,0.0,0.0,4.17,6.89,CENTER_DUAL,321.2,1.2,1.0,,
18:26:36.349,5.3,MANUAL,0,0,0.0,0.0,0.0,4.17,6.89,CENTER_DUAL,321.2,1.2,1.0,,
18:26:37.478,5.2,MANUAL,0,0,0.0,0.0,0.0,4.17,6.89,CENTER_DUAL,321.3,1.3,1.0,,
18:26:38.556,5.4,MANUAL,0,0,0.0,0.0,0.0,4.17,6.89,CENTER_DUAL,321.3,1.3,1.0,,
18:26:39.665,5.7,MANUAL,0,0,0.0,0.0,0.0,4.17,6.89,CENTER_DUAL,321.3,1.3,1.0,,
18:26:40.796,5.0,MANUAL,0,0,0.0,0.0,0.0,4.17,6.89,CENTER_DUAL,321.2,1.2,1.0,,
18:26:41.870,5.7,MANUAL,0,0,0.0,0.0,0.0,4.17,6.89,CENTER_DUAL,321.2,1.2,1.0,,
18:26:42.943,5.9,MANUAL,0,0,0.0,0.0,0.0,4.17,6.89,CENTER_DUAL,321.2,1.2,1.0,,
18:26:44.038,5.9,MANUAL,0,0,0.0,0.0,0.0,4.17,6.89,CENTER_DUAL,321.2,1.2,1.0,,
18:26:45.163,5.9,MANUAL,0,0,0.0,0.0,0.0,4.17,6.89,CENTER_DUAL,321.1,1.1,1.0,,
18:26:46.298,6.4,MANUAL,0,0,0.0,0.0,0.0,4.17,6.89,CENTER_DUAL,321.1,1.1,1.0,,
18:26:47.339,6.4,MANUAL,0,0,0.0,0.0,0.0,4.17,6.89,CENTER_DUAL,321.1,1.1,1.0,,
18:26:48.355,5.7,MANUAL,0,0,0.0,0.0,0.0,4.17,6.89,CENTER_DUAL,321.0,1.0,1.0,,
18:26:49.432,6.2,MANUAL,0,0,0.0,0.0,0.0,4.17,6.89,CENTER_DUAL,320.8,0.8,1.0,,
18:26:50.493,6.3,MANUAL,0,0,0.0,0.0,0.0,4.17,6.89,CENTER_DUAL,320.5,0.5,1.0,,
18:26:51.512,6.4,MANUAL,0,0,0.0,0.0,0.0,4.17,6.89,CENTER_DUAL,324.6,4.6,1.0,,
18:26:52.665,5.9,MANUAL,0,0,0.0,0.0,0.0,4.17,6.89,CENTER_DUAL,339.3,19.3,1.0,,
18:26:53.811,5.9,MANUAL,0,0,0.0,0.0,0.0,4.17,6.89,CENTER_DUAL,348.3,28.3,1.0,,
18:26:55.003,5.8,MANUAL,0,0,0.0,0.0,0.0,4.17,6.89,LEFT_LANE_ONLY,429.7,109.7,0.5,,
18:26:56.124,4.6,MANUAL,0,0,0.0,0.0,0.0,4.17,6.89,CENTER_DUAL,300.9,-19.1,1.0,,
18:26:57.170,5.3,MANUAL,0,0,0.0,0.0,0.0,4.17,6.89,CENTER_DUAL,288.2,-31.8,1.0,,
18:26:58.219,5.0,MANUAL,0,0,0.0,0.0,0.0,4.17,6.89,CENTER_DUAL,284.6,-35.4,1.0,,
18:26:59.287,5.4,MANUAL,0,0,0.0,0.0,0.0,4.17,6.89,CENTER_DUAL,275.7,-44.3,1.0,,
18:27:00.343,5.8,MANUAL,0,0,0.0,0.0,0.0,4.17,6.89,CENTER_DUAL,276.4,-43.6,1.0,,
18:27:01.455,5.6,MANUAL,0,0,0.0,0.0,0.0,4.17,6.89,CENTER_DUAL,278.8,-41.2,1.0,,
18:27:02.589,4.8,MANUAL,0,0,0.0,0.0,0.0,4.17,6.89,CENTER_DUAL,280.2,-39.8,1.0,,
18:27:03.704,5.7,MANUAL,0,0,0.0,0.0,0.0,4.17,6.89,CENTER_DUAL,281.6,-38.4,1.0,,
18:27:04.832,5.1,MANUAL,0,0,0.0,0.0,0.0,4.17,6.89,CENTER_DUAL,283.1,-36.9,1.0,,
18:27:05.931,5.4,MANUAL,0,0,0.0,0.0,0.0,4.17,6.89,CENTER_DUAL,284.5,-35.5,1.0,,
18:27:06.964,7.0,MANUAL,0,0,0.0,0.0,0.0,4.17,6.89,CENTER_DUAL,285.6,-34.4,1.0,,
18:27:08.017,5.9,MANUAL,0,0,0.0,0.0,0.0,4.17,6.89,CENTER_DUAL,286.5,-33.5,1.0,,
18:27:09.112,5.4,MANUAL,0,0,0.0,0.0,0.0,4.17,6.89,CENTER_DUAL,287.1,-32.9,1.0,,
18:27:10.218,4.9,MANUAL,0,0,0.0,0.0,0.0,4.17,6.89,CENTER_DUAL,289.1,-30.9,1.0,,
18:27:11.415,5.5,MANUAL,0,0,0.0,0.0,0.0,4.17,6.89,CENTER_DUAL,317.1,-2.9,1.0,,
18:27:12.521,5.4,MANUAL,0,0,0.0,0.0,0.0,4.17,6.89,RIGHT_LANE_ONLY,318.4,-1.6,0.5,,
18:27:13.647,7.0,MANUAL,0,0,0.0,0.0,0.0,4.17,6.89,CENTER_DUAL,317.2,-2.8,1.0,,
18:27:14.747,6.5,MANUAL,0,0,0.0,0.0,0.0,4.17,6.89,CENTER_DUAL,317.8,-2.2,1.0,,
18:27:15.866,6.3,MANUAL,0,0,0.0,0.0,0.0,4.17,6.89,CENTER_DUAL,317.7,-2.3,1.0,,
18:27:16.872,6.4,MANUAL,0,0,0.0,0.0,0.0,4.17,6.89,CENTER_DUAL,317.7,-2.3,1.0,,
18:27:17.938,4.9,MANUAL,0,0,0.0,0.0,0.0,4.17,6.89,CENTER_DUAL,317.8,-2.2,1.0,,
18:27:19.082,5.8,MANUAL,0,0,0.0,0.0,0.0,4.17,6.89,CENTER_DUAL,317.7,-2.3,1.0,,
18:27:20.280,5.1,MANUAL,0,0,0.0,0.0,0.0,4.17,6.89,CENTER_DUAL,317.3,-2.7,1.0,,
18:27:21.344,5.9,MANUAL,0,0,0.0,0.0,0.0,4.17,6.89,CENTER_DUAL,317.0,-3.0,1.0,,
18:27:22.406,6.4,MANUAL,0,0,0.0,0.0,0.0,4.17,6.89,CENTER_DUAL,317.3,-2.7,1.0,,
18:27:23.569,4.7,MANUAL,0,0,0.0,0.0,0.0,4.17,6.89,CENTER_DUAL,318.1,-1.9,1.0,,
18:27:24.677,5.8,MANUAL,0,0,0.0,0.0,0.0,4.17,6.89,CENTER_DUAL,319.1,-0.9,1.0,,
18:27:25.773,5.0,MANUAL,0,0,0.0,0.0,0.0,4.17,6.89,CENTER_DUAL,319.3,-0.7,1.0,,
18:27:26.877,4.9,MANUAL,0,0,0.0,0.0,0.0,4.17,6.89,CENTER_DUAL,319.4,-0.6,1.0,,
18:27:27.993,4.6,MANUAL,0,0,0.0,0.0,0.0,4.17,6.89,CENTER_DUAL,319.1,-0.9,1.0,,
18:27:28.998,5.0,MANUAL,0,0,0.0,0.0,0.0,4.17,6.89,CENTER_DUAL,319.4,-0.6,1.0,,
18:27:30.114,5.9,MANUAL,0,0,0.0,0.0,0.0,4.17,6.89,CENTER_DUAL,319.4,-0.6,1.0,,
18:27:31.318,5.0,MANUAL,0,0,0.0,0.0,0.0,4.17,6.89,CENTER_DUAL,319.3,-0.7,1.0,,
18:27:32.460,5.4,MANUAL,0,0,0.0,0.0,0.0,4.17,6.89,CENTER_DUAL,319.6,-0.4,1.0,,
18:27:33.624,11.4,MANUAL,0,0,0.0,0.0,0.0,4.17,6.89,CENTER_DUAL,319.9,-0.1,1.0,,
18:27:34.725,5.4,MANUAL,0,0,0.0,0.0,0.0,4.17,6.89,CENTER_DUAL,319.9,-0.1,1.0,,
18:27:35.833,5.8,MANUAL,0,0,0.0,0.0,0.0,4.17,6.89,CENTER_DUAL,319.7,-0.3,1.0,,
18:27:36.953,5.9,MANUAL,0,0,0.0,0.0,0.0,4.17,6.89,CENTER_DUAL,319.6,-0.4,1.0,,
18:27:38.094,4.3,MANUAL,0,0,0.0,0.0,0.0,4.17,6.89,CENTER_DUAL,319.8,-0.2,1.0,,
18:27:39.098,4.4,MANUAL,0,0,0.0,0.0,0.0,4.17,6.89,CENTER_DUAL,319.7,-0.3,1.0,,
18:27:40.099,4.7,MANUAL,0,0,0.0,0.0,0.0,4.17,6.89,CENTER_DUAL,319.5,-0.5,1.0,,
18:27:41.208,5.9,MANUAL,0,0,0.0,0.0,0.0,4.17,6.89,CENTER_DUAL,319.4,-0.6,1.0,,
18:27:42.278,5.4,MANUAL,0,0,0.0,0.0,0.0,4.17,6.89,CENTER_DUAL,319.9,-0.1,1.0,,
18:27:43.412,4.7,MANUAL,0,0,0.0,0.0,0.0,4.17,6.89,CENTER_DUAL,319.8,-0.2,1.0,,
18:27:44.652,4.5,MANUAL,0,0,0.0,0.0,0.0,4.17,6.89,CENTER_DUAL,319.8,-0.2,1.0,,
18:27:45.762,4.7,MANUAL,0,0,0.0,0.0,0.0,4.17,6.89,CENTER_DUAL,319.9,-0.1,1.0,,
18:27:46.861,5.8,MANUAL,0,0,0.0,0.0,0.0,4.17,6.89,CENTER_DUAL,319.0,-1.0,1.0,,
18:27:47.950,5.8,MANUAL,0,0,0.0,0.0,0.0,4.17,6.89,CENTER_DUAL,319.2,-0.8,1.0,,
18:27:49.004,5.8,MANUAL,0,0,0.0,0.0,0.0,4.17,6.89,CENTER_DUAL,320.2,0.2,1.0,,
18:27:50.041,6.0,MANUAL,0,0,0.0,0.0,0.0,4.17,6.89,CENTER_DUAL,321.1,1.1,1.0,,
18:27:51.144,5.4,MANUAL,0,0,0.0,0.0,0.0,4.17,6.89,CENTER_DUAL,321.8,1.8,1.0,,
18:27:52.175,5.4,MANUAL,0,0,0.0,0.0,0.0,4.17,6.89,CENTER_DUAL,322.9,2.9,1.0,,
18:27:53.237,5.5,MANUAL,0,0,0.0,0.0,0.0,4.17,6.89,CENTER_DUAL,323.6,3.6,1.0,,
18:27:54.308,5.9,MANUAL,0,0,0.0,0.0,0.0,4.17,6.89,CENTER_DUAL,324.0,4.0,1.0,,
18:27:55.348,5.9,MANUAL,0,0,0.0,0.0,0.0,4.17,6.89,CENTER_DUAL,297.9,-22.1,1.0,,
18:27:56.371,4.9,MANUAL,0,0,0.0,0.0,0.0,4.17,6.89,CENTER_DUAL,313.6,-6.4,1.0,,
18:27:57.531,4.3,MANUAL,0,0,0.0,0.0,0.0,4.17,6.89,CENTER_DUAL,316.4,-3.6,1.0,,
18:27:58.595,5.0,MANUAL,0,0,0.0,0.0,0.0,4.17,6.89,CENTER_DUAL,314.3,-5.7,1.0,,
18:27:59.674,5.9,MANUAL,0,0,0.0,0.0,0.0,4.17,6.89,CENTER_DUAL,311.7,-8.3,1.0,,
18:28:00.717,4.9,MANUAL,0,0,0.0,0.0,0.0,4.17,6.89,CENTER_DUAL,310.8,-9.2,1.0,,
18:28:01.805,5.8,MANUAL,0,0,0.0,0.0,0.0,4.17,6.89,CENTER_DUAL,309.8,-10.2,1.0,,
18:28:02.953,4.6,MANUAL,0,0,0.0,0.0,0.0,4.17,6.89,CENTER_DUAL,309.1,-10.9,1.0,,
18:28:04.062,5.2,MANUAL,0,0,0.0,0.0,0.0,4.17,6.89,CENTER_DUAL,308.5,-11.5,1.0,,
18:28:05.158,5.8,MANUAL,0,0,0.0,0.0,0.0,4.17,6.89,CENTER_DUAL,308.1,-11.9,1.0,,
18:28:06.253,5.4,MANUAL,0,0,0.0,0.0,0.0,4.17,6.89,CENTER_DUAL,307.8,-12.2,1.0,,
18:28:07.381,4.0,MANUAL,0,0,0.0,0.0,0.0,4.17,6.89,CENTER_DUAL,307.5,-12.5,1.0,,
18:28:08.500,5.3,MANUAL,0,0,0.0,0.0,0.0,4.17,6.89,CENTER_DUAL,307.2,-12.8,1.0,,
18:28:09.563,5.3,MANUAL,0,0,0.0,0.0,0.0,4.17,6.89,CENTER_DUAL,307.0,-13.0,1.0,,
18:28:10.650,5.8,MANUAL,0,0,0.0,0.0,0.0,4.17,6.89,CENTER_DUAL,306.9,-13.1,1.0,,
18:28:11.743,5.3,MANUAL,0,0,0.0,0.0,0.0,4.17,6.89,CENTER_DUAL,306.7,-13.3,1.0,,
18:28:12.798,5.9,MANUAL,0,0,0.0,0.0,0.0,4.17,6.89,CENTER_DUAL,306.6,-13.4,1.0,,
18:28:13.873,5.6,MANUAL,0,0,0.0,0.0,0.0,4.17,6.89,CENTER_DUAL,306.5,-13.5,1.0,,
18:28:14.997,6.4,MANUAL,0,0,0.0,0.0,0.0,4.17,6.89,CENTER_DUAL,306.4,-13.6,1.0,,
18:28:16.123,7.1,MANUAL,0,0,0.0,0.0,0.0,4.17,6.89,CENTER_DUAL,306.3,-13.7,1.0,,
18:28:17.126,6.4,MANUAL,0,0,0.0,0.0,0.0,4.17,6.89,CENTER_DUAL,306.3,-13.7,1.0,,
18:28:18.171,5.7,MANUAL,0,0,0.0,0.0,0.0,4.17,6.89,CENTER_DUAL,306.3,-13.7,1.0,,
18:28:19.260,5.8,MANUAL,0,0,0.0,0.0,0.0,4.17,6.89,CENTER_DUAL,306.2,-13.8,1.0,,
18:28:20.387,5.9,MANUAL,0,0,0.0,0.0,0.0,4.17,6.89,CENTER_DUAL,306.2,-13.8,1.0,,
18:28:21.427,5.8,MANUAL,0,0,0.0,0.0,0.0,4.17,6.89,CENTER_DUAL,306.2,-13.8,1.0,,
18:28:22.481,5.8,MANUAL,0,0,0.0,0.0,0.0,4.17,6.89,CENTER_DUAL,306.2,-13.8,1.0,,
18:28:23.558,5.7,MANUAL,0,0,0.0,0.0,0.0,4.17,6.89,CENTER_DUAL,306.2,-13.8,1.0,,
18:28:24.662,5.8,MANUAL,0,0,0.0,0.0,0.0,4.17,6.89,CENTER_DUAL,306.2,-13.8,1.0,,
18:28:25.771,5.0,MANUAL,0,0,0.0,0.0,0.0,4.17,6.89,CENTER_DUAL,306.2,-13.8,1.0,,
18:28:26.796,6.4,MANUAL,0,0,0.0,0.0,0.0,4.17,6.89,CENTER_DUAL,306.2,-13.8,1.0,,
18:28:27.871,5.9,MANUAL,0,0,0.0,0.0,0.0,4.17,6.89,CENTER_DUAL,306.2,-13.8,1.0,,
18:28:28.950,5.4,MANUAL,0,0,0.0,0.0,0.0,4.17,6.89,CENTER_DUAL,306.2,-13.8,1.0,,
18:28:30.090,4.0,MANUAL,0,0,0.0,0.0,0.0,4.17,6.89,CENTER_DUAL,306.1,-13.9,1.0,,
18:28:31.179,4.3,MANUAL,0,0,0.0,0.0,0.0,4.17,6.89,CENTER_DUAL,306.0,-14.0,1.0,,
18:28:32.264,6.4,MANUAL,0,0,0.0,0.0,0.0,4.17,6.89,CENTER_DUAL,305.8,-14.2,1.0,,
18:28:33.276,6.1,MANUAL,0,0,0.0,0.0,0.0,4.17,6.89,CENTER_DUAL,305.7,-14.3,1.0,,
18:28:34.398,5.4,MANUAL,0,0,0.0,0.0,0.0,4.17,6.89,CENTER_DUAL,305.6,-14.4,1.0,,
18:28:35.502,4.9,MANUAL,0,0,0.0,0.0,0.0,4.17,6.89,CENTER_DUAL,305.6,-14.4,1.0,,
18:28:36.568,5.8,MANUAL,0,0,0.0,0.0,0.0,4.17,6.89,CENTER_DUAL,305.6,-14.4,1.0,,
18:28:37.689,5.9,MANUAL,0,0,0.0,0.0,0.0,4.17,6.89,CENTER_DUAL,305.6,-14.4,1.0,,
18:28:38.801,5.8,MANUAL,0,0,0.0,0.0,0.0,4.17,6.89,CENTER_DUAL,305.6,-14.4,1.0,,
18:28:39.930,5.3,MANUAL,0,0,0.0,0.0,0.0,4.17,6.89,CENTER_DUAL,305.7,-14.3,1.0,,
18:28:41.005,5.3,MANUAL,0,0,0.0,0.0,0.0,4.17,6.89,CENTER_DUAL,305.8,-14.2,1.0,,
18:28:42.024,6.4,MANUAL,0,0,0.0,0.0,0.0,4.17,6.89,CENTER_DUAL,305.9,-14.1,1.0,,
18:28:43.087,5.8,MANUAL,0,0,0.0,0.0,0.0,4.17,6.89,CENTER_DUAL,306.0,-14.0,1.0,,
18:28:44.121,5.4,MANUAL,0,0,0.0,0.0,0.0,4.17,6.89,CENTER_DUAL,306.0,-14.0,1.0,,
18:28:45.219,5.4,MANUAL,0,0,0.0,0.0,0.0,4.17,6.89,CENTER_DUAL,306.1,-13.9,1.0,,
18:28:46.288,4.9,MANUAL,0,0,0.0,0.0,0.0,4.17,6.89,CENTER_DUAL,306.3,-13.7,1.0,,
18:28:47.333,5.4,MANUAL,0,0,0.0,0.0,0.0,4.17,6.89,CENTER_DUAL,306.5,-13.5,1.0,,
18:28:48.456,6.3,MANUAL,0,0,0.0,0.0,0.0,4.17,6.89,CENTER_DUAL,306.8,-13.2,1.0,,
18:28:49.510,6.4,MANUAL,0,0,0.0,0.0,0.0,4.17,6.89,CENTER_DUAL,306.9,-13.1,1.0,,
18:28:50.562,6.1,MANUAL,0,0,0.0,0.0,0.0,4.17,6.89,CENTER_DUAL,306.9,-13.1,1.0,,
18:28:51.696,5.4,MANUAL,0,0,0.0,0.0,0.0,4.17,6.89,CENTER_DUAL,306.9,-13.1,1.0,,
18:28:52.882,5.2,MANUAL,0,0,0.0,0.0,0.0,4.17,6.89,CENTER_DUAL,306.9,-13.1,1.0,,
18:28:53.925,5.8,MANUAL,0,0,0.0,0.0,0.0,4.17,6.89,CENTER_DUAL,307.0,-13.0,1.0,,
18:28:55.064,5.0,MANUAL,0,0,0.0,0.0,0.0,4.17,6.89,CENTER_DUAL,307.0,-13.0,1.0,,
18:28:56.128,6.4,MANUAL,0,0,0.0,0.0,0.0,4.17,6.89,CENTER_DUAL,306.9,-13.1,1.0,,
18:28:57.200,5.9,MANUAL,0,0,0.0,0.0,0.0,4.17,6.89,CENTER_DUAL,306.8,-13.2,1.0,,
18:28:58.292,5.8,MANUAL,0,0,0.0,0.0,0.0,4.17,6.89,CENTER_DUAL,306.8,-13.2,1.0,,
18:28:59.391,5.4,MANUAL,0,0,0.0,0.0,0.0,4.17,6.89,CENTER_DUAL,306.9,-13.1,1.0,,
18:29:00.418,4.9,MANUAL,0,0,0.0,0.0,0.0,4.17,6.89,CENTER_DUAL,307.0,-13.0,1.0,,
18:29:01.453,6.0,MANUAL,0,0,0.0,0.0,0.0,4.17,6.89,CENTER_DUAL,307.1,-12.9,1.0,,
18:29:02.521,6.4,MANUAL,0,0,0.0,0.0,0.0,4.17,6.89,CENTER_DUAL,307.1,-12.9,1.0,,
18:29:03.588,6.1,MANUAL,0,0,0.0,0.0,0.0,4.17,6.89,CENTER_DUAL,307.1,-12.9,1.0,,
18:29:04.729,5.9,MANUAL,0,0,0.0,0.0,0.0,4.17,6.89,CENTER_DUAL,307.0,-13.0,1.0,,
18:29:05.777,6.6,MANUAL,0,0,0.0,0.0,0.0,4.17,6.89,CENTER_DUAL,307.1,-12.9,1.0,,
18:29:06.916,5.8,MANUAL,0,0,0.0,0.0,0.0,4.17,6.89,CENTER_DUAL,307.1,-12.9,1.0,,
18:29:07.923,6.5,MANUAL,0,0,0.0,0.0,0.0,4.17,6.89,CENTER_DUAL,307.1,-12.9,1.0,,
18:29:09.009,5.4,MANUAL,0,0,0.0,0.0,0.0,4.17,6.89,CENTER_DUAL,307.2,-12.8,1.0,,
18:29:10.151,4.4,MANUAL,0,0,0.0,0.0,0.0,4.17,6.89,CENTER_DUAL,307.1,-12.9,1.0,,
18:29:11.229,6.3,MANUAL,0,0,0.0,0.0,0.0,4.17,6.89,CENTER_DUAL,307.0,-13.0,1.0,,
18:29:12.288,5.3,MANUAL,0,0,0.0,0.0,0.0,4.17,6.89,CENTER_DUAL,306.9,-13.1,1.0,,
18:29:13.332,5.9,MANUAL,0,0,0.0,0.0,0.0,4.17,6.89,CENTER_DUAL,306.9,-13.1,1.0,,
18:29:14.346,5.9,MANUAL,0,0,0.0,0.0,0.0,4.17,6.89,CENTER_DUAL,307.0,-13.0,1.0,,
18:29:15.476,7.2,MANUAL,0,0,0.0,0.0,0.0,4.17,6.89,CENTER_DUAL,307.1,-12.9,1.0,,
18:29:16.519,7.0,MANUAL,0,0,0.0,0.0,0.0,4.17,6.89,CENTER_DUAL,307.1,-12.9,1.0,,
18:29:17.592,5.5,MANUAL,0,0,0.0,0.0,0.0,4.17,6.89,CENTER_DUAL,307.2,-12.8,1.0,,
18:29:18.728,7.1,MANUAL,0,0,0.0,0.0,0.0,4.17,6.89,CENTER_DUAL,307.1,-12.9,1.0,,
18:29:19.774,7.1,MANUAL,0,0,0.0,0.0,0.0,4.17,6.89,CENTER_DUAL,307.1,-12.9,1.0,,
18:29:20.792,7.1,MANUAL,0,0,0.0,0.0,0.0,4.17,6.89,CENTER_DUAL,307.3,-12.7,1.0,,
18:29:21.905,5.8,MANUAL,0,0,0.0,0.0,0.0,4.17,6.89,CENTER_DUAL,307.7,-12.3,1.0,,
18:29:22.982,5.8,MANUAL,0,0,0.0,0.0,0.0,4.17,6.89,CENTER_DUAL,308.2,-11.8,1.0,,
18:29:23.986,5.0,MANUAL,0,0,0.0,0.0,0.0,4.17,6.89,CENTER_DUAL,308.5,-11.5,1.0,,
18:29:25.071,5.2,MANUAL,0,0,0.0,0.0,0.0,4.17,6.89,CENTER_DUAL,308.7,-11.3,1.0,,
18:29:26.131,5.8,MANUAL,0,0,0.0,0.0,0.0,4.17,6.89,CENTER_DUAL,308.6,-11.4,1.0,,
18:29:27.150,5.7,MANUAL,0,0,0.0,0.0,0.0,4.17,6.89,CENTER_DUAL,308.5,-11.5,1.0,,
18:29:28.232,5.8,MANUAL,0,0,0.0,0.0,0.0,4.17,6.89,CENTER_DUAL,308.4,-11.6,1.0,,
18:29:29.341,5.1,MANUAL,0,0,0.0,0.0,0.0,4.17,6.89,CENTER_DUAL,308.1,-11.9,1.0,,
18:29:30.446,5.8,MANUAL,0,0,0.0,0.0,0.0,4.17,6.89,CENTER_DUAL,307.8,-12.2,1.0,,
18:29:31.493,5.9,MANUAL,0,0,0.0,0.0,0.0,4.17,6.89,CENTER_DUAL,307.5,-12.5,1.0,,
18:29:32.560,5.0,MANUAL,0,0,0.0,0.0,0.0,4.17,6.89,CENTER_DUAL,307.2,-12.8,1.0,,
18:29:33.625,5.8,MANUAL,0,0,0.0,0.0,0.0,4.17,6.89,CENTER_DUAL,307.0,-13.0,1.0,,
18:29:34.698,5.0,MANUAL,0,0,0.0,0.0,0.0,4.17,6.89,CENTER_DUAL,306.9,-13.1,1.0,,
18:29:35.782,5.3,MANUAL,0,0,0.0,0.0,0.0,4.17,6.89,CENTER_DUAL,306.7,-13.3,1.0,,
18:29:36.830,5.3,MANUAL,0,0,0.0,0.0,0.0,4.17,6.89,CENTER_DUAL,306.6,-13.4,1.0,,
18:29:37.927,5.7,MANUAL,0,0,0.0,0.0,0.0,4.17,6.89,CENTER_DUAL,306.5,-13.5,1.0,,
18:29:39.026,5.7,MANUAL,0,0,0.0,0.0,0.0,4.17,6.89,CENTER_DUAL,306.6,-13.4,1.0,,
18:29:40.090,5.8,MANUAL,0,0,0.0,0.0,0.0,4.17,6.89,CENTER_DUAL,306.7,-13.3,1.0,,
18:29:41.136,5.8,MANUAL,0,0,0.0,0.0,0.0,4.17,6.89,CENTER_DUAL,306.8,-13.2,1.0,,
18:29:42.191,5.4,MANUAL,0,0,0.0,0.0,0.0,4.17,6.89,CENTER_DUAL,306.7,-13.3,1.0,,
18:29:43.312,5.8,MANUAL,0,0,0.0,0.0,0.0,4.17,6.89,CENTER_DUAL,306.7,-13.3,1.0,,
18:29:44.374,5.7,MANUAL,0,0,0.0,0.0,0.0,4.17,6.89,CENTER_DUAL,306.7,-13.3,1.0,,
18:29:45.454,5.1,MANUAL,0,0,0.0,0.0,0.0,4.17,6.89,CENTER_DUAL,306.8,-13.2,1.0,,
18:29:46.523,5.3,MANUAL,0,0,0.0,0.0,0.0,4.17,6.89,CENTER_DUAL,307.0,-13.0,1.0,,
18:29:47.657,4.7,MANUAL,0,0,0.0,0.0,0.0,4.17,6.89,CENTER_DUAL,307.1,-12.9,1.0,,
18:29:48.795,5.3,MANUAL,0,0,0.0,0.0,0.0,4.17,6.89,CENTER_DUAL,307.2,-12.8,1.0,,
18:29:49.898,5.4,MANUAL,0,0,0.0,0.0,0.0,4.17,6.89,CENTER_DUAL,307.3,-12.7,1.0,,
18:29:50.964,5.6,MANUAL,0,0,0.0,0.0,0.0,4.17,6.89,CENTER_DUAL,307.3,-12.7,1.0,,
18:29:52.055,5.4,MANUAL,0,0,0.0,0.0,0.0,4.17,6.89,CENTER_DUAL,307.3,-12.7,1.0,,
18:29:53.108,5.8,MANUAL,0,0,0.0,0.0,0.0,4.17,6.89,CENTER_DUAL,307.2,-12.8,1.0,,
18:29:54.253,4.6,MANUAL,0,0,0.0,0.0,0.0,4.17,6.89,CENTER_DUAL,307.1,-12.9,1.0,,
18:29:55.286,5.6,MANUAL,0,0,0.0,0.0,0.0,4.17,6.89,CENTER_DUAL,307.0,-13.0,1.0,,
18:29:56.382,5.7,MANUAL,0,0,0.0,0.0,0.0,4.17,6.89,CENTER_DUAL,306.7,-13.3,1.0,,
18:29:57.407,5.1,MANUAL,0,0,0.0,0.0,0.0,4.17,6.89,CENTER_DUAL,306.3,-13.7,1.0,,
18:29:58.526,5.4,MANUAL,0,0,0.0,0.0,0.0,4.17,6.89,CENTER_DUAL,305.7,-14.3,1.0,,
18:29:59.649,4.9,MANUAL,0,0,0.0,0.0,0.0,4.17,6.89,CENTER_DUAL,305.0,-15.0,1.0,,
18:30:00.756,5.4,MANUAL,0,0,0.0,0.0,0.0,4.17,6.89,CENTER_DUAL,304.2,-15.8,1.0,,
18:30:01.809,5.2,MANUAL,0,0,0.0,0.0,0.0,4.17,6.89,CENTER_DUAL,303.4,-16.6,1.0,,
18:30:02.900,5.5,MANUAL,0,0,0.0,0.0,0.0,4.17,6.89,CENTER_DUAL,302.7,-17.3,1.0,,
18:30:03.967,5.0,MANUAL,0,0,0.0,0.0,0.0,4.17,6.89,CENTER_DUAL,301.9,-18.1,1.0,,
18:30:05.049,6.6,MANUAL,0,0,0.0,0.0,0.0,4.17,6.89,CENTER_DUAL,301.1,-18.9,1.0,,
18:30:06.054,7.2,MANUAL,0,0,0.0,0.0,0.0,4.17,6.89,CENTER_DUAL,300.3,-19.7,1.0,,
18:30:07.192,6.3,MANUAL,0,0,0.0,0.0,0.0,4.17,6.89,CENTER_DUAL,299.7,-20.3,1.0,,
18:30:08.201,5.4,MANUAL,0,0,0.0,0.0,0.0,4.17,6.89,CENTER_DUAL,299.2,-20.8,1.0,,
18:30:09.303,4.9,MANUAL,0,0,0.0,0.0,0.0,4.17,6.89,CENTER_DUAL,298.8,-21.2,1.0,,
18:30:10.430,4.6,MANUAL,0,0,0.0,0.0,0.0,4.17,6.89,CENTER_DUAL,298.4,-21.6,1.0,,
18:30:11.487,5.9,MANUAL,0,0,0.0,0.0,0.0,4.17,6.89,CENTER_DUAL,298.0,-22.0,1.0,,
18:30:12.527,5.4,MANUAL,0,0,0.0,0.0,0.0,4.17,6.89,CENTER_DUAL,297.6,-22.4,1.0,,
18:30:13.595,5.6,MANUAL,0,0,0.0,0.0,0.0,4.17,6.89,CENTER_DUAL,297.5,-22.5,1.0,,
18:30:14.697,6.3,MANUAL,0,0,0.0,0.0,0.0,4.17,6.89,CENTER_DUAL,297.7,-22.3,1.0,,
18:30:15.838,5.5,MANUAL,0,0,0.0,0.0,0.0,4.17,6.89,CENTER_DUAL,298.0,-22.0,1.0,,
18:30:16.911,5.8,MANUAL,0,0,0.0,0.0,0.0,4.17,6.89,CENTER_DUAL,298.4,-21.6,1.0,,
18:30:18.020,5.5,MANUAL,0,0,0.0,0.0,0.0,4.17,6.89,CENTER_DUAL,298.5,-21.5,1.0,,
18:30:19.143,5.7,MANUAL,0,0,0.0,0.0,0.0,4.17,6.89,CENTER_DUAL,298.7,-21.3,1.0,,
18:30:20.198,5.0,MANUAL,0,0,0.0,0.0,0.0,4.17,6.89,CENTER_DUAL,299.1,-20.9,1.0,,
18:30:21.244,5.4,MANUAL,0,0,0.0,0.0,0.0,4.17,6.89,CENTER_DUAL,299.4,-20.6,1.0,,
18:30:22.286,5.8,MANUAL,0,0,0.0,0.0,0.0,4.17,6.89,CENTER_DUAL,299.7,-20.3,1.0,,
18:30:23.390,5.0,MANUAL,0,0,0.0,0.0,0.0,4.17,6.89,CENTER_DUAL,299.9,-20.1,1.0,,
18:30:24.512,5.3,MANUAL,0,0,0.0,0.0,0.0,4.17,6.89,CENTER_DUAL,300.1,-19.9,1.0,,
18:30:25.588,6.2,MANUAL,0,0,0.0,0.0,0.0,4.17,6.89,CENTER_DUAL,300.3,-19.7,1.0,,
18:30:26.657,5.9,MANUAL,0,0,0.0,0.0,0.0,4.17,6.89,CENTER_DUAL,300.4,-19.6,1.0,,
18:30:27.780,5.5,MANUAL,0,0,0.0,0.0,0.0,4.17,6.89,CENTER_DUAL,300.6,-19.4,1.0,,
18:30:28.892,6.1,MANUAL,0,0,0.0,0.0,0.0,4.17,6.89,CENTER_DUAL,300.7,-19.3,1.0,,
18:30:29.939,5.1,MANUAL,0,0,0.0,0.0,0.0,4.17,6.89,CENTER_DUAL,300.8,-19.2,1.0,,
18:30:30.998,5.9,MANUAL,0,0,0.0,0.0,0.0,4.17,6.89,CENTER_DUAL,300.8,-19.2,1.0,,
18:30:32.069,7.2,MANUAL,0,0,0.0,0.0,0.0,4.17,6.89,CENTER_DUAL,300.9,-19.1,1.0,,
18:30:33.072,7.0,MANUAL,0,0,0.0,0.0,0.0,4.17,6.89,CENTER_DUAL,300.9,-19.1,1.0,,
18:30:34.084,7.2,MANUAL,0,0,0.0,0.0,0.0,4.17,6.89,CENTER_DUAL,301.0,-19.0,1.0,,
18:30:35.160,5.4,MANUAL,0,0,0.0,0.0,0.0,4.17,6.89,CENTER_DUAL,301.2,-18.8,1.0,,
18:30:36.331,6.8,MANUAL,0,0,0.0,0.0,0.0,4.17,6.89,CENTER_DUAL,301.3,-18.7,1.0,,
18:30:37.414,5.6,MANUAL,0,0,0.0,0.0,0.0,4.17,6.89,CENTER_DUAL,301.2,-18.8,1.0,,
18:30:38.568,5.0,MANUAL,0,0,0.0,0.0,0.0,4.17,6.89,CENTER_DUAL,301.2,-18.8,1.0,,
18:30:39.662,5.7,MANUAL,0,0,0.0,0.0,0.0,4.17,6.89,CENTER_DUAL,301.2,-18.8,1.0,,
18:30:40.699,5.9,MANUAL,0,0,0.0,0.0,0.0,4.17,6.89,CENTER_DUAL,301.2,-18.8,1.0,,
18:30:41.730,6.2,MANUAL,0,0,0.0,0.0,0.0,4.17,6.89,CENTER_DUAL,301.3,-18.7,1.0,,
18:30:42.796,5.5,MANUAL,0,0,0.0,0.0,0.0,4.17,6.89,CENTER_DUAL,301.3,-18.7,1.0,,
18:30:43.839,6.2,MANUAL,0,0,0.0,0.0,0.0,4.17,6.89,CENTER_DUAL,301.1,-18.9,1.0,,
18:30:44.898,5.3,MANUAL,0,0,0.0,0.0,0.0,4.17,6.89,CENTER_DUAL,301.2,-18.8,1.0,,
18:30:45.899,6.7,MANUAL,0,0,0.0,0.0,0.0,4.17,6.89,CENTER_DUAL,301.3,-18.7,1.0,,
18:30:47.025,6.5,MANUAL,0,0,0.0,0.0,0.0,4.17,6.89,CENTER_DUAL,301.1,-18.9,1.0,,
18:30:48.163,5.9,MANUAL,0,0,0.0,0.0,0.0,4.17,6.89,CENTER_DUAL,301.0,-19.0,1.0,,
18:30:49.168,7.2,MANUAL,0,0,0.0,0.0,0.0,4.17,6.89,CENTER_DUAL,300.9,-19.1,1.0,,
18:30:50.208,5.8,MANUAL,0,0,0.0,0.0,0.0,4.17,6.89,CENTER_DUAL,300.8,-19.2,1.0,,
18:30:51.366,5.9,MANUAL,0,0,0.0,0.0,0.0,4.17,6.89,CENTER_DUAL,300.6,-19.4,1.0,,
18:30:52.367,6.5,MANUAL,0,0,0.0,0.0,0.0,4.17,6.89,CENTER_DUAL,300.5,-19.5,1.0,,
18:30:53.456,7.3,MANUAL,0,0,0.0,0.0,0.0,4.17,6.89,CENTER_DUAL,300.4,-19.6,1.0,,
18:30:54.615,5.8,MANUAL,0,0,0.0,0.0,0.0,4.17,6.89,CENTER_DUAL,300.5,-19.5,1.0,,
18:30:55.769,5.9,MANUAL,0,0,0.0,0.0,0.0,4.17,6.89,CENTER_DUAL,300.5,-19.5,1.0,,
18:30:56.786,6.6,MANUAL,0,0,0.0,0.0,0.0,4.17,6.89,CENTER_DUAL,300.4,-19.6,1.0,,
18:30:57.863,5.0,MANUAL,0,0,0.0,0.0,0.0,4.17,6.89,CENTER_DUAL,300.4,-19.6,1.0,,
18:30:58.961,4.9,MANUAL,0,0,0.0,0.0,0.0,4.17,6.89,CENTER_DUAL,300.4,-19.6,1.0,,
18:30:59.970,5.4,MANUAL,0,0,0.0,0.0,0.0,4.17,6.89,CENTER_DUAL,300.1,-19.9,1.0,,
18:31:01.020,5.8,MANUAL,0,0,0.0,0.0,0.0,4.17,6.89,CENTER_DUAL,299.7,-20.3,1.0,,
18:31:02.086,5.4,MANUAL,0,0,0.0,0.0,0.0,4.17,6.89,CENTER_DUAL,299.3,-20.7,1.0,,
18:31:03.216,5.4,MANUAL,0,0,0.0,0.0,0.0,4.17,6.89,CENTER_DUAL,299.3,-20.7,1.0,,
18:31:04.263,5.3,MANUAL,0,0,0.0,0.0,0.0,4.17,6.89,CENTER_DUAL,299.2,-20.8,1.0,,
18:31:05.370,5.9,MANUAL,0,0,0.0,0.0,0.0,4.17,6.89,CENTER_DUAL,298.9,-21.1,1.0,,
18:31:06.483,5.5,MANUAL,0,0,0.0,0.0,0.0,4.17,6.89,CENTER_DUAL,298.4,-21.6,1.0,,
18:31:07.577,5.4,MANUAL,0,0,0.0,0.0,0.0,4.17,6.89,CENTER_DUAL,297.9,-22.1,1.0,,
18:31:08.722,5.8,MANUAL,0,0,0.0,0.0,0.0,4.17,6.89,CENTER_DUAL,297.5,-22.5,1.0,,
18:31:09.762,4.8,MANUAL,0,0,0.0,0.0,0.0,4.17,6.89,CENTER_DUAL,297.0,-23.0,1.0,,
18:31:10.788,6.4,MANUAL,0,0,0.0,0.0,0.0,4.17,6.89,CENTER_DUAL,296.7,-23.3,1.0,,
18:31:11.816,7.0,MANUAL,0,0,0.0,0.0,0.0,4.17,6.89,CENTER_DUAL,296.2,-23.8,1.0,,
18:31:12.886,6.4,MANUAL,0,0,0.0,0.0,0.0,4.17,6.89,CENTER_DUAL,296.1,-23.9,1.0,,
18:31:13.928,7.1,MANUAL,0,0,0.0,0.0,0.0,4.17,6.89,CENTER_DUAL,296.2,-23.8,1.0,,
18:31:14.941,7.0,MANUAL,0,0,0.0,0.0,0.0,4.17,6.89,CENTER_DUAL,296.3,-23.7,1.0,,
18:31:16.033,6.5,MANUAL,0,0,0.0,0.0,0.0,4.17,6.89,CENTER_DUAL,296.2,-23.8,1.0,,
18:31:17.059,7.1,MANUAL,0,0,0.0,0.0,0.0,4.17,6.89,CENTER_DUAL,296.0,-24.0,1.0,,
18:31:18.151,6.4,MANUAL,0,0,0.0,0.0,0.0,4.17,6.89,CENTER_DUAL,295.9,-24.1,1.0,,
18:31:19.172,7.2,MANUAL,0,0,0.0,0.0,0.0,4.17,6.89,CENTER_DUAL,296.0,-24.0,1.0,,
18:31:20.205,7.1,MANUAL,0,0,0.0,0.0,0.0,4.17,6.89,CENTER_DUAL,296.0,-24.0,1.0,,
18:31:21.315,6.2,MANUAL,0,0,0.0,0.0,0.0,4.17,6.89,CENTER_DUAL,295.9,-24.1,1.0,,
18:31:22.347,7.1,MANUAL,0,0,0.0,0.0,0.0,4.17,6.89,CENTER_DUAL,295.8,-24.2,1.0,,
18:31:23.372,6.5,MANUAL,0,0,0.0,0.0,0.0,4.17,6.89,CENTER_DUAL,295.7,-24.3,1.0,,
18:31:24.427,6.4,MANUAL,0,0,0.0,0.0,0.0,4.17,6.89,CENTER_DUAL,295.8,-24.2,1.0,,
18:31:25.499,7.1,MANUAL,0,0,0.0,0.0,0.0,4.17,6.89,CENTER_DUAL,295.9,-24.1,1.0,,
18:31:26.536,6.4,MANUAL,0,0,0.0,0.0,0.0,4.17,6.89,CENTER_DUAL,296.0,-24.0,1.0,,
18:31:27.612,6.5,MANUAL,0,0,0.0,0.0,0.0,4.17,6.89,CENTER_DUAL,296.0,-24.0,1.0,,
18:31:28.681,6.4,MANUAL,0,0,0.0,0.0,0.0,4.17,6.89,CENTER_DUAL,296.0,-24.0,1.0,,
18:31:29.683,6.5,MANUAL,0,0,0.0,0.0,0.0,4.17,6.89,CENTER_DUAL,296.0,-24.0,1.0,,
18:31:30.773,6.4,MANUAL,0,0,0.0,0.0,0.0,4.17,6.89,CENTER_DUAL,296.0,-24.0,1.0,,
18:31:31.826,6.4,MANUAL,0,0,0.0,0.0,0.0,4.17,6.89,CENTER_DUAL,296.0,-24.0,1.0,,
18:31:32.914,6.4,MANUAL,0,0,0.0,0.0,0.0,4.17,6.89,CENTER_DUAL,296.0,-24.0,1.0,,
18:31:34.007,7.1,MANUAL,0,0,0.0,0.0,0.0,4.17,6.89,CENTER_DUAL,296.0,-24.0,1.0,,
18:31:35.075,7.1,MANUAL,0,0,0.0,0.0,0.0,4.17,6.89,CENTER_DUAL,296.1,-23.9,1.0,,
18:31:36.135,6.5,MANUAL,0,0,0.0,0.0,0.0,4.17,6.89,CENTER_DUAL,296.2,-23.8,1.0,,
18:31:37.190,6.4,MANUAL,0,0,0.0,0.0,0.0,4.17,6.89,CENTER_DUAL,296.3,-23.7,1.0,,
18:31:38.202,5.4,MANUAL,0,0,0.0,0.0,0.0,4.17,6.89,CENTER_DUAL,296.4,-23.6,1.0,,
18:31:39.276,7.1,MANUAL,0,0,0.0,0.0,0.0,4.17,6.89,CENTER_DUAL,296.4,-23.6,1.0,,
18:31:40.450,4.9,MANUAL,0,0,0.0,0.0,0.0,4.17,6.89,CENTER_DUAL,296.3,-23.7,1.0,,
18:31:41.512,5.9,MANUAL,0,0,0.0,0.0,0.0,4.17,6.89,CENTER_DUAL,296.1,-23.9,1.0,,
18:31:42.541,5.6,MANUAL,0,0,0.0,0.0,0.0,4.17,6.89,CENTER_DUAL,296.0,-24.0,1.0,,
18:31:43.656,7.2,MANUAL,0,0,0.0,0.0,0.0,4.17,6.89,CENTER_DUAL,295.9,-24.1,1.0,,
18:31:44.790,7.3,MANUAL,0,0,0.0,0.0,0.0,4.17,6.89,CENTER_DUAL,295.9,-24.1,1.0,,
18:31:45.835,7.2,MANUAL,0,0,0.0,0.0,0.0,4.17,6.89,CENTER_DUAL,295.9,-24.1,1.0,,
18:31:46.877,6.3,MANUAL,0,0,0.0,0.0,0.0,4.17,6.89,CENTER_DUAL,295.9,-24.1,1.0,,
18:31:47.936,7.2,MANUAL,0,0,0.0,0.0,0.0,4.17,6.89,CENTER_DUAL,295.9,-24.1,1.0,,
18:31:48.975,6.5,MANUAL,0,0,0.0,0.0,0.0,4.17,6.89,CENTER_DUAL,295.9,-24.1,1.0,,
18:31:50.056,6.4,MANUAL,0,0,0.0,0.0,0.0,4.17,6.89,CENTER_DUAL,296.0,-24.0,1.0,,
18:31:51.103,6.4,MANUAL,0,0,0.0,0.0,0.0,4.17,6.89,CENTER_DUAL,296.0,-24.0,1.0,,
18:31:52.118,6.4,MANUAL,0,0,0.0,0.0,0.0,4.17,6.89,CENTER_DUAL,295.9,-24.1,1.0,,
18:31:53.259,5.4,MANUAL,0,0,0.0,0.0,0.0,4.17,6.89,CENTER_DUAL,295.8,-24.2,1.0,,
18:31:54.281,7.2,MANUAL,0,0,0.0,0.0,0.0,4.17,6.89,CENTER_DUAL,295.8,-24.2,1.0,,
18:31:55.344,6.4,MANUAL,0,0,0.0,0.0,0.0,4.17,6.89,CENTER_DUAL,295.8,-24.2,1.0,,
18:31:56.440,6.5,MANUAL,0,0,0.0,0.0,0.0,4.17,6.89,CENTER_DUAL,295.8,-24.2,1.0,,
18:31:57.517,6.5,MANUAL,0,0,0.0,0.0,0.0,4.17,6.89,CENTER_DUAL,295.7,-24.3,1.0,,
18:31:58.554,7.1,MANUAL,0,0,0.0,0.0,0.0,4.17,6.89,CENTER_DUAL,295.7,-24.3,1.0,,
18:31:59.614,6.5,MANUAL,0,0,0.0,0.0,0.0,4.17,6.89,CENTER_DUAL,295.7,-24.3,1.0,,
18:32:00.682,6.4,MANUAL,0,0,0.0,0.0,0.0,4.17,6.89,CENTER_DUAL,295.8,-24.2,1.0,,
18:32:01.736,7.1,MANUAL,0,0,0.0,0.0,0.0,4.17,6.89,CENTER_DUAL,295.9,-24.1,1.0,,
18:32:02.824,6.4,MANUAL,0,0,0.0,0.0,0.0,4.17,6.89,CENTER_DUAL,296.0,-24.0,1.0,,
18:32:03.867,7.1,MANUAL,0,0,0.0,0.0,0.0,4.17,6.89,CENTER_DUAL,296.0,-24.0,1.0,,
18:32:04.908,5.4,MANUAL,0,0,0.0,0.0,0.0,4.17,6.89,CENTER_DUAL,295.7,-24.3,1.0,,
18:32:06.034,6.5,MANUAL,0,0,0.0,0.0,0.0,4.17,6.89,CENTER_DUAL,290.1,-29.9,1.0,,
18:32:07.042,7.1,MANUAL,0,0,0.0,0.0,0.0,4.17,6.89,CENTER_DUAL,289.0,-31.0,1.0,,
18:32:08.212,5.9,MANUAL,0,0,0.0,0.0,0.0,4.17,6.89,CENTER_DUAL,292.6,-27.4,1.0,,
18:32:09.332,7.1,MANUAL,0,0,0.0,0.0,0.0,4.17,6.89,CENTER_DUAL,295.9,-24.1,1.0,,
18:32:10.374,7.1,MANUAL,0,0,0.0,0.0,0.0,4.17,6.89,CENTER_DUAL,291.8,-28.2,1.0,,
18:32:11.440,6.4,MANUAL,0,0,0.0,0.0,0.0,4.17,6.89,CENTER_DUAL,291.6,-28.4,1.0,,
18:32:12.526,6.6,MANUAL,0,0,0.0,0.0,0.0,4.17,6.89,CENTER_DUAL,291.6,-28.4,1.0,,
18:32:13.546,7.1,MANUAL,0,0,0.0,0.0,0.0,4.17,6.89,CENTER_DUAL,287.3,-32.7,1.0,,
18:32:14.668,5.9,MANUAL,0,0,0.0,0.0,0.0,4.17,6.89,CENTER_DUAL,287.3,-32.7,1.0,,
18:32:15.699,7.1,MANUAL,0,0,0.0,0.0,0.0,4.17,6.89,CENTER_DUAL,287.4,-32.6,1.0,,
18:32:16.784,5.2,MANUAL,0,0,0.0,0.0,0.0,4.17,6.89,CENTER_DUAL,287.8,-32.2,1.0,,
18:32:17.933,5.4,MANUAL,0,0,0.0,0.0,0.0,4.17,6.89,CENTER_DUAL,287.5,-32.5,1.0,,
18:32:19.101,4.1,MANUAL,0,0,0.0,0.0,0.0,4.17,6.89,CENTER_DUAL,287.0,-33.0,1.0,,
18:32:20.167,5.4,MANUAL,0,0,0.0,0.0,0.0,4.17,6.89,CENTER_DUAL,286.4,-33.6,1.0,,
18:32:21.288,5.3,MANUAL,0,0,0.0,0.0,0.0,4.17,6.89,CENTER_DUAL,285.9,-34.1,1.0,,
18:32:22.384,6.3,MANUAL,0,0,0.0,0.0,0.0,4.17,6.89,CENTER_DUAL,285.5,-34.5,1.0,,
18:32:23.572,6.4,MANUAL,0,0,0.0,0.0,0.0,4.17,6.89,CENTER_DUAL,285.0,-35.0,1.0,,
18:32:24.598,5.3,MANUAL,0,0,0.0,0.0,0.0,4.17,6.89,CENTER_DUAL,284.7,-35.3,1.0,,
18:32:25.671,5.0,MANUAL,0,0,0.0,0.0,0.0,4.17,6.89,CENTER_DUAL,284.5,-35.5,1.0,,
18:32:26.731,6.4,MANUAL,0,0,0.0,0.0,0.0,4.17,6.89,CENTER_DUAL,284.2,-35.8,1.0,,
18:32:27.789,5.9,MANUAL,0,0,0.0,0.0,0.0,4.17,6.89,CENTER_DUAL,283.9,-36.1,1.0,,
18:32:28.875,6.5,MANUAL,0,0,0.0,0.0,0.0,4.17,6.89,CENTER_DUAL,283.8,-36.2,1.0,,
18:32:29.958,4.9,MANUAL,0,0,0.0,0.0,0.0,4.17,6.89,CENTER_DUAL,284.0,-36.0,1.0,,
18:32:30.985,6.5,MANUAL,0,0,0.0,0.0,0.0,4.17,6.89,CENTER_DUAL,284.4,-35.6,1.0,,
18:32:32.086,5.9,MANUAL,0,0,0.0,0.0,0.0,4.17,6.89,CENTER_DUAL,284.7,-35.3,1.0,,
18:32:33.130,6.0,MANUAL,0,0,0.0,0.0,0.0,4.17,6.89,CENTER_DUAL,288.6,-31.4,1.0,,
18:32:34.294,6.4,MANUAL,0,0,0.0,0.0,0.0,4.17,6.89,CENTER_DUAL,298.8,-21.2,1.0,,
18:32:35.419,6.5,MANUAL,0,0,0.0,0.0,0.0,4.17,6.89,CENTER_DUAL,296.0,-24.0,1.0,,
18:32:36.470,5.4,MANUAL,0,0,0.0,0.0,0.0,4.17,6.89,RIGHT_LANE_ONLY,276.7,-43.3,0.5,,
18:32:37.651,5.8,MANUAL,0,0,0.0,0.0,0.0,4.17,6.89,CENTER_DUAL,272.3,-47.7,1.0,,
18:32:38.708,5.3,MANUAL,0,0,0.0,0.0,0.0,4.17,6.89,CENTER_DUAL,279.7,-40.3,1.0,,
18:32:39.774,7.1,MANUAL,0,0,0.0,0.0,0.0,4.17,6.89,CENTER_DUAL,282.3,-37.7,1.0,,
18:32:40.869,6.4,MANUAL,0,0,0.0,0.0,0.0,4.17,6.89,CENTER_DUAL,283.1,-36.9,1.0,,
18:32:41.956,5.3,MANUAL,0,0,0.0,0.0,0.0,4.17,6.89,CENTER_DUAL,283.9,-36.1,1.0,,
18:32:43.017,5.9,MANUAL,0,0,0.0,0.0,0.0,4.17,6.89,CENTER_DUAL,284.3,-35.7,1.0,,
18:32:44.096,5.4,MANUAL,0,0,0.0,0.0,0.0,4.17,6.89,CENTER_DUAL,284.6,-35.4,1.0,,
18:32:45.278,5.3,MANUAL,0,0,0.0,0.0,0.0,4.17,6.89,CENTER_DUAL,284.6,-35.4,1.0,,
18:32:46.458,5.0,MANUAL,0,0,0.0,0.0,0.0,4.17,6.89,CENTER_DUAL,284.3,-35.7,1.0,,
18:32:47.502,5.8,MANUAL,0,0,0.0,0.0,0.0,4.17,6.89,CENTER_DUAL,280.3,-39.7,1.0,,
18:32:48.601,5.4,MANUAL,0,0,0.0,0.0,0.0,4.17,6.89,CENTER_DUAL,274.9,-45.1,1.0,,
18:32:49.676,4.9,MANUAL,0,0,0.0,0.0,0.0,4.17,6.89,CENTER_DUAL,273.7,-46.3,1.0,,
18:32:50.740,5.8,MANUAL,0,0,0.0,0.0,0.0,4.17,6.89,CENTER_DUAL,272.3,-47.7,1.0,,
18:32:51.890,7.1,MANUAL,0,0,0.0,0.0,0.0,4.17,6.89,CENTER_DUAL,271.3,-48.7,1.0,,
18:32:53.052,6.4,MANUAL,0,0,0.0,0.0,0.0,4.17,6.89,CENTER_DUAL,260.7,-59.3,1.0,,
18:32:54.173,5.4,MANUAL,0,0,0.0,0.0,0.0,4.17,6.89,CENTER_DUAL,309.7,-10.3,1.0,,
18:32:55.211,5.4,MANUAL,0,0,0.0,0.0,0.0,4.17,6.89,CENTER_DUAL,345.3,25.3,1.0,,
18:32:56.308,5.0,MANUAL,0,0,0.0,0.0,0.0,4.17,6.89,CENTER_DUAL,352.5,32.5,1.0,,
18:32:57.425,7.0,MANUAL,0,0,0.0,0.0,0.0,4.17,6.89,CENTER_DUAL,363.9,43.9,1.0,,
18:32:58.435,5.5,MANUAL,0,0,0.0,0.0,0.0,4.17,6.89,CENTER_DUAL,368.1,48.1,1.0,,
18:32:59.590,5.8,MANUAL,0,0,0.0,0.0,0.0,4.17,6.89,CENTER_DUAL,352.9,32.9,1.0,,
18:33:00.733,5.9,MANUAL,0,0,0.0,0.0,0.0,4.17,6.89,CENTER_DUAL,339.3,19.3,1.0,,
18:33:01.843,6.5,MANUAL,0,0,0.0,0.0,0.0,4.17,6.89,CENTER_DUAL,338.8,18.8,1.0,,
18:33:02.970,5.9,MANUAL,0,0,0.0,0.0,0.0,4.17,6.89,CENTER_DUAL,337.6,17.6,1.0,,
18:33:04.061,6.5,MANUAL,0,0,0.0,0.0,0.0,4.17,6.89,CENTER_DUAL,337.4,17.4,1.0,,
18:33:05.224,6.4,MANUAL,0,0,0.0,0.0,0.0,4.17,6.89,CENTER_DUAL,332.9,12.9,1.0,,
18:33:06.283,7.1,MANUAL,0,0,0.0,0.0,0.0,4.17,6.89,CENTER_DUAL,337.8,17.8,1.0,,
18:33:07.455,5.3,MANUAL,0,0,0.0,0.0,0.0,4.17,6.89,CENTER_DUAL,340.7,20.7,1.0,,
18:33:08.605,6.4,MANUAL,0,0,0.0,0.0,0.0,4.17,6.89,CENTER_DUAL,345.0,25.0,1.0,,
18:33:09.606,5.3,MANUAL,0,0,0.0,0.0,0.0,4.17,6.89,CENTER_DUAL,347.4,27.4,1.0,,
18:33:10.746,5.8,MANUAL,0,0,0.0,0.0,0.0,4.17,6.89,CENTER_DUAL,350.1,30.1,1.0,,
18:33:11.773,5.8,MANUAL,0,0,0.0,0.0,0.0,4.17,6.89,CENTER_DUAL,351.3,31.3,1.0,,
18:33:12.801,5.4,MANUAL,0,0,0.0,0.0,0.0,4.17,6.89,CENTER_DUAL,341.5,21.5,1.0,,
18:33:13.830,7.2,MANUAL,0,0,0.0,0.0,0.0,4.17,6.89,CENTER_DUAL,345.5,25.5,1.0,,
18:33:14.856,7.2,MANUAL,0,0,0.0,0.0,0.0,4.17,6.89,CENTER_DUAL,361.9,41.9,1.0,,
18:33:15.875,6.4,MANUAL,0,0,0.0,0.0,0.0,4.17,6.89,CENTER_DUAL,370.6,50.6,1.0,,
18:33:16.901,6.4,MANUAL,0,0,0.0,0.0,0.0,4.17,6.89,CENTER_DUAL,354.9,34.9,1.0,,
18:33:18.015,7.1,MANUAL,0,0,0.0,0.0,0.0,4.17,6.89,CENTER_DUAL,376.5,56.5,1.0,,
18:33:19.108,5.8,MANUAL,0,0,0.0,0.0,0.0,4.17,6.89,CENTER_DUAL,383.5,63.5,1.0,,
18:33:20.249,7.1,MANUAL,0,0,0.0,0.0,0.0,4.17,6.89,CENTER_DUAL,371.0,51.0,1.0,,
18:33:21.349,7.3,MANUAL,0,0,0.0,0.0,0.0,4.17,6.89,CENTER_DUAL,368.2,48.2,1.0,,
18:33:22.493,6.5,MANUAL,0,0,0.0,0.0,0.0,4.17,6.89,CENTER_DUAL,368.8,48.8,1.0,,
18:33:23.522,7.2,MANUAL,0,0,0.0,0.0,0.0,4.17,6.89,CENTER_DUAL,368.3,48.3,1.0,,
18:33:24.661,6.4,MANUAL,0,0,0.0,0.0,0.0,4.17,6.89,CENTER_DUAL,363.8,43.8,1.0,,
18:33:25.669,7.0,MANUAL,0,0,0.0,0.0,0.0,4.17,6.89,CENTER_DUAL,364.3,44.3,1.0,,
18:33:26.693,6.4,MANUAL,0,0,0.0,0.0,0.0,4.17,6.89,CENTER_DUAL,373.9,53.9,1.0,,
18:33:27.700,7.2,MANUAL,0,0,0.0,0.0,0.0,4.17,6.89,CENTER_DUAL,375.9,55.9,1.0,,
18:33:28.723,5.8,MANUAL,0,0,0.0,0.0,0.0,4.17,6.89,CENTER_DUAL,295.7,-24.3,1.0,,
18:33:29.753,7.1,MANUAL,0,0,0.0,0.0,0.0,4.17,6.89,CENTER_DUAL,274.9,-45.1,1.0,,
18:33:30.817,7.1,MANUAL,0,0,0.0,0.0,0.0,4.17,6.89,CENTER_DUAL,274.5,-45.5,1.0,,
18:33:31.963,7.1,MANUAL,0,0,0.0,0.0,0.0,4.17,6.89,CENTER_DUAL,275.5,-44.5,1.0,,
18:33:33.038,7.1,MANUAL,0,0,0.0,0.0,0.0,4.17,6.89,CENTER_DUAL,286.1,-33.9,1.0,,
18:33:34.117,5.9,MANUAL,0,0,0.0,0.0,0.0,4.17,6.89,CENTER_DUAL,285.1,-34.9,1.0,,
18:33:35.224,6.5,MANUAL,0,0,0.0,0.0,0.0,4.17,6.89,CENTER_DUAL,277.6,-42.4,1.0,,
18:33:36.372,5.9,MANUAL,0,0,0.0,0.0,0.0,4.17,6.89,CENTER_DUAL,296.4,-23.6,1.0,,
18:33:37.474,7.1,MANUAL,0,0,0.0,0.0,0.0,4.17,6.89,CENTER_DUAL,281.7,-38.3,1.0,,
18:33:38.534,6.5,MANUAL,0,0,0.0,0.0,0.0,4.17,6.89,CENTER_DUAL,275.3,-44.7,1.0,,
18:33:39.653,7.1,MANUAL,0,0,0.0,0.0,0.0,4.17,6.89,CENTER_DUAL,279.5,-40.5,1.0,,
18:33:40.660,7.2,MANUAL,0,0,0.0,0.0,0.0,4.17,6.89,CENTER_DUAL,298.9,-21.1,1.0,,
18:33:41.680,6.5,MANUAL,0,0,0.0,0.0,0.0,4.17,6.89,CENTER_DUAL,303.3,-16.7,1.0,,
18:33:42.755,5.8,MANUAL,0,0,0.0,0.0,0.0,4.17,6.89,CENTER_DUAL,304.0,-16.0,1.0,,
18:33:43.772,7.2,MANUAL,0,0,0.0,0.0,0.0,4.17,6.89,CENTER_DUAL,292.4,-27.6,1.0,,
18:33:44.772,7.1,MANUAL,0,0,0.0,0.0,0.0,4.17,6.89,CENTER_DUAL,281.1,-38.9,1.0,,
18:33:45.836,7.0,MANUAL,0,0,0.0,0.0,0.0,4.17,6.89,CENTER_DUAL,278.3,-41.7,1.0,,
18:33:46.879,7.1,MANUAL,0,0,0.0,0.0,0.0,4.17,6.89,CENTER_DUAL,277.0,-43.0,1.0,,
18:33:48.020,6.4,MANUAL,0,0,0.0,0.0,0.0,4.17,6.89,CENTER_DUAL,276.1,-43.9,1.0,,
18:33:49.092,7.2,MANUAL,0,0,0.0,0.0,0.0,4.17,6.89,CENTER_DUAL,275.5,-44.5,1.0,,
18:33:50.159,7.2,MANUAL,0,0,0.0,0.0,0.0,4.17,6.89,CENTER_DUAL,275.1,-44.9,1.0,,
18:33:51.230,6.4,MANUAL,0,0,0.0,0.0,0.0,4.17,6.89,CENTER_DUAL,274.7,-45.3,1.0,,
18:33:52.275,6.4,MANUAL,0,0,0.0,0.0,0.0,4.17,6.89,CENTER_DUAL,274.5,-45.5,1.0,,
18:33:53.308,7.1,MANUAL,0,0,0.0,0.0,0.0,4.17,6.89,CENTER_DUAL,274.4,-45.6,1.0,,
18:33:54.330,6.3,MANUAL,0,0,0.0,0.0,0.0,4.17,6.89,CENTER_DUAL,274.3,-45.7,1.0,,
18:33:55.356,7.2,MANUAL,0,0,0.0,0.0,0.0,4.17,6.89,CENTER_DUAL,274.3,-45.7,1.0,,
18:33:56.367,7.1,MANUAL,0,0,0.0,0.0,0.0,4.17,6.89,CENTER_DUAL,274.3,-45.7,1.0,,
18:33:57.375,6.4,MANUAL,0,0,0.0,0.0,0.0,4.17,6.89,CENTER_DUAL,274.3,-45.7,1.0,,
18:33:58.406,7.1,MANUAL,0,0,0.0,0.0,0.0,4.17,6.89,CENTER_DUAL,274.2,-45.8,1.0,,
18:33:59.442,7.1,MANUAL,0,0,0.0,0.0,0.0,4.17,6.89,CENTER_DUAL,274.2,-45.8,1.0,,
18:34:00.455,7.3,MANUAL,0,0,0.0,0.0,0.0,4.17,6.89,CENTER_DUAL,274.2,-45.8,1.0,,
18:34:01.506,7.2,MANUAL,0,0,0.0,0.0,0.0,4.17,6.89,CENTER_DUAL,274.3,-45.7,1.0,,
18:34:02.521,7.2,MANUAL,0,0,0.0,0.0,0.0,4.17,6.89,CENTER_DUAL,274.4,-45.6,1.0,,
18:34:03.590,6.4,MANUAL,0,0,0.0,0.0,0.0,4.17,6.89,CENTER_DUAL,274.5,-45.5,1.0,,
18:34:04.622,7.1,MANUAL,0,0,0.0,0.0,0.0,4.17,6.89,CENTER_DUAL,274.5,-45.5,1.0,,
18:34:05.672,6.5,MANUAL,0,0,0.0,0.0,0.0,4.17,6.89,CENTER_DUAL,274.4,-45.6,1.0,,
18:34:06.820,6.5,MANUAL,0,0,0.0,0.0,0.0,4.17,6.89,CENTER_DUAL,274.5,-45.5,1.0,,
18:34:07.884,5.8,MANUAL,0,0,0.0,0.0,0.0,4.17,6.89,CENTER_DUAL,274.6,-45.4,1.0,,
18:34:08.885,7.2,MANUAL,0,0,0.0,0.0,0.0,4.17,6.89,CENTER_DUAL,274.6,-45.4,1.0,,
18:34:09.887,7.1,MANUAL,0,0,0.0,0.0,0.0,4.17,6.89,CENTER_DUAL,274.5,-45.5,1.0,,
18:34:10.981,5.9,MANUAL,0,0,0.0,0.0,0.0,4.17,6.89,CENTER_DUAL,274.5,-45.5,1.0,,
18:34:12.006,6.4,MANUAL,0,0,0.0,0.0,0.0,4.17,6.89,CENTER_DUAL,274.6,-45.4,1.0,,
18:34:13.018,7.1,MANUAL,0,0,0.0,0.0,0.0,4.17,6.89,CENTER_DUAL,274.7,-45.3,1.0,,
18:34:14.061,6.5,MANUAL,0,0,0.0,0.0,0.0,4.17,6.89,CENTER_DUAL,274.7,-45.3,1.0,,
18:34:15.136,6.4,MANUAL,0,0,0.0,0.0,0.0,4.17,6.89,CENTER_DUAL,274.7,-45.3,1.0,,
18:34:16.160,6.5,MANUAL,0,0,0.0,0.0,0.0,4.17,6.89,CENTER_DUAL,274.7,-45.3,1.0,,
18:34:17.166,6.4,MANUAL,0,0,0.0,0.0,0.0,4.17,6.89,CENTER_DUAL,274.7,-45.3,1.0,,
18:34:18.209,7.1,MANUAL,0,0,0.0,0.0,0.0,4.17,6.89,CENTER_DUAL,274.7,-45.3,1.0,,
18:34:19.245,7.1,MANUAL,0,0,0.0,0.0,0.0,4.17,6.89,CENTER_DUAL,274.6,-45.4,1.0,,
18:34:20.248,6.5,MANUAL,0,0,0.0,0.0,0.0,4.17,6.89,CENTER_DUAL,274.5,-45.5,1.0,,
18:34:21.258,6.5,MANUAL,0,0,0.0,0.0,0.0,4.17,6.89,CENTER_DUAL,274.4,-45.6,1.0,,
18:34:22.338,6.6,MANUAL,0,0,0.0,0.0,0.0,4.17,6.89,CENTER_DUAL,274.4,-45.6,1.0,,
18:34:23.381,7.2,MANUAL,0,0,0.0,0.0,0.0,4.17,6.89,CENTER_DUAL,274.3,-45.7,1.0,,
18:34:24.386,6.4,MANUAL,0,0,0.0,0.0,0.0,4.17,6.89,CENTER_DUAL,274.3,-45.7,1.0,,
18:34:25.411,6.4,MANUAL,0,0,0.0,0.0,0.0,4.17,6.89,CENTER_DUAL,274.3,-45.7,1.0,,
18:34:26.461,5.9,MANUAL,0,0,0.0,0.0,0.0,4.17,6.89,CENTER_DUAL,274.3,-45.7,1.0,,
18:34:27.507,6.4,MANUAL,0,0,0.0,0.0,0.0,4.17,6.89,CENTER_DUAL,274.2,-45.8,1.0,,
18:34:28.614,5.4,MANUAL,0,0,0.0,0.0,0.0,4.17,6.89,CENTER_DUAL,273.9,-46.1,1.0,,
18:34:29.765,6.5,MANUAL,0,0,0.0,0.0,0.0,4.17,6.89,CENTER_DUAL,273.6,-46.4,1.0,,
18:34:30.825,6.4,MANUAL,0,0,0.0,0.0,0.0,4.17,6.89,CENTER_DUAL,273.4,-46.6,1.0,,
18:34:31.842,7.2,MANUAL,0,0,0.0,0.0,0.0,4.17,6.89,CENTER_DUAL,273.2,-46.8,1.0,,
18:34:32.942,5.6,MANUAL,0,0,0.0,0.0,0.0,4.17,6.89,CENTER_DUAL,273.1,-46.9,1.0,,
18:34:34.046,6.5,MANUAL,0,0,0.0,0.0,0.0,4.17,6.89,CENTER_DUAL,273.0,-47.0,1.0,,
18:34:35.155,6.5,MANUAL,0,0,0.0,0.0,0.0,4.17,6.89,CENTER_DUAL,272.9,-47.1,1.0,,
18:34:36.210,5.5,MANUAL,0,0,0.0,0.0,0.0,4.17,6.89,CENTER_DUAL,272.8,-47.2,1.0,,
18:34:37.300,6.6,MANUAL,0,0,0.0,0.0,0.0,4.17,6.89,CENTER_DUAL,272.8,-47.2,1.0,,
18:34:38.320,6.0,MANUAL,0,0,0.0,0.0,0.0,4.17,6.89,CENTER_DUAL,272.8,-47.2,1.0,,
18:34:39.386,5.3,MANUAL,0,0,0.0,0.0,0.0,4.17,6.89,CENTER_DUAL,272.8,-47.2,1.0,,
18:34:40.522,7.0,MANUAL,0,0,0.0,0.0,0.0,4.17,6.89,CENTER_DUAL,272.8,-47.2,1.0,,
18:34:41.566,6.5,MANUAL,0,0,0.0,0.0,0.0,4.17,6.89,CENTER_DUAL,272.8,-47.2,1.0,,
18:34:42.599,6.5,MANUAL,0,0,0.0,0.0,0.0,4.17,6.89,CENTER_DUAL,272.7,-47.3,1.0,,
18:34:43.730,5.8,MANUAL,0,0,0.0,0.0,0.0,4.17,6.89,CENTER_DUAL,272.7,-47.3,1.0,,
18:34:44.766,6.3,MANUAL,0,0,0.0,0.0,0.0,4.17,6.89,CENTER_DUAL,272.7,-47.3,1.0,,
18:34:45.794,7.3,MANUAL,0,0,0.0,0.0,0.0,4.17,6.89,CENTER_DUAL,272.7,-47.3,1.0,,
18:34:46.884,6.5,MANUAL,0,0,0.0,0.0,0.0,4.17,6.89,CENTER_DUAL,272.7,-47.3,1.0,,
18:34:47.995,5.4,MANUAL,0,0,0.0,0.0,0.0,4.17,6.89,CENTER_DUAL,272.6,-47.4,1.0,,
18:34:49.023,5.6,MANUAL,0,0,0.0,0.0,0.0,4.17,6.89,CENTER_DUAL,272.6,-47.4,1.0,,
18:34:50.057,5.9,MANUAL,0,0,0.0,0.0,0.0,4.17,6.89,CENTER_DUAL,272.6,-47.4,1.0,,
18:34:51.202,5.1,MANUAL,0,0,0.0,0.0,0.0,4.17,6.89,CENTER_DUAL,272.6,-47.4,1.0,,
18:34:52.311,5.9,MANUAL,0,0,0.0,0.0,0.0,4.17,6.89,CENTER_DUAL,272.7,-47.3,1.0,,
18:34:53.335,6.4,MANUAL,0,0,0.0,0.0,0.0,4.17,6.89,CENTER_DUAL,268.7,-51.3,1.0,,
18:34:54.415,6.3,MANUAL,0,0,0.0,0.0,0.0,4.17,6.89,CENTER_DUAL,271.2,-48.8,1.0,,
18:34:55.546,6.5,MANUAL,0,0,0.0,0.0,0.0,4.17,6.89,CENTER_DUAL,272.3,-47.7,1.0,,
18:34:56.604,6.6,MANUAL,0,0,0.0,0.0,0.0,4.17,6.89,CENTER_DUAL,273.1,-46.9,1.0,,
18:34:57.611,7.2,MANUAL,0,0,0.0,0.0,0.0,4.17,6.89,CENTER_DUAL,273.6,-46.4,1.0,,
18:34:58.664,5.5,MANUAL,0,0,0.0,0.0,0.0,4.17,6.89,CENTER_DUAL,273.9,-46.1,1.0,,
18:34:59.689,6.5,MANUAL,0,0,0.0,0.0,0.0,4.17,6.89,CENTER_DUAL,274.0,-46.0,1.0,,
18:35:00.764,7.1,MANUAL,0,0,0.0,0.0,0.0,4.17,6.89,CENTER_DUAL,273.8,-46.2,1.0,,
18:35:01.817,6.4,MANUAL,0,0,0.0,0.0,0.0,4.17,6.89,CENTER_DUAL,332.0,12.0,1.0,,
18:35:02.846,6.5,MANUAL,0,0,0.0,0.0,0.0,4.17,6.89,LEFT_LANE_ONLY,383.7,63.7,0.5,,
18:35:04.047,6.4,MANUAL,0,0,0.0,0.0,0.0,4.17,6.89,LEFT_LANE_ONLY,298.2,-21.8,0.5,,
18:35:05.107,5.9,MANUAL,0,0,0.0,0.0,0.0,4.17,6.89,LEFT_LANE_ONLY,286.2,-33.8,0.5,,
18:35:06.135,7.1,MANUAL,0,0,0.0,0.0,0.0,4.17,6.89,CENTER_DUAL,277.8,-42.2,1.0,,
18:35:07.282,7.1,MANUAL,0,0,0.0,0.0,0.0,4.17,6.89,LEFT_LANE_ONLY,286.9,-33.1,0.5,,
18:35:08.322,6.4,MANUAL,0,0,0.0,0.0,0.0,4.17,6.89,CENTER_DUAL,291.2,-28.8,1.0,,
18:35:09.330,7.1,MANUAL,0,0,0.0,0.0,0.0,4.17,6.89,CENTER_DUAL,346.4,26.4,1.0,,
18:35:10.344,6.5,MANUAL,0,0,0.0,0.0,0.0,4.17,6.89,CENTER_DUAL,355.5,35.5,1.0,,
18:35:11.475,7.1,MANUAL,0,0,0.0,0.0,0.0,4.17,6.89,CENTER_DUAL,377.2,57.2,1.0,,
18:35:12.538,6.5,MANUAL,0,0,0.0,0.0,0.0,4.17,6.89,CENTER_DUAL,379.1,59.1,1.0,,
18:35:13.590,5.8,MANUAL,0,0,0.0,0.0,0.0,4.17,6.89,CENTER_DUAL,367.0,47.0,1.0,,
18:35:14.726,6.5,MANUAL,0,0,0.0,0.0,0.0,4.17,6.89,CENTER_DUAL,378.3,58.3,1.0,,
18:35:15.850,5.4,MANUAL,0,0,0.0,0.0,0.0,4.17,6.89,CENTER_DUAL,376.3,56.3,1.0,,
18:35:17.019,5.8,MANUAL,0,0,0.0,0.0,0.0,4.17,6.89,CENTER_DUAL,380.5,60.5,1.0,,
18:35:18.059,5.4,MANUAL,0,0,0.0,0.0,0.0,4.17,6.89,CENTER_DUAL,382.9,62.9,1.0,,
18:35:19.143,4.9,MANUAL,0,0,0.0,0.0,0.0,4.17,6.89,CENTER_DUAL,388.5,68.5,1.0,,
18:35:20.143,7.0,MANUAL,0,0,0.0,0.0,0.0,4.17,6.89,CENTER_DUAL,389.3,69.3,1.0,,
18:35:21.169,7.2,MANUAL,0,0,0.0,0.0,0.0,4.17,6.89,CENTER_DUAL,393.0,73.0,1.0,,
18:35:22.198,6.4,MANUAL,0,0,0.0,0.0,0.0,4.17,6.89,CENTER_DUAL,395.8,75.8,1.0,,
18:35:23.297,6.6,MANUAL,0,0,0.0,0.0,0.0,4.17,6.89,CENTER_DUAL,321.6,1.6,1.0,,
18:35:24.367,7.1,MANUAL,0,0,0.0,0.0,0.0,4.17,6.89,CENTER_DUAL,288.6,-31.4,1.0,,
18:35:25.445,5.9,MANUAL,0,0,0.0,0.0,0.0,4.17,6.89,RIGHT_LANE_ONLY,281.9,-38.1,0.5,,
18:35:26.519,5.9,MANUAL,0,0,0.0,0.0,0.0,4.17,6.89,CENTER_DUAL,282.0,-38.0,1.0,,
18:35:27.539,7.2,MANUAL,0,0,0.0,0.0,0.0,4.17,6.89,RIGHT_LANE_ONLY,282.4,-37.6,0.5,,
18:35:28.676,4.9,MANUAL,0,0,0.0,0.0,0.0,4.17,6.89,RIGHT_LANE_ONLY,278.8,-41.2,0.5,,
18:35:29.737,5.4,MANUAL,0,0,0.0,0.0,0.0,4.17,6.89,RIGHT_LANE_ONLY,279.6,-40.4,0.5,,
18:35:30.888,5.4,MANUAL,0,0,0.0,0.0,0.0,4.17,6.89,CENTER_DUAL,280.6,-39.4,1.0,,
18:35:31.969,7.2,MANUAL,0,0,0.0,0.0,0.0,4.17,6.89,CENTER_DUAL,281.5,-38.5,1.0,,
18:35:33.025,6.3,MANUAL,0,0,0.0,0.0,0.0,4.17,6.89,RIGHT_LANE_ONLY,281.9,-38.1,0.5,,
18:35:34.183,5.4,MANUAL,0,0,0.0,0.0,0.0,4.17,6.89,CENTER_DUAL,282.3,-37.7,1.0,,
18:35:35.283,6.5,MANUAL,0,0,0.0,0.0,0.0,4.17,6.89,CENTER_DUAL,280.1,-39.9,1.0,,
18:35:36.360,7.1,MANUAL,0,0,0.0,0.0,0.0,4.17,6.89,LEFT_LANE_ONLY,278.0,-42.0,0.5,,
18:35:37.445,6.6,MANUAL,0,0,0.0,0.0,0.0,4.17,6.89,CENTER_DUAL,275.5,-44.5,1.0,,
18:35:38.485,5.6,MANUAL,0,0,0.0,0.0,0.0,4.17,6.89,CENTER_DUAL,275.5,-44.5,1.0,,
18:35:39.539,5.4,MANUAL,0,0,0.0,0.0,0.0,4.17,6.89,CENTER_DUAL,278.2,-41.8,1.0,,
18:35:40.564,7.3,MANUAL,0,0,0.0,0.0,0.0,4.17,6.89,LEFT_LANE_ONLY,280.8,-39.2,0.5,,
18:35:41.593,6.5,MANUAL,0,0,0.0,0.0,0.0,4.17,6.89,CENTER_DUAL,275.8,-44.2,1.0,,
18:35:42.611,7.1,MANUAL,0,0,0.0,0.0,0.0,4.17,6.89,CENTER_DUAL,274.1,-45.9,1.0,,
18:35:43.757,6.4,MANUAL,0,0,0.0,0.0,0.0,4.17,6.89,CENTER_DUAL,274.0,-46.0,1.0,,
18:35:44.791,5.4,MANUAL,0,0,0.0,0.0,0.0,4.17,6.89,CENTER_DUAL,274.4,-45.6,1.0,,
18:35:45.855,6.5,MANUAL,0,0,0.0,0.0,0.0,4.17,6.89,LEFT_LANE_ONLY,276.7,-43.3,0.5,,
18:35:46.894,7.2,MANUAL,0,0,0.0,0.0,0.0,4.17,6.89,CENTER_DUAL,276.0,-44.0,1.0,,
18:35:47.933,7.1,MANUAL,0,0,0.0,0.0,0.0,4.17,6.89,CENTER_DUAL,276.5,-43.5,1.0,,
18:35:48.990,6.4,MANUAL,0,0,0.0,0.0,0.0,4.17,6.89,CENTER_DUAL,278.5,-41.5,1.0,,
18:35:50.043,6.4,MANUAL,0,0,0.0,0.0,0.0,4.17,6.89,CENTER_DUAL,278.3,-41.7,1.0,,
18:35:51.121,5.9,MANUAL,0,0,0.0,0.0,0.0,4.17,6.89,LEFT_LANE_ONLY,282.3,-37.7,0.5,,
18:35:52.239,7.1,MANUAL,0,0,0.0,0.0,0.0,4.17,6.89,CENTER_DUAL,285.6,-34.4,1.0,,
18:35:53.327,6.5,MANUAL,0,0,0.0,0.0,0.0,4.17,6.89,CENTER_DUAL,291.0,-29.0,1.0,,
18:35:54.410,6.4,MANUAL,0,0,0.0,0.0,0.0,4.17,6.89,CENTER_DUAL,290.8,-29.2,1.0,,
18:35:55.479,5.9,MANUAL,0,0,0.0,0.0,0.0,4.17,6.89,CENTER_DUAL,289.9,-30.1,1.0,,
18:35:56.494,6.4,MANUAL,0,0,0.0,0.0,0.0,4.17,6.89,CENTER_DUAL,289.0,-31.0,1.0,,
18:35:57.566,6.4,MANUAL,0,0,0.0,0.0,0.0,4.17,6.89,CENTER_DUAL,288.4,-31.6,1.0,,
18:35:58.633,6.3,MANUAL,0,0,0.0,0.0,0.0,4.17,6.89,CENTER_DUAL,287.8,-32.2,1.0,,
18:35:59.674,6.1,MANUAL,0,0,0.0,0.0,0.0,4.17,6.89,CENTER_DUAL,287.3,-32.7,1.0,,
18:36:00.716,5.8,MANUAL,0,0,0.0,0.0,0.0,4.17,6.89,CENTER_DUAL,286.9,-33.1,1.0,,
18:36:01.859,6.4,MANUAL,0,0,0.0,0.0,0.0,4.17,6.89,CENTER_DUAL,287.1,-32.9,1.0,,
18:36:02.929,6.4,MANUAL,0,0,0.0,0.0,0.0,4.17,6.89,CENTER_DUAL,287.3,-32.7,1.0,,
18:36:04.003,6.5,MANUAL,0,0,0.0,0.0,0.0,4.17,6.89,CENTER_DUAL,287.5,-32.5,1.0,,
18:36:05.141,6.4,MANUAL,0,0,0.0,0.0,0.0,4.17,6.89,CENTER_DUAL,287.8,-32.2,1.0,,
18:36:06.199,7.1,MANUAL,0,0,0.0,0.0,0.0,4.17,6.89,CENTER_DUAL,287.9,-32.1,1.0,,
18:36:07.224,6.5,MANUAL,0,0,0.0,0.0,0.0,4.17,6.89,CENTER_DUAL,287.4,-32.6,1.0,,
18:36:08.289,7.1,MANUAL,0,0,0.0,0.0,0.0,4.17,6.89,CENTER_DUAL,286.6,-33.4,1.0,,
18:36:09.472,5.4,MANUAL,0,0,0.0,0.0,0.0,4.17,6.89,CENTER_DUAL,286.1,-33.9,1.0,,
18:36:10.491,5.9,MANUAL,0,0,0.0,0.0,0.0,4.17,6.89,LEFT_LANE_ONLY,307.8,-12.2,0.5,,
18:36:11.563,6.5,MANUAL,0,0,0.0,0.0,0.0,4.17,6.89,LEFT_LANE_ONLY,274.7,-45.3,0.5,,
18:36:12.644,6.4,MANUAL,0,0,0.0,0.0,0.0,4.17,6.89,LEFT_LANE_ONLY,281.7,-38.3,0.5,,
18:36:13.796,5.8,MANUAL,0,0,0.0,0.0,0.0,4.17,6.89,CENTER_DUAL,277.8,-42.2,1.0,,
18:36:14.891,6.4,MANUAL,0,0,0.0,0.0,0.0,4.17,6.89,LEFT_LANE_ONLY,280.5,-39.5,0.5,,
18:36:16.012,5.4,MANUAL,0,0,0.0,0.0,0.0,4.17,6.89,CENTER_DUAL,358.8,38.8,1.0,,
18:36:17.050,5.9,MANUAL,0,0,0.0,0.0,0.0,4.17,6.89,CENTER_DUAL,349.8,29.8,1.0,,
18:36:18.068,6.4,MANUAL,0,0,0.0,0.0,0.0,4.17,6.89,CENTER_DUAL,337.6,17.6,1.0,,
18:36:19.137,6.4,MANUAL,0,0,0.0,0.0,0.0,4.17,6.89,CENTER_DUAL,220.3,-99.7,1.0,,
18:36:20.229,6.5,MANUAL,0,0,0.0,0.0,0.0,4.17,6.89,CENTER_DUAL,319.0,-1.0,1.0,,
18:36:21.289,7.4,MANUAL,0,0,0.0,0.0,0.0,4.17,6.89,CENTER_DUAL,300.7,-19.3,1.0,,
18:36:22.409,8.0,MANUAL,0,0,0.0,0.0,0.0,4.17,6.89,CENTER_DUAL,279.6,-40.4,1.0,,
18:36:23.507,6.5,MANUAL,0,0,0.0,0.0,0.0,4.17,6.89,CENTER_DUAL,290.7,-29.3,1.0,,
18:36:24.518,4.9,MANUAL,0,0,0.0,0.0,0.0,4.17,6.89,CENTER_DUAL,293.0,-27.0,1.0,,
18:36:25.553,5.4,MANUAL,0,0,0.0,0.0,0.0,4.17,6.89,CENTER_DUAL,307.3,-12.7,1.0,,
18:36:26.692,5.1,MANUAL,0,0,0.0,0.0,0.0,4.17,6.89,CENTER_DUAL,326.2,6.2,1.0,,
18:36:27.717,4.9,MANUAL,0,0,0.0,0.0,0.0,4.17,6.89,CENTER_DUAL,339.7,19.7,1.0,,
18:36:28.757,4.9,MANUAL,0,0,0.0,0.0,0.0,4.17,6.89,CENTER_DUAL,350.6,30.6,1.0,,
18:36:29.855,5.3,MANUAL,0,0,0.0,0.0,0.0,4.17,6.89,CENTER_DUAL,351.8,31.8,1.0,,
18:36:30.986,6.5,MANUAL,0,0,0.0,0.0,0.0,4.17,6.89,CENTER_DUAL,345.6,25.6,1.0,,
18:36:32.028,7.1,MANUAL,0,0,0.0,0.0,0.0,4.17,6.89,CENTER_DUAL,340.8,20.8,1.0,,
18:36:33.062,6.9,MANUAL,0,0,0.0,0.0,0.0,4.17,6.89,CENTER_DUAL,339.4,19.4,1.0,,
18:36:34.161,6.5,MANUAL,0,0,0.0,0.0,0.0,4.17,6.89,CENTER_DUAL,338.4,18.4,1.0,,
18:36:35.189,7.2,MANUAL,0,0,0.0,0.0,0.0,4.17,6.89,CENTER_DUAL,337.6,17.6,1.0,,
18:36:36.233,6.3,MANUAL,0,0,0.0,0.0,0.0,4.17,6.89,CENTER_DUAL,337.1,17.1,1.0,,
18:36:37.255,6.5,MANUAL,0,0,0.0,0.0,0.0,4.17,6.89,CENTER_DUAL,336.6,16.6,1.0,,
18:36:38.391,6.5,MANUAL,0,0,0.0,0.0,0.0,4.17,6.89,CENTER_DUAL,336.3,16.3,1.0,,
18:36:39.539,6.5,MANUAL,0,0,0.0,0.0,0.0,4.17,6.89,CENTER_DUAL,335.9,15.9,1.0,,
18:36:40.584,6.5,MANUAL,0,0,0.0,0.0,0.0,4.17,6.89,CENTER_DUAL,335.7,15.7,1.0,,
18:36:41.624,7.0,MANUAL,0,0,0.0,0.0,0.0,4.17,6.89,CENTER_DUAL,335.5,15.5,1.0,,
18:36:42.662,7.2,MANUAL,0,0,0.0,0.0,0.0,4.17,6.89,CENTER_DUAL,335.3,15.3,1.0,,
18:36:43.682,7.1,MANUAL,0,0,0.0,0.0,0.0,4.17,6.89,CENTER_DUAL,335.2,15.2,1.0,,
18:36:44.748,6.4,MANUAL,0,0,0.0,0.0,0.0,4.17,6.89,CENTER_DUAL,335.1,15.1,1.0,,
18:36:45.765,6.4,MANUAL,0,0,0.0,0.0,0.0,4.17,6.89,CENTER_DUAL,335.1,15.1,1.0,,
18:36:46.804,7.1,MANUAL,0,0,0.0,0.0,0.0,4.17,6.89,CENTER_DUAL,335.0,15.0,1.0,,
18:36:48.463,7.1,MANUAL,0,0,0.0,0.0,0.0,4.17,6.89,CENTER_DUAL,335.0,15.0,1.0,,
18:36:49.603,5.9,MANUAL,0,0,0.0,0.0,0.0,4.17,6.89,CENTER_DUAL,335.0,15.0,1.0,,
18:36:50.730,7.2,MANUAL,0,0,0.0,0.0,0.0,4.17,6.89,CENTER_DUAL,335.0,15.0,1.0,,
18:36:51.763,7.2,MANUAL,0,0,0.0,0.0,0.0,4.17,6.89,CENTER_DUAL,335.0,15.0,1.0,,
18:36:52.788,6.5,MANUAL,0,0,0.0,0.0,0.0,4.17,6.89,CENTER_DUAL,334.9,14.9,1.0,,
18:36:53.807,7.1,MANUAL,0,0,0.0,0.0,0.0,4.17,6.89,CENTER_DUAL,334.9,14.9,1.0,,
18:36:54.936,7.2,MANUAL,0,0,0.0,0.0,0.0,4.17,6.89,CENTER_DUAL,334.9,14.9,1.0,,
18:36:56.056,7.1,MANUAL,0,0,0.0,0.0,0.0,4.17,6.89,CENTER_DUAL,334.9,14.9,1.0,,
18:36:57.177,7.2,MANUAL,0,0,0.0,0.0,0.0,4.17,6.89,CENTER_DUAL,335.0,15.0,1.0,,
18:36:58.203,7.1,MANUAL,0,0,0.0,0.0,0.0,4.17,6.89,CENTER_DUAL,335.2,15.2,1.0,,
18:36:59.349,7.2,MANUAL,0,0,0.0,0.0,0.0,4.17,6.89,CENTER_DUAL,335.5,15.5,1.0,,
18:37:00.487,7.1,MANUAL,0,0,0.0,0.0,0.0,4.17,6.89,CENTER_DUAL,335.8,15.8,1.0,,
18:37:01.633,7.1,MANUAL,0,0,0.0,0.0,0.0,4.17,6.89,CENTER_DUAL,336.1,16.1,1.0,,
18:37:02.751,7.3,MANUAL,0,0,0.0,0.0,0.0,4.17,6.89,CENTER_DUAL,336.5,16.5,1.0,,
18:37:03.880,7.1,MANUAL,0,0,0.0,0.0,0.0,4.17,6.89,CENTER_DUAL,336.9,16.9,1.0,,
18:37:04.992,7.2,MANUAL,0,0,0.0,0.0,0.0,4.17,6.89,CENTER_DUAL,337.4,17.4,1.0,,
18:37:06.127,7.2,MANUAL,0,0,0.0,0.0,0.0,4.17,6.89,CENTER_DUAL,338.2,18.2,1.0,,
18:37:07.247,7.2,MANUAL,0,0,0.0,0.0,0.0,4.17,6.89,CENTER_DUAL,339.3,19.3,1.0,,
18:37:08.393,6.5,MANUAL,0,0,0.0,0.0,0.0,4.17,6.89,CENTER_DUAL,340.8,20.8,1.0,,
18:37:09.519,7.1,MANUAL,0,0,0.0,0.0,0.0,4.17,6.89,CENTER_DUAL,351.1,31.1,1.0,,
18:37:10.644,7.2,MANUAL,0,0,0.0,0.0,0.0,4.17,6.89,CENTER_DUAL,355.7,35.7,1.0,,
18:37:11.779,7.1,MANUAL,0,0,0.0,0.0,0.0,4.17,6.89,CENTER_DUAL,357.5,37.5,1.0,,
18:37:12.927,6.5,MANUAL,0,0,0.0,0.0,0.0,4.17,6.89,CENTER_DUAL,359.1,39.1,1.0,,
18:37:14.044,7.2,MANUAL,0,0,0.0,0.0,0.0,4.17,6.89,CENTER_DUAL,360.0,40.0,1.0,,
18:37:15.188,6.5,MANUAL,0,0,0.0,0.0,0.0,4.17,6.89,CENTER_DUAL,360.1,40.1,1.0,,
18:37:16.210,7.2,MANUAL,0,0,0.0,0.0,0.0,4.17,6.89,CENTER_DUAL,359.9,39.9,1.0,,
18:37:17.221,7.1,MANUAL,0,0,0.0,0.0,0.0,4.17,6.89,CENTER_DUAL,359.4,39.4,1.0,,
18:37:18.234,7.2,MANUAL,0,0,0.0,0.0,0.0,4.17,6.89,CENTER_DUAL,358.8,38.8,1.0,,
18:37:19.238,6.4,MANUAL,0,0,0.0,0.0,0.0,4.17,6.89,CENTER_DUAL,358.2,38.2,1.0,,
18:37:20.255,7.2,MANUAL,0,0,0.0,0.0,0.0,4.17,6.89,CENTER_DUAL,357.3,37.3,1.0,,
18:37:21.261,7.0,MANUAL,0,0,0.0,0.0,0.0,4.17,6.89,CENTER_DUAL,356.0,36.0,1.0,,
18:37:22.395,7.1,MANUAL,0,0,0.0,0.0,0.0,4.17,6.89,CENTER_DUAL,352.9,32.9,1.0,,
18:37:23.525,7.1,MANUAL,0,0,0.0,0.0,0.0,4.17,6.89,CENTER_DUAL,349.8,29.8,1.0,,
18:37:24.662,7.2,MANUAL,0,0,0.0,0.0,0.0,4.17,6.89,CENTER_DUAL,348.1,28.1,1.0,,
18:37:25.796,7.2,MANUAL,0,0,0.0,0.0,0.0,4.17,6.89,CENTER_DUAL,346.5,26.5,1.0,,
18:37:26.930,7.1,MANUAL,0,0,0.0,0.0,0.0,4.17,6.89,CENTER_DUAL,345.8,25.8,1.0,,
18:37:27.952,6.5,MANUAL,0,0,0.0,0.0,0.0,4.17,6.89,CENTER_DUAL,349.4,29.4,1.0,,
18:37:29.072,7.2,MANUAL,0,0,0.0,0.0,0.0,4.17,6.89,CENTER_DUAL,356.9,36.9,1.0,,
18:37:30.198,7.2,MANUAL,0,0,0.0,0.0,0.0,4.17,6.89,CENTER_DUAL,358.4,38.4,1.0,,
18:37:31.323,7.1,MANUAL,0,0,0.0,0.0,0.0,4.17,6.89,CENTER_DUAL,359.4,39.4,1.0,,
18:37:32.450,7.1,MANUAL,0,0,0.0,0.0,0.0,4.17,6.89,CENTER_DUAL,360.2,40.2,1.0,,
18:37:33.573,7.1,MANUAL,0,0,0.0,0.0,0.0,4.17,6.89,CENTER_DUAL,361.0,41.0,1.0,,
18:37:34.697,7.1,MANUAL,0,0,0.0,0.0,0.0,4.17,6.89,CENTER_DUAL,361.7,41.7,1.0,,
18:37:35.811,7.3,MANUAL,0,0,0.0,0.0,0.0,4.17,6.89,CENTER_DUAL,361.9,41.9,1.0,,
18:37:36.933,7.2,MANUAL,0,0,0.0,0.0,0.0,4.17,6.89,CENTER_DUAL,361.7,41.7,1.0,,
18:37:38.046,7.1,MANUAL,0,0,0.0,0.0,0.0,4.17,6.89,CENTER_DUAL,362.9,42.9,1.0,,
18:37:39.061,7.2,MANUAL,0,0,0.0,0.0,0.0,4.17,6.89,CENTER_DUAL,364.2,44.2,1.0,,
18:37:40.176,7.2,MANUAL,0,0,0.0,0.0,0.0,4.17,6.89,CENTER_DUAL,365.7,45.7,1.0,,
18:37:41.307,7.2,MANUAL,0,0,0.0,0.0,0.0,4.17,6.89,CENTER_DUAL,366.9,46.9,1.0,,
18:37:42.430,7.2,MANUAL,0,0,0.0,0.0,0.0,4.17,6.89,CENTER_DUAL,367.7,47.7,1.0,,
18:37:43.554,7.1,MANUAL,0,0,0.0,0.0,0.0,4.17,6.89,CENTER_DUAL,368.2,48.2,1.0,,
18:37:44.689,7.1,MANUAL,0,0,0.0,0.0,0.0,4.17,6.89,CENTER_DUAL,368.6,48.6,1.0,,
18:37:45.809,7.2,MANUAL,0,0,0.0,0.0,0.0,4.17,6.89,CENTER_DUAL,368.9,48.9,1.0,,
18:37:46.928,7.2,MANUAL,0,0,0.0,0.0,0.0,4.17,6.89,CENTER_DUAL,369.2,49.2,1.0,,
18:37:48.051,7.0,MANUAL,0,0,0.0,0.0,0.0,4.17,6.89,CENTER_DUAL,369.5,49.5,1.0,,
18:37:49.172,7.0,MANUAL,0,0,0.0,0.0,0.0,4.17,6.89,CENTER_DUAL,369.9,49.9,1.0,,
18:37:50.291,7.1,MANUAL,0,0,0.0,0.0,0.0,4.17,6.89,CENTER_DUAL,370.5,50.5,1.0,,
18:37:51.422,7.0,MANUAL,0,0,0.0,0.0,0.0,4.17,6.89,CENTER_DUAL,371.1,51.1,1.0,,
18:37:52.548,6.5,MANUAL,0,0,0.0,0.0,0.0,4.17,6.89,CENTER_DUAL,371.7,51.7,1.0,,
18:37:53.688,7.2,MANUAL,0,0,0.0,0.0,0.0,4.17,6.89,CENTER_DUAL,372.0,52.0,1.0,,
18:37:54.824,7.0,MANUAL,0,0,0.0,0.0,0.0,4.17,6.89,CENTER_DUAL,372.2,52.2,1.0,,
18:37:55.960,6.4,MANUAL,0,0,0.0,0.0,0.0,4.17,6.89,CENTER_DUAL,372.4,52.4,1.0,,
18:37:57.010,5.8,MANUAL,0,0,0.0,0.0,0.0,4.17,6.89,CENTER_DUAL,372.5,52.5,1.0,,
18:37:58.029,7.1,MANUAL,0,0,0.0,0.0,0.0,4.17,6.89,CENTER_DUAL,372.6,52.6,1.0,,
18:37:59.044,7.1,MANUAL,0,0,0.0,0.0,0.0,4.17,6.89,CENTER_DUAL,372.5,52.5,1.0,,
18:38:00.166,7.2,MANUAL,0,0,0.0,0.0,0.0,4.17,6.89,CENTER_DUAL,371.9,51.9,1.0,,
18:38:01.178,7.2,MANUAL,0,0,0.0,0.0,0.0,4.17,6.89,CENTER_DUAL,370.8,50.8,1.0,,
18:38:02.233,7.2,MANUAL,0,0,0.0,0.0,0.0,4.17,6.89,CENTER_DUAL,362.2,42.2,1.0,,
18:38:03.271,6.4,MANUAL,0,0,0.0,0.0,0.0,4.17,6.89,CENTER_DUAL,355.2,35.2,1.0,,
18:38:04.272,7.1,MANUAL,0,0,0.0,0.0,0.0,4.17,6.89,CENTER_DUAL,344.6,24.6,1.0,,
18:38:05.412,7.0,MANUAL,0,0,0.0,0.0,0.0,4.17,6.89,CENTER_DUAL,343.1,23.1,1.0,,
18:38:06.434,6.4,MANUAL,0,0,0.0,0.0,0.0,4.17,6.89,CENTER_DUAL,342.3,22.3,1.0,,
18:38:07.441,7.1,MANUAL,0,0,0.0,0.0,0.0,4.17,6.89,CENTER_DUAL,341.7,21.7,1.0,,
18:38:08.550,7.0,MANUAL,0,0,0.0,0.0,0.0,4.17,6.89,CENTER_DUAL,341.6,21.6,1.0,,
18:38:09.667,7.0,MANUAL,0,0,0.0,0.0,0.0,4.17,6.89,CENTER_DUAL,341.7,21.7,1.0,,
18:38:10.676,6.5,MANUAL,0,0,0.0,0.0,0.0,4.17,6.89,CENTER_DUAL,341.7,21.7,1.0,,
18:38:11.817,7.1,MANUAL,0,0,0.0,0.0,0.0,4.17,6.89,CENTER_DUAL,341.7,21.7,1.0,,
18:38:12.824,7.3,MANUAL,0,0,0.0,0.0,0.0,4.17,6.89,CENTER_DUAL,341.5,21.5,1.0,,
18:38:13.962,7.2,MANUAL,0,0,0.0,0.0,0.0,4.17,6.89,CENTER_DUAL,340.8,20.8,1.0,,
18:38:15.108,7.1,MANUAL,0,0,0.0,0.0,0.0,4.17,6.89,CENTER_DUAL,340.1,20.1,1.0,,
18:38:16.203,7.1,MANUAL,0,0,0.0,0.0,0.0,4.17,6.89,CENTER_DUAL,339.6,19.6,1.0,,
18:38:17.322,7.0,MANUAL,0,0,0.0,0.0,0.0,4.17,6.89,CENTER_DUAL,339.1,19.1,1.0,,
18:38:18.472,6.4,MANUAL,0,0,0.0,0.0,0.0,4.17,6.89,CENTER_DUAL,338.6,18.6,1.0,,
18:38:19.605,7.1,MANUAL,0,0,0.0,0.0,0.0,4.17,6.89,CENTER_DUAL,338.1,18.1,1.0,,
18:38:20.742,7.1,MANUAL,0,0,0.0,0.0,0.0,4.17,6.89,CENTER_DUAL,337.9,17.9,1.0,,
18:38:21.747,7.2,MANUAL,0,0,0.0,0.0,0.0,4.17,6.89,CENTER_DUAL,337.7,17.7,1.0,,
18:38:22.878,7.2,MANUAL,0,0,0.0,0.0,0.0,4.17,6.89,CENTER_DUAL,337.6,17.6,1.0,,
18:38:24.010,7.2,MANUAL,0,0,0.0,0.0,0.0,4.17,6.89,CENTER_DUAL,337.6,17.6,1.0,,
18:38:25.144,7.1,MANUAL,0,0,0.0,0.0,0.0,4.17,6.89,CENTER_DUAL,337.5,17.5,1.0,,
18:38:26.165,6.4,MANUAL,0,0,0.0,0.0,0.0,4.17,6.89,CENTER_DUAL,337.5,17.5,1.0,,
18:38:27.171,7.2,MANUAL,0,0,0.0,0.0,0.0,4.17,6.89,CENTER_DUAL,337.5,17.5,1.0,,
18:38:28.295,7.3,MANUAL,0,0,0.0,0.0,0.0,4.17,6.89,CENTER_DUAL,337.4,17.4,1.0,,
18:38:29.440,7.1,MANUAL,0,0,0.0,0.0,0.0,4.17,6.89,CENTER_DUAL,337.2,17.2,1.0,,
18:38:30.580,7.1,MANUAL,0,0,0.0,0.0,0.0,4.17,6.89,CENTER_DUAL,336.9,16.9,1.0,,
18:38:31.600,7.1,MANUAL,0,0,0.0,0.0,0.0,4.17,6.89,CENTER_DUAL,336.6,16.6,1.0,,
18:38:32.603,7.2,MANUAL,0,0,0.0,0.0,0.0,4.17,6.89,CENTER_DUAL,336.2,16.2,1.0,,
18:38:33.625,6.5,MANUAL,0,0,0.0,0.0,0.0,4.17,6.89,CENTER_DUAL,335.8,15.8,1.0,,
18:38:34.774,6.5,MANUAL,0,0,0.0,0.0,0.0,4.17,6.89,CENTER_DUAL,335.3,15.3,1.0,,
18:38:35.790,6.4,MANUAL,0,0,0.0,0.0,0.0,4.17,6.89,CENTER_DUAL,334.9,14.9,1.0,,
18:38:36.845,6.5,MANUAL,0,0,0.0,0.0,0.0,4.17,6.89,CENTER_DUAL,334.4,14.4,1.0,,
18:38:37.907,6.4,MANUAL,0,0,0.0,0.0,0.0,4.17,6.89,CENTER_DUAL,334.1,14.1,1.0,,
18:38:39.031,5.8,MANUAL,0,0,0.0,0.0,0.0,4.17,6.89,CENTER_DUAL,333.8,13.8,1.0,,
18:38:40.078,6.4,MANUAL,0,0,0.0,0.0,0.0,4.17,6.89,CENTER_DUAL,333.6,13.6,1.0,,
18:38:41.087,6.5,MANUAL,0,0,0.0,0.0,0.0,4.17,6.89,CENTER_DUAL,333.5,13.5,1.0,,
18:38:42.092,7.2,MANUAL,0,0,0.0,0.0,0.0,4.17,6.89,CENTER_DUAL,333.6,13.6,1.0,,
18:38:43.103,7.2,MANUAL,0,0,0.0,0.0,0.0,4.17,6.89,CENTER_DUAL,333.8,13.8,1.0,,
18:38:44.125,6.3,MANUAL,0,0,0.0,0.0,0.0,4.17,6.89,CENTER_DUAL,333.8,13.8,1.0,,
18:38:45.272,6.6,MANUAL,0,0,0.0,0.0,0.0,4.17,6.89,CENTER_DUAL,333.8,13.8,1.0,,
18:38:46.306,7.1,MANUAL,0,0,0.0,0.0,0.0,4.17,6.89,CENTER_DUAL,333.9,13.9,1.0,,
18:38:47.454,6.4,MANUAL,0,0,0.0,0.0,0.0,4.17,6.89,CENTER_DUAL,334.1,14.1,1.0,,
18:38:48.478,7.2,MANUAL,0,0,0.0,0.0,0.0,4.17,6.89,CENTER_DUAL,334.3,14.3,1.0,,
18:38:49.493,7.3,MANUAL,0,0,0.0,0.0,0.0,4.17,6.89,CENTER_DUAL,334.5,14.5,1.0,,
18:38:50.503,7.0,MANUAL,0,0,0.0,0.0,0.0,4.17,6.89,CENTER_DUAL,334.6,14.6,1.0,,
18:38:51.512,6.4,MANUAL,0,0,0.0,0.0,0.0,4.17,6.89,CENTER_DUAL,334.6,14.6,1.0,,
18:38:52.530,7.3,MANUAL,0,0,0.0,0.0,0.0,4.17,6.89,CENTER_DUAL,334.6,14.6,1.0,,
18:38:53.685,6.5,MANUAL,0,0,0.0,0.0,0.0,4.17,6.89,CENTER_DUAL,334.5,14.5,1.0,,
18:38:54.731,6.5,MANUAL,0,0,0.0,0.0,0.0,4.17,6.89,CENTER_DUAL,334.4,14.4,1.0,,
18:38:55.748,6.5,MANUAL,0,0,0.0,0.0,0.0,4.17,6.89,CENTER_DUAL,334.2,14.2,1.0,,
18:38:56.749,7.1,MANUAL,0,0,0.0,0.0,0.0,4.17,6.89,CENTER_DUAL,334.1,14.1,1.0,,
18:38:57.752,7.1,MANUAL,0,0,0.0,0.0,0.0,4.17,6.89,CENTER_DUAL,334.1,14.1,1.0,,
18:38:58.887,7.1,MANUAL,0,0,0.0,0.0,0.0,4.17,6.89,CENTER_DUAL,334.1,14.1,1.0,,
18:39:00.013,7.1,MANUAL,0,0,0.0,0.0,0.0,4.17,6.89,CENTER_DUAL,334.2,14.2,1.0,,
18:39:01.134,7.1,MANUAL,0,0,0.0,0.0,0.0,4.17,6.89,CENTER_DUAL,334.6,14.6,1.0,,
18:39:02.266,7.1,MANUAL,0,0,0.0,0.0,0.0,4.17,6.89,CENTER_DUAL,335.1,15.1,1.0,,
18:39:03.399,7.0,MANUAL,0,0,0.0,0.0,0.0,4.17,6.89,CENTER_DUAL,335.8,15.8,1.0,,
18:39:04.402,6.5,MANUAL,0,0,0.0,0.0,0.0,4.17,6.89,CENTER_DUAL,336.6,16.6,1.0,,
18:39:05.530,7.2,MANUAL,0,0,0.0,0.0,0.0,4.17,6.89,CENTER_DUAL,337.8,17.8,1.0,,
18:39:06.669,6.4,MANUAL,0,0,0.0,0.0,0.0,4.17,6.89,CENTER_DUAL,338.7,18.7,1.0,,
18:39:07.785,7.1,MANUAL,0,0,0.0,0.0,0.0,4.17,6.89,CENTER_DUAL,339.2,19.2,1.0,,
18:39:08.907,7.2,MANUAL,0,0,0.0,0.0,0.0,4.17,6.89,CENTER_DUAL,339.4,19.4,1.0,,
18:39:09.945,7.2,MANUAL,0,0,0.0,0.0,0.0,4.17,6.89,CENTER_DUAL,339.4,19.4,1.0,,
18:39:10.958,7.0,MANUAL,0,0,0.0,0.0,0.0,4.17,6.89,CENTER_DUAL,339.3,19.3,1.0,,
18:39:12.091,6.5,MANUAL,0,0,0.0,0.0,0.0,4.17,6.89,CENTER_DUAL,339.0,19.0,1.0,,
18:39:13.229,6.4,MANUAL,0,0,0.0,0.0,0.0,4.17,6.89,CENTER_DUAL,338.7,18.7,1.0,,
18:39:14.378,6.4,MANUAL,0,0,0.0,0.0,0.0,4.17,6.89,CENTER_DUAL,338.2,18.2,1.0,,
18:39:15.378,7.1,MANUAL,0,0,0.0,0.0,0.0,4.17,6.89,CENTER_DUAL,337.6,17.6,1.0,,
18:39:16.410,7.2,MANUAL,0,0,0.0,0.0,0.0,4.17,6.89,CENTER_DUAL,337.0,17.0,1.0,,
18:39:17.534,7.1,MANUAL,0,0,0.0,0.0,0.0,4.17,6.89,CENTER_DUAL,336.4,16.4,1.0,,
18:39:18.553,7.2,MANUAL,0,0,0.0,0.0,0.0,4.17,6.89,CENTER_DUAL,336.0,16.0,1.0,,
18:39:19.570,6.5,MANUAL,0,0,0.0,0.0,0.0,4.17,6.89,CENTER_DUAL,335.7,15.7,1.0,,
18:39:20.589,7.2,MANUAL,0,0,0.0,0.0,0.0,4.17,6.89,CENTER_DUAL,335.4,15.4,1.0,,
18:39:21.728,7.0,MANUAL,0,0,0.0,0.0,0.0,4.17,6.89,CENTER_DUAL,335.3,15.3,1.0,,
18:39:22.735,7.0,MANUAL,0,0,0.0,0.0,0.0,4.17,6.89,CENTER_DUAL,335.2,15.2,1.0,,
18:39:23.877,6.5,MANUAL,0,0,0.0,0.0,0.0,4.17,6.89,CENTER_DUAL,335.5,15.5,1.0,,
18:39:24.902,7.1,MANUAL,0,0,0.0,0.0,0.0,4.17,6.89,CENTER_DUAL,336.0,16.0,1.0,,
18:39:26.037,5.8,MANUAL,0,0,0.0,0.0,0.0,4.17,6.89,CENTER_DUAL,336.9,16.9,1.0,,
18:39:27.064,5.9,MANUAL,0,0,0.0,0.0,0.0,4.17,6.89,CENTER_DUAL,337.6,17.6,1.0,,
18:39:28.100,6.4,MANUAL,0,0,0.0,0.0,0.0,4.17,6.89,CENTER_DUAL,338.2,18.2,1.0,,
18:39:29.105,5.9,MANUAL,0,0,0.0,0.0,0.0,4.17,6.89,CENTER_DUAL,338.6,18.6,1.0,,
18:39:30.219,6.4,MANUAL,0,0,0.0,0.0,0.0,4.17,6.89,CENTER_DUAL,338.9,18.9,1.0,,
18:39:31.240,5.8,MANUAL,0,0,0.0,0.0,0.0,4.17,6.89,CENTER_DUAL,339.1,19.1,1.0,,
18:39:32.256,5.8,MANUAL,0,0,0.0,0.0,0.0,4.17,6.89,CENTER_DUAL,339.4,19.4,1.0,,
18:39:33.265,7.2,MANUAL,0,0,0.0,0.0,0.0,4.17,6.89,CENTER_DUAL,339.6,19.6,1.0,,
18:39:34.408,6.5,MANUAL,0,0,0.0,0.0,0.0,4.17,6.89,CENTER_DUAL,339.7,19.7,1.0,,
18:39:35.408,7.1,MANUAL,0,0,0.0,0.0,0.0,4.17,6.89,CENTER_DUAL,339.9,19.9,1.0,,
18:39:36.548,7.2,MANUAL,0,0,0.0,0.0,0.0,4.17,6.89,CENTER_DUAL,339.9,19.9,1.0,,
18:39:37.678,7.2,MANUAL,0,0,0.0,0.0,0.0,4.17,6.89,CENTER_DUAL,339.9,19.9,1.0,,
18:39:38.802,7.2,MANUAL,0,0,0.0,0.0,0.0,4.17,6.89,CENTER_DUAL,340.0,20.0,1.0,,
18:39:39.914,7.2,MANUAL,0,0,0.0,0.0,0.0,4.17,6.89,CENTER_DUAL,340.0,20.0,1.0,,
18:39:40.928,7.2,MANUAL,0,0,0.0,0.0,0.0,4.17,6.89,CENTER_DUAL,340.2,20.2,1.0,,
18:39:41.934,7.3,MANUAL,0,0,0.0,0.0,0.0,4.17,6.89,CENTER_DUAL,340.3,20.3,1.0,,
18:39:43.073,7.2,MANUAL,0,0,0.0,0.0,0.0,4.17,6.89,CENTER_DUAL,340.4,20.4,1.0,,
18:39:44.084,7.0,MANUAL,0,0,0.0,0.0,0.0,4.17,6.89,CENTER_DUAL,340.5,20.5,1.0,,
18:39:45.217,7.1,MANUAL,0,0,0.0,0.0,0.0,4.17,6.89,CENTER_DUAL,340.5,20.5,1.0,,
18:39:46.256,6.3,MANUAL,0,0,0.0,0.0,0.0,4.17,6.89,CENTER_DUAL,340.6,20.6,1.0,,
18:39:47.409,6.5,MANUAL,0,0,0.0,0.0,0.0,4.17,6.89,CENTER_DUAL,340.6,20.6,1.0,,
18:39:48.415,7.0,MANUAL,0,0,0.0,0.0,0.0,4.17,6.89,CENTER_DUAL,340.6,20.6,1.0,,
18:39:49.546,7.2,MANUAL,0,0,0.0,0.0,0.0,4.17,6.89,CENTER_DUAL,340.7,20.7,1.0,,
18:39:50.671,7.2,MANUAL,0,0,0.0,0.0,0.0,4.17,6.89,CENTER_DUAL,340.8,20.8,1.0,,
18:39:51.682,7.1,MANUAL,0,0,0.0,0.0,0.0,4.17,6.89,CENTER_DUAL,340.8,20.8,1.0,,
18:39:52.817,7.1,MANUAL,0,0,0.0,0.0,0.0,4.17,6.89,CENTER_DUAL,340.9,20.9,1.0,,
18:39:53.947,7.1,MANUAL,0,0,0.0,0.0,0.0,4.17,6.89,CENTER_DUAL,340.9,20.9,1.0,,
18:39:55.073,7.1,MANUAL,0,0,0.0,0.0,0.0,4.17,6.89,CENTER_DUAL,340.9,20.9,1.0,,
18:39:56.115,6.6,MANUAL,0,0,0.0,0.0,0.0,4.17,6.89,CENTER_DUAL,341.0,21.0,1.0,,
18:39:57.234,7.0,MANUAL,0,0,0.0,0.0,0.0,4.17,6.89,CENTER_DUAL,341.1,21.1,1.0,,
18:39:58.368,7.0,MANUAL,0,0,0.0,0.0,0.0,4.17,6.89,CENTER_DUAL,341.4,21.4,1.0,,
18:39:59.503,7.1,MANUAL,0,0,0.0,0.0,0.0,4.17,6.89,CENTER_DUAL,341.6,21.6,1.0,,
18:40:00.505,7.1,MANUAL,0,0,0.0,0.0,0.0,4.17,6.89,CENTER_DUAL,341.8,21.8,1.0,,
18:40:01.526,6.5,MANUAL,0,0,0.0,0.0,0.0,4.17,6.89,CENTER_DUAL,341.9,21.9,1.0,,
18:40:02.664,7.2,MANUAL,0,0,0.0,0.0,0.0,4.17,6.89,CENTER_DUAL,341.9,21.9,1.0,,
18:40:03.809,7.2,MANUAL,0,0,0.0,0.0,0.0,4.17,6.89,CENTER_DUAL,341.8,21.8,1.0,,
18:40:04.840,6.5,MANUAL,0,0,0.0,0.0,0.0,4.17,6.89,CENTER_DUAL,341.6,21.6,1.0,,
18:40:05.882,6.4,MANUAL,0,0,0.0,0.0,0.0,4.17,6.89,CENTER_DUAL,341.2,21.2,1.0,,
18:40:06.894,7.1,MANUAL,0,0,0.0,0.0,0.0,4.17,6.89,CENTER_DUAL,340.7,20.7,1.0,,
18:40:07.912,6.7,MANUAL,0,0,0.0,0.0,0.0,4.17,6.89,CENTER_DUAL,340.3,20.3,1.0,,
18:40:09.052,7.1,MANUAL,0,0,0.0,0.0,0.0,4.17,6.89,CENTER_DUAL,339.9,19.9,1.0,,
18:40:10.070,6.5,MANUAL,0,0,0.0,0.0,0.0,4.17,6.89,CENTER_DUAL,339.6,19.6,1.0,,
18:40:11.092,7.1,MANUAL,0,0,0.0,0.0,0.0,4.17,6.89,CENTER_DUAL,339.2,19.2,1.0,,
18:40:12.220,7.2,MANUAL,0,0,0.0,0.0,0.0,4.17,6.89,CENTER_DUAL,339.0,19.0,1.0,,
18:40:13.357,7.1,MANUAL,0,0,0.0,0.0,0.0,4.17,6.89,CENTER_DUAL,338.7,18.7,1.0,,
18:40:14.363,7.2,MANUAL,0,0,0.0,0.0,0.0,4.17,6.89,CENTER_DUAL,338.7,18.7,1.0,,
18:40:15.376,7.1,MANUAL,0,0,0.0,0.0,0.0,4.17,6.89,CENTER_DUAL,338.7,18.7,1.0,,
18:40:16.388,7.1,MANUAL,0,0,0.0,0.0,0.0,4.17,6.89,CENTER_DUAL,338.8,18.8,1.0,,
18:40:17.524,7.1,MANUAL,0,0,0.0,0.0,0.0,4.17,6.89,CENTER_DUAL,339.2,19.2,1.0,,
18:40:18.628,7.2,MANUAL,0,0,0.0,0.0,0.0,4.17,6.89,CENTER_DUAL,339.6,19.6,1.0,,
18:40:19.685,7.1,MANUAL,0,0,0.0,0.0,0.0,4.17,6.89,CENTER_DUAL,339.7,19.7,1.0,,
18:40:20.824,7.1,MANUAL,0,0,0.0,0.0,0.0,4.17,6.89,CENTER_DUAL,339.9,19.9,1.0,,
18:40:21.937,7.0,MANUAL,0,0,0.0,0.0,0.0,4.17,6.89,CENTER_DUAL,340.1,20.1,1.0,,
18:40:23.062,7.2,MANUAL,0,0,0.0,0.0,0.0,4.17,6.89,CENTER_DUAL,340.4,20.4,1.0,,
18:40:24.197,7.3,MANUAL,0,0,0.0,0.0,0.0,4.17,6.89,CENTER_DUAL,341.0,21.0,1.0,,
18:40:25.315,7.1,MANUAL,0,0,0.0,0.0,0.0,4.17,6.89,CENTER_DUAL,341.6,21.6,1.0,,
18:40:26.366,6.4,MANUAL,0,0,0.0,0.0,0.0,4.17,6.89,CENTER_DUAL,341.8,21.8,1.0,,
18:40:27.497,7.2,MANUAL,0,0,0.0,0.0,0.0,4.17,6.89,CENTER_DUAL,342.1,22.1,1.0,,
18:40:28.624,7.1,MANUAL,0,0,0.0,0.0,0.0,4.17,6.89,CENTER_DUAL,342.2,22.2,1.0,,
18:40:29.748,7.1,MANUAL,0,0,0.0,0.0,0.0,4.17,6.89,CENTER_DUAL,342.1,22.1,1.0,,
18:40:30.886,7.2,MANUAL,0,0,0.0,0.0,0.0,4.17,6.89,CENTER_DUAL,342.0,22.0,1.0,,
18:40:32.029,6.5,MANUAL,0,0,0.0,0.0,0.0,4.17,6.89,CENTER_DUAL,342.0,22.0,1.0,,
18:40:33.067,6.5,MANUAL,0,0,0.0,0.0,0.0,4.17,6.89,CENTER_DUAL,342.1,22.1,1.0,,
18:40:34.212,7.2,MANUAL,0,0,0.0,0.0,0.0,4.17,6.89,CENTER_DUAL,342.3,22.3,1.0,,
18:40:35.348,7.0,MANUAL,0,0,0.0,0.0,0.0,4.17,6.89,CENTER_DUAL,342.6,22.6,1.0,,
18:40:36.375,7.2,MANUAL,0,0,0.0,0.0,0.0,4.17,6.89,CENTER_DUAL,342.8,22.8,1.0,,
18:40:37.398,7.1,MANUAL,0,0,0.0,0.0,0.0,4.17,6.89,CENTER_DUAL,342.9,22.9,1.0,,
18:40:38.410,7.1,MANUAL,0,0,0.0,0.0,0.0,4.17,6.89,CENTER_DUAL,343.1,23.1,1.0,,
18:40:39.526,7.2,MANUAL,0,0,0.0,0.0,0.0,4.17,6.89,CENTER_DUAL,343.1,23.1,1.0,,
18:40:40.650,7.1,MANUAL,0,0,0.0,0.0,0.0,4.17,6.89,CENTER_DUAL,343.1,23.1,1.0,,
18:40:41.782,7.1,MANUAL,0,0,0.0,0.0,0.0,4.17,6.89,CENTER_DUAL,343.0,23.0,1.0,,
18:40:42.807,6.5,MANUAL,0,0,0.0,0.0,0.0,4.17,6.89,CENTER_DUAL,343.1,23.1,1.0,,
18:40:43.808,7.1,MANUAL,0,0,0.0,0.0,0.0,4.17,6.89,CENTER_DUAL,343.1,23.1,1.0,,
18:40:44.948,7.1,MANUAL,0,0,0.0,0.0,0.0,4.17,6.89,CENTER_DUAL,343.1,23.1,1.0,,
18:40:45.962,7.2,MANUAL,0,0,0.0,0.0,0.0,4.17,6.89,CENTER_DUAL,343.1,23.1,1.0,,
18:40:46.982,7.2,MANUAL,0,0,0.0,0.0,0.0,4.17,6.89,CENTER_DUAL,343.1,23.1,1.0,,
18:40:48.004,7.1,MANUAL,0,0,0.0,0.0,0.0,4.17,6.89,CENTER_DUAL,343.1,23.1,1.0,,
18:40:49.006,7.3,MANUAL,0,0,0.0,0.0,0.0,4.17,6.89,CENTER_DUAL,343.1,23.1,1.0,,
18:40:50.146,7.1,MANUAL,0,0,0.0,0.0,0.0,4.17,6.89,CENTER_DUAL,343.1,23.1,1.0,,
18:40:51.158,7.2,MANUAL,0,0,0.0,0.0,0.0,4.17,6.89,CENTER_DUAL,343.1,23.1,1.0,,
18:40:52.160,7.2,MANUAL,0,0,0.0,0.0,0.0,4.17,6.89,CENTER_DUAL,343.1,23.1,1.0,,
18:40:53.204,6.5,MANUAL,0,0,0.0,0.0,0.0,4.17,6.89,CENTER_DUAL,343.1,23.1,1.0,,
18:40:54.243,6.5,MANUAL,0,0,0.0,0.0,0.0,4.17,6.89,CENTER_DUAL,343.1,23.1,1.0,,
18:40:55.268,7.2,MANUAL,0,0,0.0,0.0,0.0,4.17,6.89,CENTER_DUAL,300.1,-19.9,1.0,,
18:40:56.350,6.4,MANUAL,0,0,0.0,0.0,0.0,4.17,6.89,CENTER_DUAL,302.5,-17.5,1.0,,
18:40:57.393,6.3,MANUAL,0,0,0.0,0.0,0.0,4.17,6.89,CENTER_DUAL,303.4,-16.6,1.0,,
18:40:58.410,6.4,MANUAL,0,0,0.0,0.0,0.0,4.17,6.89,CENTER_DUAL,323.5,3.5,1.0,,
18:40:59.451,7.1,MANUAL,0,0,0.0,0.0,0.0,4.17,6.89,CENTER_DUAL,349.1,29.1,1.0,,
18:41:00.520,6.5,MANUAL,0,0,0.0,0.0,0.0,4.17,6.89,CENTER_DUAL,350.5,30.5,1.0,,
18:41:01.629,5.3,MANUAL,0,0,0.0,0.0,0.0,4.17,6.89,CENTER_DUAL,351.9,31.9,1.0,,
18:41:02.724,6.5,MANUAL,0,0,0.0,0.0,0.0,4.17,6.89,CENTER_DUAL,353.1,33.1,1.0,,
18:41:03.748,7.1,MANUAL,0,0,0.0,0.0,0.0,4.17,6.89,CENTER_DUAL,353.9,33.9,1.0,,
18:41:04.821,6.4,MANUAL,0,0,0.0,0.0,0.0,4.17,6.89,CENTER_DUAL,354.4,34.4,1.0,,
18:41:05.914,6.3,MANUAL,0,0,0.0,0.0,0.0,4.17,6.89,CENTER_DUAL,354.8,34.8,1.0,,
18:41:06.992,6.5,MANUAL,0,0,0.0,0.0,0.0,4.17,6.89,CENTER_DUAL,355.2,35.2,1.0,,
18:41:08.085,6.4,MANUAL,0,0,0.0,0.0,0.0,4.17,6.89,CENTER_DUAL,355.5,35.5,1.0,,
18:41:09.153,7.1,MANUAL,0,0,0.0,0.0,0.0,4.17,6.89,CENTER_DUAL,355.7,35.7,1.0,,
18:41:10.220,6.3,MANUAL,0,0,0.0,0.0,0.0,4.17,6.89,CENTER_DUAL,355.9,35.9,1.0,,
18:41:11.293,6.5,MANUAL,0,0,0.0,0.0,0.0,4.17,6.89,CENTER_DUAL,356.0,36.0,1.0,,
18:41:12.342,6.4,MANUAL,0,0,0.0,0.0,0.0,4.17,6.89,CENTER_DUAL,356.3,36.3,1.0,,
18:41:13.427,6.5,MANUAL,0,0,0.0,0.0,0.0,4.17,6.89,CENTER_DUAL,351.1,31.1,1.0,,
18:41:14.451,7.2,MANUAL,0,0,0.0,0.0,0.0,4.17,6.89,CENTER_DUAL,353.2,33.2,1.0,,
18:41:15.525,6.5,MANUAL,0,0,0.0,0.0,0.0,4.17,6.89,CENTER_DUAL,346.3,26.3,1.0,,
18:41:16.634,5.9,MANUAL,0,0,0.0,0.0,0.0,4.17,6.89,CENTER_DUAL,324.8,4.8,1.0,,
18:41:17.742,6.5,MANUAL,0,0,0.0,0.0,0.0,4.17,6.89,CENTER_DUAL,319.9,-0.1,1.0,,
18:41:18.841,6.3,MANUAL,0,0,0.0,0.0,0.0,4.17,6.89,CENTER_DUAL,334.2,14.2,1.0,,
18:41:19.986,7.1,MANUAL,0,0,0.0,0.0,0.0,4.17,6.89,CENTER_DUAL,386.0,66.0,1.0,,
18:41:21.001,6.3,MANUAL,0,0,0.0,0.0,0.0,4.17,6.89,CENTER_DUAL,390.6,70.6,1.0,,
18:41:22.067,6.5,MANUAL,0,0,0.0,0.0,0.0,4.17,6.89,CENTER_DUAL,362.1,42.1,1.0,,
18:41:23.140,6.5,MANUAL,0,0,0.0,0.0,0.0,4.17,6.89,LEFT_LANE_ONLY,373.2,53.2,0.5,,
18:41:24.201,6.4,MANUAL,0,0,0.0,0.0,0.0,4.17,6.89,LEFT_LANE_ONLY,372.1,52.1,0.5,,
18:41:25.305,6.4,MANUAL,0,0,0.0,0.0,0.0,4.17,6.89,LEFT_LANE_ONLY,370.7,50.7,0.5,,
18:41:26.334,7.2,MANUAL,0,0,0.0,0.0,0.0,4.17,6.89,CENTER_DUAL,411.4,91.4,1.0,,
18:41:27.442,7.2,MANUAL,0,0,0.0,0.0,0.0,4.17,6.89,CENTER_DUAL,414.4,94.4,1.0,,
18:41:28.572,7.1,MANUAL,0,0,0.0,0.0,0.0,4.17,6.89,CENTER_DUAL,406.4,86.4,1.0,,
18:41:29.577,7.1,MANUAL,0,0,0.0,0.0,0.0,4.17,6.89,CENTER_DUAL,398.3,78.3,1.0,,
18:41:30.610,6.5,MANUAL,0,0,0.0,0.0,0.0,4.17,6.89,CENTER_DUAL,400.6,80.6,1.0,,
18:41:31.740,7.2,MANUAL,0,0,0.0,0.0,0.0,4.17,6.89,CENTER_DUAL,430.0,110.0,1.0,,
18:41:32.863,7.2,MANUAL,0,0,0.0,0.0,0.0,4.17,6.89,CENTER_DUAL,451.4,131.4,1.0,,
18:41:33.869,7.1,MANUAL,0,0,0.0,0.0,0.0,4.17,6.89,RIGHT_LANE_ONLY,-42.3,-362.3,0.5,,
18:41:35.002,7.1,MANUAL,0,0,0.0,0.0,0.0,4.17,6.89,CENTER_DUAL,302.1,-17.9,1.0,,
18:41:36.035,7.0,MANUAL,0,0,0.0,0.0,0.0,4.17,6.89,CENTER_DUAL,204.9,-115.1,1.0,,
18:41:37.060,6.4,MANUAL,0,0,0.0,0.0,0.0,4.17,6.89,RIGHT_LANE_ONLY,203.0,-117.0,0.5,,
18:41:38.101,6.5,MANUAL,0,0,0.0,0.0,0.0,4.17,6.89,LEFT_LANE_ONLY,286.4,-33.6,0.5,,
18:41:39.142,6.4,MANUAL,0,0,0.0,0.0,0.0,4.17,6.89,RIGHT_LANE_ONLY,214.1,-105.9,0.5,,
18:41:40.179,6.5,MANUAL,0,0,0.0,0.0,0.0,4.17,6.89,CENTER_DUAL,395.6,75.6,1.0,,
18:41:41.340,6.4,MANUAL,0,0,0.0,0.0,0.0,4.17,6.89,RIGHT_LANE_ONLY,187.7,-132.3,0.5,,
18:41:42.397,7.1,MANUAL,0,0,0.0,0.0,0.0,4.17,6.89,LEFT_LANE_ONLY,336.0,16.0,0.5,,
18:41:43.441,7.1,MANUAL,0,0,0.0,0.0,0.0,4.17,6.89,RIGHT_LANE_ONLY,93.8,-226.2,0.5,,
18:41:44.481,7.0,MANUAL,0,0,0.0,0.0,0.0,4.17,6.89,RIGHT_LANE_ONLY,159.8,-160.2,0.5,,
18:41:45.544,6.4,MANUAL,0,0,0.0,0.0,0.0,4.17,6.89,CENTER_DUAL,145.9,-174.1,1.0,,
18:41:46.626,7.0,MANUAL,0,0,0.0,0.0,0.0,4.17,6.89,RIGHT_LANE_ONLY,207.9,-112.1,0.5,,
18:41:47.631,7.2,MANUAL,0,0,0.0,0.0,0.0,4.17,6.89,CENTER_DUAL,191.7,-128.3,1.0,,
18:41:48.756,7.1,MANUAL,0,0,0.0,0.0,0.0,4.17,6.89,CENTER_DUAL,214.1,-105.9,1.0,,
18:41:49.895,7.1,MANUAL,0,0,0.0,0.0,0.0,4.17,6.89,CENTER_DUAL,197.0,-123.0,1.0,,
18:41:51.022,7.3,MANUAL,0,0,0.0,0.0,0.0,4.17,6.89,CENTER_DUAL,193.9,-126.1,1.0,,
18:41:52.149,7.1,MANUAL,0,0,0.0,0.0,0.0,4.17,6.89,CENTER_DUAL,200.1,-119.9,1.0,,
18:41:53.151,6.4,MANUAL,0,0,0.0,0.0,0.0,4.17,6.89,CENTER_DUAL,214.5,-105.5,1.0,,
18:41:54.294,7.1,MANUAL,0,0,0.0,0.0,0.0,4.17,6.89,RIGHT_LANE_ONLY,190.5,-129.5,0.5,,
18:41:55.401,6.4,MANUAL,0,0,0.0,0.0,0.0,4.17,6.89,LEFT_LANE_ONLY,366.6,46.6,0.5,,
18:41:56.458,6.4,MANUAL,0,0,0.0,0.0,0.0,4.17,6.89,LEFT_LANE_ONLY,367.9,47.9,0.5,,
18:41:57.537,6.5,MANUAL,0,0,0.0,0.0,0.0,4.17,6.89,LEFT_LANE_ONLY,368.6,48.6,0.5,,
18:41:58.612,6.5,MANUAL,0,0,0.0,0.0,0.0,4.17,6.89,CENTER_DUAL,390.6,70.6,1.0,,
18:41:59.755,5.8,MANUAL,0,0,0.0,0.0,0.0,4.17,6.89,CENTER_DUAL,361.2,41.2,1.0,,
18:42:00.902,5.9,MANUAL,0,0,0.0,0.0,0.0,4.17,6.89,CENTER_DUAL,350.0,30.0,1.0,,
18:42:01.991,6.4,MANUAL,0,0,0.0,0.0,0.0,4.17,6.89,CENTER_DUAL,347.4,27.4,1.0,,
18:42:03.053,6.5,MANUAL,0,0,0.0,0.0,0.0,4.17,6.89,CENTER_DUAL,347.0,27.0,1.0,,
18:42:04.152,6.4,MANUAL,0,0,0.0,0.0,0.0,4.17,6.89,CENTER_DUAL,346.8,26.8,1.0,,
18:42:05.236,6.5,MANUAL,0,0,0.0,0.0,0.0,4.17,6.89,CENTER_DUAL,347.0,27.0,1.0,,
18:42:06.290,6.5,MANUAL,0,0,0.0,0.0,0.0,4.17,6.89,CENTER_DUAL,347.1,27.1,1.0,,
18:42:07.365,5.8,MANUAL,0,0,0.0,0.0,0.0,4.17,6.89,CENTER_DUAL,330.9,10.9,1.0,,
18:42:08.391,5.9,MANUAL,0,0,0.0,0.0,0.0,4.17,6.89,CENTER_DUAL,322.2,2.2,1.0,,
18:42:09.513,6.4,MANUAL,0,0,0.0,0.0,0.0,4.17,6.89,CENTER_DUAL,324.6,4.6,1.0,,
18:42:10.609,6.4,MANUAL,0,0,0.0,0.0,0.0,4.17,6.89,CENTER_DUAL,300.5,-19.5,1.0,,
18:42:11.617,7.1,MANUAL,0,0,0.0,0.0,0.0,4.17,6.89,CENTER_DUAL,337.1,17.1,1.0,,
18:42:12.633,6.5,MANUAL,0,0,0.0,0.0,0.0,4.17,6.89,CENTER_DUAL,339.7,19.7,1.0,,
18:42:13.721,6.5,MANUAL,0,0,0.0,0.0,0.0,4.17,6.89,CENTER_DUAL,340.5,20.5,1.0,,
18:42:14.747,6.5,MANUAL,0,0,0.0,0.0,0.0,4.17,6.89,CENTER_DUAL,341.0,21.0,1.0,,
18:42:15.782,7.2,MANUAL,0,0,0.0,0.0,0.0,4.17,6.89,CENTER_DUAL,341.4,21.4,1.0,,
18:42:16.808,7.0,MANUAL,0,0,0.0,0.0,0.0,4.17,6.89,CENTER_DUAL,341.7,21.7,1.0,,
18:42:17.821,6.4,MANUAL,0,0,0.0,0.0,0.0,4.17,6.89,CENTER_DUAL,341.9,21.9,1.0,,
18:42:18.838,7.1,MANUAL,0,0,0.0,0.0,0.0,4.17,6.89,CENTER_DUAL,342.4,22.4,1.0,,
18:42:19.972,4.9,MANUAL,0,0,0.0,0.0,0.0,4.17,6.89,CENTER_DUAL,342.8,22.8,1.0,,
18:42:21.094,7.1,MANUAL,0,0,0.0,0.0,0.0,4.17,6.89,CENTER_DUAL,343.1,23.1,1.0,,
18:42:22.208,7.3,MANUAL,0,0,0.0,0.0,0.0,4.17,6.89,CENTER_DUAL,343.4,23.4,1.0,,
18:42:23.216,7.2,MANUAL,0,0,0.0,0.0,0.0,4.17,6.89,CENTER_DUAL,343.7,23.7,1.0,,
18:42:24.332,7.2,MANUAL,0,0,0.0,0.0,0.0,4.17,6.89,CENTER_DUAL,343.8,23.8,1.0,,
18:42:25.460,6.9,MANUAL,0,0,0.0,0.0,0.0,4.17,6.89,CENTER_DUAL,343.8,23.8,1.0,,
18:42:26.592,7.1,MANUAL,0,0,0.0,0.0,0.0,4.17,6.89,CENTER_DUAL,343.7,23.7,1.0,,
18:42:27.722,6.4,MANUAL,0,0,0.0,0.0,0.0,4.17,6.89,CENTER_DUAL,343.7,23.7,1.0,,
18:42:28.834,7.2,MANUAL,0,0,0.0,0.0,0.0,4.17,6.89,CENTER_DUAL,343.7,23.7,1.0,,
18:42:29.961,7.0,MANUAL,0,0,0.0,0.0,0.0,4.17,6.89,CENTER_DUAL,343.6,23.6,1.0,,
18:42:30.970,7.2,MANUAL,0,0,0.0,0.0,0.0,4.17,6.89,CENTER_DUAL,343.6,23.6,1.0,,
18:42:31.978,7.1,MANUAL,0,0,0.0,0.0,0.0,4.17,6.89,CENTER_DUAL,343.5,23.5,1.0,,
18:42:32.979,7.2,MANUAL,0,0,0.0,0.0,0.0,4.17,6.89,CENTER_DUAL,343.5,23.5,1.0,,
18:42:33.994,6.5,MANUAL,0,0,0.0,0.0,0.0,4.17,6.89,CENTER_DUAL,343.5,23.5,1.0,,
18:42:35.113,7.1,MANUAL,0,0,0.0,0.0,0.0,4.17,6.89,CENTER_DUAL,343.5,23.5,1.0,,
18:42:36.158,7.2,MANUAL,0,0,0.0,0.0,0.0,4.17,6.89,CENTER_DUAL,343.2,23.2,1.0,,
18:42:37.182,7.2,MANUAL,0,0,0.0,0.0,0.0,4.17,6.89,CENTER_DUAL,342.8,22.8,1.0,,
18:42:38.355,5.4,MANUAL,0,0,0.0,0.0,0.0,4.17,6.89,CENTER_DUAL,342.5,22.5,1.0,,
18:42:39.360,5.4,MANUAL,0,0,0.0,0.0,0.0,4.17,6.89,CENTER_DUAL,342.4,22.4,1.0,,
18:42:40.504,5.8,MANUAL,0,0,0.0,0.0,0.0,4.17,6.89,CENTER_DUAL,342.3,22.3,1.0,,
18:42:41.612,6.4,MANUAL,0,0,0.0,0.0,0.0,4.17,6.89,CENTER_DUAL,342.2,22.2,1.0,,
18:42:42.674,6.5,MANUAL,0,0,0.0,0.0,0.0,4.17,6.89,CENTER_DUAL,342.2,22.2,1.0,,
18:42:43.713,6.5,MANUAL,0,0,0.0,0.0,0.0,4.17,6.89,CENTER_DUAL,342.1,22.1,1.0,,
18:42:44.776,6.5,MANUAL,0,0,0.0,0.0,0.0,4.17,6.89,CENTER_DUAL,342.0,22.0,1.0,,
18:42:45.840,6.5,MANUAL,0,0,0.0,0.0,0.0,4.17,6.89,CENTER_DUAL,341.9,21.9,1.0,,
18:42:46.891,6.4,MANUAL,0,0,0.0,0.0,0.0,4.17,6.89,CENTER_DUAL,341.8,21.8,1.0,,
18:42:47.897,7.0,MANUAL,0,0,0.0,0.0,0.0,4.17,6.89,CENTER_DUAL,342.4,22.4,1.0,,
18:42:48.903,7.1,MANUAL,0,0,0.0,0.0,0.0,4.17,6.89,CENTER_DUAL,342.8,22.8,1.0,,
18:42:49.939,6.4,MANUAL,0,0,0.0,0.0,0.0,4.17,6.89,CENTER_DUAL,342.8,22.8,1.0,,
18:42:50.999,6.4,MANUAL,0,0,0.0,0.0,0.0,4.17,6.89,CENTER_DUAL,342.5,22.5,1.0,,
18:42:52.040,7.0,MANUAL,0,0,0.0,0.0,0.0,4.17,6.89,CENTER_DUAL,342.4,22.4,1.0,,
18:42:53.075,6.5,MANUAL,0,0,0.0,0.0,0.0,4.17,6.89,CENTER_DUAL,342.3,22.3,1.0,,
18:42:54.150,6.4,MANUAL,0,0,0.0,0.0,0.0,4.17,6.89,CENTER_DUAL,342.2,22.2,1.0,,
18:42:55.214,6.4,MANUAL,0,0,0.0,0.0,0.0,4.17,6.89,CENTER_DUAL,342.1,22.1,1.0,,
18:42:56.284,6.4,MANUAL,0,0,0.0,0.0,0.0,4.17,6.89,CENTER_DUAL,342.1,22.1,1.0,,
18:42:57.334,6.3,MANUAL,0,0,0.0,0.0,0.0,4.17,6.89,CENTER_DUAL,342.0,22.0,1.0,,
18:42:58.375,6.4,MANUAL,0,0,0.0,0.0,0.0,4.17,6.89,CENTER_DUAL,342.0,22.0,1.0,,
18:42:59.414,6.5,MANUAL,0,0,0.0,0.0,0.0,4.17,6.89,CENTER_DUAL,342.0,22.0,1.0,,
18:43:00.455,6.5,MANUAL,0,0,0.0,0.0,0.0,4.17,6.89,CENTER_DUAL,342.0,22.0,1.0,,
18:43:01.519,7.1,MANUAL,0,0,0.0,0.0,0.0,4.17,6.89,CENTER_DUAL,342.0,22.0,1.0,,
18:43:02.603,5.9,MANUAL,0,0,0.0,0.0,0.0,4.17,6.89,CENTER_DUAL,342.0,22.0,1.0,,
18:43:03.667,6.4,MANUAL,0,0,0.0,0.0,0.0,4.17,6.89,CENTER_DUAL,342.0,22.0,1.0,,
18:43:04.735,6.4,MANUAL,0,0,0.0,0.0,0.0,4.17,6.89,CENTER_DUAL,341.9,21.9,1.0,,
18:43:05.866,7.1,MANUAL,0,0,0.0,0.0,0.0,4.17,6.89,CENTER_DUAL,342.0,22.0,1.0,,
18:43:06.899,6.4,MANUAL,0,0,0.0,0.0,0.0,4.17,6.89,CENTER_DUAL,342.0,22.0,1.0,,
18:43:07.907,7.2,MANUAL,0,0,0.0,0.0,0.0,4.17,6.89,CENTER_DUAL,342.0,22.0,1.0,,
18:43:08.925,6.9,MANUAL,0,0,0.0,0.0,0.0,4.17,6.89,CENTER_DUAL,342.0,22.0,1.0,,
18:43:09.965,7.1,MANUAL,0,0,0.0,0.0,0.0,4.17,6.89,CENTER_DUAL,342.0,22.0,1.0,,
18:43:10.976,6.9,MANUAL,0,0,0.0,0.0,0.0,4.17,6.89,CENTER_DUAL,342.0,22.0,1.0,,
18:43:12.114,7.1,MANUAL,0,0,0.0,0.0,0.0,4.17,6.89,CENTER_DUAL,341.9,21.9,1.0,,
18:43:13.132,7.1,MANUAL,0,0,0.0,0.0,0.0,4.17,6.89,CENTER_DUAL,341.9,21.9,1.0,,
18:43:14.270,7.0,MANUAL,0,0,0.0,0.0,0.0,4.17,6.89,CENTER_DUAL,341.9,21.9,1.0,,
18:43:15.292,7.1,MANUAL,0,0,0.0,0.0,0.0,4.17,6.89,CENTER_DUAL,342.0,22.0,1.0,,
18:43:16.413,7.1,MANUAL,0,0,0.0,0.0,0.0,4.17,6.89,CENTER_DUAL,342.0,22.0,1.0,,
18:43:17.471,6.4,MANUAL,0,0,0.0,0.0,0.0,4.17,6.89,CENTER_DUAL,342.0,22.0,1.0,,
18:43:18.544,6.4,MANUAL,0,0,0.0,0.0,0.0,4.17,6.89,CENTER_DUAL,342.0,22.0,1.0,,
18:43:19.618,6.4,MANUAL,0,0,0.0,0.0,0.0,4.17,6.89,CENTER_DUAL,342.1,22.1,1.0,,
18:43:20.693,6.4,MANUAL,0,0,0.0,0.0,0.0,4.17,6.89,CENTER_DUAL,341.9,21.9,1.0,,
18:43:21.719,6.5,MANUAL,0,0,0.0,0.0,0.0,4.17,6.89,CENTER_DUAL,341.6,21.6,1.0,,
18:43:22.760,6.5,MANUAL,0,0,0.0,0.0,0.0,4.17,6.89,CENTER_DUAL,341.2,21.2,1.0,,
18:43:23.825,6.4,MANUAL,0,0,0.0,0.0,0.0,4.17,6.89,CENTER_DUAL,340.6,20.6,1.0,,
18:43:24.825,6.4,MANUAL,0,0,0.0,0.0,0.0,4.17,6.89,CENTER_DUAL,339.9,19.9,1.0,,
18:43:25.842,7.1,MANUAL,0,0,0.0,0.0,0.0,4.17,6.89,CENTER_DUAL,338.9,18.9,1.0,,
18:43:26.845,6.5,MANUAL,0,0,0.0,0.0,0.0,4.17,6.89,CENTER_DUAL,337.9,17.9,1.0,,
18:43:27.859,7.1,MANUAL,0,0,0.0,0.0,0.0,4.17,6.89,CENTER_DUAL,336.9,16.9,1.0,,
18:43:28.862,6.4,MANUAL,0,0,0.0,0.0,0.0,4.17,6.89,CENTER_DUAL,336.0,16.0,1.0,,
18:43:29.873,7.1,MANUAL,0,0,0.0,0.0,0.0,4.17,6.89,CENTER_DUAL,335.1,15.1,1.0,,
18:43:30.881,6.5,MANUAL,0,0,0.0,0.0,0.0,4.17,6.89,CENTER_DUAL,334.2,14.2,1.0,,
18:43:32.015,7.1,MANUAL,0,0,0.0,0.0,0.0,4.17,6.89,CENTER_DUAL,333.2,13.2,1.0,,
18:43:33.031,6.4,MANUAL,0,0,0.0,0.0,0.0,4.17,6.89,CENTER_DUAL,332.3,12.3,1.0,,
18:43:34.037,7.1,MANUAL,0,0,0.0,0.0,0.0,4.17,6.89,CENTER_DUAL,331.5,11.5,1.0,,
18:43:35.041,6.2,MANUAL,0,0,0.0,0.0,0.0,4.17,6.89,CENTER_DUAL,330.8,10.8,1.0,,
18:43:36.059,7.2,MANUAL,0,0,0.0,0.0,0.0,4.17,6.89,CENTER_DUAL,330.2,10.2,1.0,,
18:43:37.079,6.5,MANUAL,0,0,0.0,0.0,0.0,4.17,6.89,CENTER_DUAL,329.8,9.8,1.0,,
18:43:38.142,6.5,MANUAL,0,0,0.0,0.0,0.0,4.17,6.89,CENTER_DUAL,329.4,9.4,1.0,,
18:43:39.246,5.9,MANUAL,0,0,0.0,0.0,0.0,4.17,6.89,CENTER_DUAL,329.2,9.2,1.0,,
18:43:40.378,6.3,MANUAL,0,0,0.0,0.0,0.0,4.17,6.89,CENTER_DUAL,329.0,9.0,1.0,,
18:43:41.442,6.5,MANUAL,0,0,0.0,0.0,0.0,4.17,6.89,CENTER_DUAL,328.8,8.8,1.0,,
18:43:42.472,6.4,MANUAL,0,0,0.0,0.0,0.0,4.17,6.89,CENTER_DUAL,328.7,8.7,1.0,,
18:43:43.473,7.2,MANUAL,0,0,0.0,0.0,0.0,4.17,6.89,CENTER_DUAL,328.7,8.7,1.0,,
18:43:44.618,6.5,MANUAL,0,0,0.0,0.0,0.0,4.17,6.89,CENTER_DUAL,328.7,8.7,1.0,,
18:43:45.705,6.5,MANUAL,0,0,0.0,0.0,0.0,4.17,6.89,CENTER_DUAL,328.7,8.7,1.0,,
18:43:46.724,7.1,MANUAL,0,0,0.0,0.0,0.0,4.17,6.89,CENTER_DUAL,328.7,8.7,1.0,,
18:43:47.776,6.5,MANUAL,0,0,0.0,0.0,0.0,4.17,6.89,CENTER_DUAL,328.7,8.7,1.0,,
18:43:48.823,6.4,MANUAL,0,0,0.0,0.0,0.0,4.17,6.89,CENTER_DUAL,328.7,8.7,1.0,,
18:43:49.850,7.1,MANUAL,0,0,0.0,0.0,0.0,4.17,6.89,CENTER_DUAL,328.7,8.7,1.0,,
18:43:50.868,7.2,MANUAL,0,0,0.0,0.0,0.0,4.17,6.89,CENTER_DUAL,328.6,8.6,1.0,,
18:43:51.906,6.5,MANUAL,0,0,0.0,0.0,0.0,4.17,6.89,CENTER_DUAL,328.6,8.6,1.0,,
18:43:53.029,7.1,MANUAL,0,0,0.0,0.0,0.0,4.17,6.89,CENTER_DUAL,328.6,8.6,1.0,,
18:43:54.029,7.1,MANUAL,0,0,0.0,0.0,0.0,4.17,6.89,CENTER_DUAL,328.7,8.7,1.0,,
18:43:55.053,7.1,MANUAL,0,0,0.0,0.0,0.0,4.17,6.89,CENTER_DUAL,328.7,8.7,1.0,,
18:43:56.090,7.2,MANUAL,0,0,0.0,0.0,0.0,4.17,6.89,CENTER_DUAL,328.7,8.7,1.0,,
18:43:57.115,6.4,MANUAL,0,0,0.0,0.0,0.0,4.17,6.89,CENTER_DUAL,328.7,8.7,1.0,,
18:43:58.124,7.2,MANUAL,0,0,0.0,0.0,0.0,4.17,6.89,CENTER_DUAL,328.8,8.8,1.0,,
18:43:59.154,6.4,MANUAL,0,0,0.0,0.0,0.0,4.17,6.89,CENTER_DUAL,328.8,8.8,1.0,,
18:44:00.180,6.4,MANUAL,0,0,0.0,0.0,0.0,4.17,6.89,CENTER_DUAL,329.0,9.0,1.0,,
18:44:01.195,7.2,MANUAL,0,0,0.0,0.0,0.0,4.17,6.89,CENTER_DUAL,329.1,9.1,1.0,,
18:44:02.320,7.1,MANUAL,0,0,0.0,0.0,0.0,4.17,6.89,CENTER_DUAL,329.4,9.4,1.0,,
18:44:03.321,7.3,MANUAL,0,0,0.0,0.0,0.0,4.17,6.89,CENTER_DUAL,329.6,9.6,1.0,,
18:44:04.328,6.4,MANUAL,0,0,0.0,0.0,0.0,4.17,6.89,CENTER_DUAL,329.9,9.9,1.0,,
18:44:05.329,6.3,MANUAL,0,0,0.0,0.0,0.0,4.17,6.89,CENTER_DUAL,330.1,10.1,1.0,,
18:44:06.369,7.1,MANUAL,0,0,0.0,0.0,0.0,4.17,6.89,CENTER_DUAL,330.3,10.3,1.0,,
18:44:07.381,7.1,MANUAL,0,0,0.0,0.0,0.0,4.17,6.89,CENTER_DUAL,330.6,10.6,1.0,,
18:44:08.515,7.0,MANUAL,0,0,0.0,0.0,0.0,4.17,6.89,CENTER_DUAL,330.8,10.8,1.0,,
18:44:09.546,7.0,MANUAL,0,0,0.0,0.0,0.0,4.17,6.89,CENTER_DUAL,330.9,10.9,1.0,,
18:44:10.577,6.3,MANUAL,0,0,0.0,0.0,0.0,4.17,6.89,CENTER_DUAL,330.8,10.8,1.0,,
18:44:11.601,7.1,MANUAL,0,0,0.0,0.0,0.0,4.17,6.89,CENTER_DUAL,330.6,10.6,1.0,,
18:44:12.633,6.4,MANUAL,0,0,0.0,0.0,0.0,4.17,6.89,CENTER_DUAL,330.3,10.3,1.0,,
18:44:13.753,7.1,MANUAL,0,0,0.0,0.0,0.0,4.17,6.89,CENTER_DUAL,329.8,9.8,1.0,,
18:44:14.880,7.1,MANUAL,0,0,0.0,0.0,0.0,4.17,6.89,CENTER_DUAL,329.0,9.0,1.0,,
18:44:16.021,7.1,MANUAL,0,0,0.0,0.0,0.0,4.17,6.89,CENTER_DUAL,328.0,8.0,1.0,,
18:44:17.159,7.2,MANUAL,0,0,0.0,0.0,0.0,4.17,6.89,CENTER_DUAL,327.2,7.2,1.0,,
18:44:18.292,7.1,MANUAL,0,0,0.0,0.0,0.0,4.17,6.89,CENTER_DUAL,326.3,6.3,1.0,,
18:44:19.424,7.0,MANUAL,0,0,0.0,0.0,0.0,4.17,6.89,CENTER_DUAL,325.6,5.6,1.0,,
18:44:20.452,7.1,MANUAL,0,0,0.0,0.0,0.0,4.17,6.89,CENTER_DUAL,325.4,5.4,1.0,,
18:44:21.467,7.0,MANUAL,0,0,0.0,0.0,0.0,4.17,6.89,CENTER_DUAL,325.4,5.4,1.0,,
18:44:22.606,6.3,MANUAL,0,0,0.0,0.0,0.0,4.17,6.89,CENTER_DUAL,325.7,5.7,1.0,,
18:44:23.647,6.5,MANUAL,0,0,0.0,0.0,0.0,4.17,6.89,CENTER_DUAL,326.1,6.1,1.0,,
18:44:24.779,7.1,MANUAL,0,0,0.0,0.0,0.0,4.17,6.89,CENTER_DUAL,327.1,7.1,1.0,,
18:44:25.904,7.2,MANUAL,0,0,0.0,0.0,0.0,4.17,6.89,CENTER_DUAL,328.2,8.2,1.0,,
18:44:27.045,7.1,MANUAL,0,0,0.0,0.0,0.0,4.17,6.89,CENTER_DUAL,329.4,9.4,1.0,,
18:44:28.045,6.4,MANUAL,0,0,0.0,0.0,0.0,4.17,6.89,CENTER_DUAL,330.3,10.3,1.0,,
18:44:29.091,7.1,MANUAL,0,0,0.0,0.0,0.0,4.17,6.89,CENTER_DUAL,331.1,11.1,1.0,,
18:44:30.229,7.2,MANUAL,0,0,0.0,0.0,0.0,4.17,6.89,CENTER_DUAL,331.6,11.6,1.0,,
18:44:31.365,7.1,MANUAL,0,0,0.0,0.0,0.0,4.17,6.89,CENTER_DUAL,331.8,11.8,1.0,,
18:44:32.386,7.2,MANUAL,0,0,0.0,0.0,0.0,4.17,6.89,CENTER_DUAL,331.8,11.8,1.0,,
18:44:33.427,6.4,MANUAL,0,0,0.0,0.0,0.0,4.17,6.89,CENTER_DUAL,332.0,12.0,1.0,,
18:44:34.453,6.4,MANUAL,0,0,0.0,0.0,0.0,4.17,6.89,CENTER_DUAL,331.8,11.8,1.0,,
18:44:35.486,7.3,MANUAL,0,0,0.0,0.0,0.0,4.17,6.89,CENTER_DUAL,331.6,11.6,1.0,,
18:44:36.611,7.0,MANUAL,0,0,0.0,0.0,0.0,4.17,6.89,CENTER_DUAL,331.4,11.4,1.0,,
18:44:37.641,7.2,MANUAL,0,0,0.0,0.0,0.0,4.17,6.89,CENTER_DUAL,331.1,11.1,1.0,,
18:44:38.682,7.2,MANUAL,0,0,0.0,0.0,0.0,4.17,6.89,CENTER_DUAL,331.1,11.1,1.0,,
18:44:39.735,7.1,MANUAL,0,0,0.0,0.0,0.0,4.17,6.89,CENTER_DUAL,331.2,11.2,1.0,,
18:44:40.780,7.0,MANUAL,0,0,0.0,0.0,0.0,4.17,6.89,CENTER_DUAL,331.2,11.2,1.0,,
18:44:41.814,7.2,MANUAL,0,0,0.0,0.0,0.0,4.17,6.89,CENTER_DUAL,331.3,11.3,1.0,,
18:44:42.888,6.4,MANUAL,0,0,0.0,0.0,0.0,4.17,6.89,CENTER_DUAL,331.2,11.2,1.0,,
18:44:43.896,7.1,MANUAL,0,0,0.0,0.0,0.0,4.17,6.89,CENTER_DUAL,331.2,11.2,1.0,,
18:44:45.020,7.1,MANUAL,0,0,0.0,0.0,0.0,4.17,6.89,CENTER_DUAL,331.0,11.0,1.0,,
18:44:46.048,7.1,MANUAL,0,0,0.0,0.0,0.0,4.17,6.89,CENTER_DUAL,330.8,10.8,1.0,,
18:44:47.084,7.2,MANUAL,0,0,0.0,0.0,0.0,4.17,6.89,CENTER_DUAL,330.6,10.6,1.0,,
18:44:48.091,7.1,MANUAL,0,0,0.0,0.0,0.0,4.17,6.89,CENTER_DUAL,330.4,10.4,1.0,,
18:44:49.123,6.4,MANUAL,0,0,0.0,0.0,0.0,4.17,6.89,CENTER_DUAL,330.4,10.4,1.0,,
18:44:50.138,6.5,MANUAL,0,0,0.0,0.0,0.0,4.17,6.89,CENTER_DUAL,330.3,10.3,1.0,,
18:44:51.211,6.4,MANUAL,0,0,0.0,0.0,0.0,4.17,6.89,CENTER_DUAL,330.2,10.2,1.0,,
18:44:52.244,7.2,MANUAL,0,0,0.0,0.0,0.0,4.17,6.89,CENTER_DUAL,330.2,10.2,1.0,,
18:44:53.272,7.1,MANUAL,0,0,0.0,0.0,0.0,4.17,6.89,CENTER_DUAL,330.1,10.1,1.0,,
18:44:54.323,7.2,MANUAL,0,0,0.0,0.0,0.0,4.17,6.89,CENTER_DUAL,329.7,9.7,1.0,,
18:44:55.343,6.4,MANUAL,0,0,0.0,0.0,0.0,4.17,6.89,CENTER_DUAL,329.3,9.3,1.0,,
18:44:56.356,6.4,MANUAL,0,0,0.0,0.0,0.0,4.17,6.89,CENTER_DUAL,328.9,8.9,1.0,,
18:44:57.376,6.3,MANUAL,0,0,0.0,0.0,0.0,4.17,6.89,CENTER_DUAL,328.5,8.5,1.0,,
18:44:58.392,6.4,MANUAL,0,0,0.0,0.0,0.0,4.17,6.89,CENTER_DUAL,328.2,8.2,1.0,,
18:44:59.401,7.1,MANUAL,0,0,0.0,0.0,0.0,4.17,6.89,CENTER_DUAL,328.0,8.0,1.0,,
18:45:00.416,6.3,MANUAL,0,0,0.0,0.0,0.0,4.17,6.89,CENTER_DUAL,327.7,7.7,1.0,,
18:45:01.418,7.1,MANUAL,0,0,0.0,0.0,0.0,4.17,6.89,CENTER_DUAL,327.6,7.6,1.0,,
18:45:02.448,7.0,MANUAL,0,0,0.0,0.0,0.0,4.17,6.89,CENTER_DUAL,327.4,7.4,1.0,,
18:45:03.591,6.5,MANUAL,0,0,0.0,0.0,0.0,4.17,6.89,CENTER_DUAL,327.3,7.3,1.0,,
18:45:04.603,7.1,MANUAL,0,0,0.0,0.0,0.0,4.17,6.89,CENTER_DUAL,327.2,7.2,1.0,,
18:45:05.605,6.5,MANUAL,0,0,0.0,0.0,0.0,4.17,6.89,CENTER_DUAL,327.0,7.0,1.0,,
18:45:06.616,7.2,MANUAL,0,0,0.0,0.0,0.0,4.17,6.89,CENTER_DUAL,326.9,6.9,1.0,,
18:45:07.620,6.4,MANUAL,0,0,0.0,0.0,0.0,4.17,6.89,CENTER_DUAL,326.8,6.8,1.0,,
18:45:08.665,7.0,MANUAL,0,0,0.0,0.0,0.0,4.17,6.89,CENTER_DUAL,326.7,6.7,1.0,,
18:45:09.791,7.1,MANUAL,0,0,0.0,0.0,0.0,4.17,6.89,CENTER_DUAL,326.6,6.6,1.0,,
18:45:10.847,6.3,MANUAL,0,0,0.0,0.0,0.0,4.17,6.89,CENTER_DUAL,326.5,6.5,1.0,,
18:45:11.849,7.1,MANUAL,0,0,0.0,0.0,0.0,4.17,6.89,CENTER_DUAL,326.4,6.4,1.0,,
18:45:12.906,6.4,MANUAL,0,0,0.0,0.0,0.0,4.17,6.89,CENTER_DUAL,326.3,6.3,1.0,,
18:45:14.045,7.0,MANUAL,0,0,0.0,0.0,0.0,4.17,6.89,CENTER_DUAL,326.2,6.2,1.0,,
18:45:15.158,7.1,MANUAL,0,0,0.0,0.0,0.0,4.17,6.89,CENTER_DUAL,326.1,6.1,1.0,,
18:45:16.174,6.5,MANUAL,0,0,0.0,0.0,0.0,4.17,6.89,CENTER_DUAL,326.0,6.0,1.0,,
18:45:17.274,7.1,MANUAL,0,0,0.0,0.0,0.0,4.17,6.89,CENTER_DUAL,325.9,5.9,1.0,,
18:45:18.374,6.3,MANUAL,0,0,0.0,0.0,0.0,4.17,6.89,CENTER_DUAL,325.9,5.9,1.0,,
18:45:19.555,5.8,MANUAL,0,0,0.0,0.0,0.0,4.17,6.89,CENTER_DUAL,325.8,5.8,1.0,,
18:45:20.668,6.3,MANUAL,0,0,0.0,0.0,0.0,4.17,6.89,CENTER_DUAL,325.8,5.8,1.0,,
18:45:21.758,5.8,MANUAL,0,0,0.0,0.0,0.0,4.17,6.89,CENTER_DUAL,325.8,5.8,1.0,,
18:45:22.896,6.4,MANUAL,0,0,0.0,0.0,0.0,4.17,6.89,CENTER_DUAL,325.8,5.8,1.0,,
18:45:23.987,7.1,MANUAL,0,0,0.0,0.0,0.0,4.17,6.89,CENTER_DUAL,325.8,5.8,1.0,,
18:45:25.071,6.3,MANUAL,0,0,0.0,0.0,0.0,4.17,6.89,CENTER_DUAL,325.8,5.8,1.0,,
18:45:26.142,6.5,MANUAL,0,0,0.0,0.0,0.0,4.17,6.89,CENTER_DUAL,325.7,5.7,1.0,,
18:45:27.201,6.4,MANUAL,0,0,0.0,0.0,0.0,4.17,6.89,CENTER_DUAL,325.7,5.7,1.0,,
18:45:28.266,6.4,MANUAL,0,0,0.0,0.0,0.0,4.17,6.89,CENTER_DUAL,325.6,5.6,1.0,,
18:45:29.299,7.1,MANUAL,0,0,0.0,0.0,0.0,4.17,6.89,CENTER_DUAL,325.6,5.6,1.0,,
18:45:30.379,7.1,MANUAL,0,0,0.0,0.0,0.0,4.17,6.89,CENTER_DUAL,325.6,5.6,1.0,,
18:45:31.438,6.4,MANUAL,0,0,0.0,0.0,0.0,4.17,6.89,CENTER_DUAL,325.5,5.5,1.0,,
18:45:32.492,6.9,MANUAL,0,0,0.0,0.0,0.0,4.17,6.89,CENTER_DUAL,325.5,5.5,1.0,,
18:45:33.570,6.3,MANUAL,0,0,0.0,0.0,0.0,4.17,6.89,CENTER_DUAL,325.5,5.5,1.0,,
18:45:34.655,6.3,MANUAL,0,0,0.0,0.0,0.0,4.17,6.89,CENTER_DUAL,325.5,5.5,1.0,,
18:45:35.721,6.4,MANUAL,0,0,0.0,0.0,0.0,4.17,6.89,CENTER_DUAL,325.4,5.4,1.0,,
18:45:36.766,7.1,MANUAL,0,0,0.0,0.0,0.0,4.17,6.89,CENTER_DUAL,325.4,5.4,1.0,,
18:45:37.865,6.4,MANUAL,0,0,0.0,0.0,0.0,4.17,6.89,CENTER_DUAL,325.4,5.4,1.0,,
18:45:38.908,7.2,MANUAL,0,0,0.0,0.0,0.0,4.17,6.89,CENTER_DUAL,325.4,5.4,1.0,,
18:45:39.983,6.4,MANUAL,0,0,0.0,0.0,0.0,4.17,6.89,CENTER_DUAL,325.4,5.4,1.0,,
18:45:41.034,7.0,MANUAL,0,0,0.0,0.0,0.0,4.17,6.89,CENTER_DUAL,325.3,5.3,1.0,,
18:45:42.121,6.4,MANUAL,0,0,0.0,0.0,0.0,4.17,6.89,CENTER_DUAL,325.3,5.3,1.0,,
18:45:43.184,6.4,MANUAL,0,0,0.0,0.0,0.0,4.17,6.89,CENTER_DUAL,325.3,5.3,1.0,,
18:45:44.246,7.2,MANUAL,0,0,0.0,0.0,0.0,4.17,6.89,CENTER_DUAL,325.2,5.2,1.0,,
18:45:45.315,6.3,MANUAL,0,0,0.0,0.0,0.0,4.17,6.89,CENTER_DUAL,325.1,5.1,1.0,,
18:45:46.361,7.1,MANUAL,0,0,0.0,0.0,0.0,4.17,6.89,CENTER_DUAL,325.0,5.0,1.0,,
18:45:47.418,7.1,MANUAL,0,0,0.0,0.0,0.0,4.17,6.89,CENTER_DUAL,325.1,5.1,1.0,,
18:45:48.501,6.4,MANUAL,0,0,0.0,0.0,0.0,4.17,6.89,CENTER_DUAL,325.1,5.1,1.0,,
18:45:49.605,6.4,MANUAL,0,0,0.0,0.0,0.0,4.17,6.89,CENTER_DUAL,325.1,5.1,1.0,,
18:45:50.643,7.1,MANUAL,0,0,0.0,0.0,0.0,4.17,6.89,CENTER_DUAL,325.1,5.1,1.0,,
18:45:51.721,7.0,MANUAL,0,0,0.0,0.0,0.0,4.17,6.89,CENTER_DUAL,325.1,5.1,1.0,,
18:45:52.758,7.1,MANUAL,0,0,0.0,0.0,0.0,4.17,6.89,CENTER_DUAL,325.2,5.2,1.0,,
18:45:53.837,6.4,MANUAL,0,0,0.0,0.0,0.0,4.17,6.89,CENTER_DUAL,325.2,5.2,1.0,,
18:45:54.920,6.4,MANUAL,0,0,0.0,0.0,0.0,4.17,6.89,CENTER_DUAL,325.2,5.2,1.0,,
18:45:55.990,6.4,MANUAL,0,0,0.0,0.0,0.0,4.17,6.89,CENTER_DUAL,325.2,5.2,1.0,,
18:45:57.059,5.8,MANUAL,0,0,0.0,0.0,0.0,4.17,6.89,CENTER_DUAL,325.2,5.2,1.0,,
18:45:58.090,7.0,MANUAL,0,0,0.0,0.0,0.0,4.17,6.89,CENTER_DUAL,325.2,5.2,1.0,,
18:45:59.138,7.2,MANUAL,0,0,0.0,0.0,0.0,4.17,6.89,CENTER_DUAL,325.3,5.3,1.0,,
18:46:00.183,6.4,MANUAL,0,0,0.0,0.0,0.0,4.17,6.89,CENTER_DUAL,325.3,5.3,1.0,,
18:46:01.253,6.3,MANUAL,0,0,0.0,0.0,0.0,4.17,6.89,CENTER_DUAL,325.3,5.3,1.0,,
18:46:02.311,5.9,MANUAL,0,0,0.0,0.0,0.0,4.17,6.89,CENTER_DUAL,325.3,5.3,1.0,,
18:46:03.346,7.1,MANUAL,0,0,0.0,0.0,0.0,4.17,6.89,CENTER_DUAL,325.3,5.3,1.0,,
18:46:04.362,7.1,MANUAL,0,0,0.0,0.0,0.0,4.17,6.89,CENTER_DUAL,325.3,5.3,1.0,,
18:46:05.437,6.4,MANUAL,0,0,0.0,0.0,0.0,4.17,6.89,CENTER_DUAL,325.2,5.2,1.0,,
18:46:06.507,6.4,MANUAL,0,0,0.0,0.0,0.0,4.17,6.89,CENTER_DUAL,325.2,5.2,1.0,,
18:46:07.591,6.5,MANUAL,0,0,0.0,0.0,0.0,4.17,6.89,CENTER_DUAL,325.2,5.2,1.0,,
18:46:08.657,6.4,MANUAL,0,0,0.0,0.0,0.0,4.17,6.89,CENTER_DUAL,325.2,5.2,1.0,,
18:46:09.693,7.0,MANUAL,0,0,0.0,0.0,0.0,4.17,6.89,CENTER_DUAL,325.2,5.2,1.0,,
18:46:10.761,6.3,MANUAL,0,0,0.0,0.0,0.0,4.17,6.89,CENTER_DUAL,325.2,5.2,1.0,,
18:46:11.805,6.4,MANUAL,0,0,0.0,0.0,0.0,4.17,6.89,CENTER_DUAL,325.2,5.2,1.0,,
18:46:12.898,6.3,MANUAL,0,0,0.0,0.0,0.0,4.17,6.89,CENTER_DUAL,325.2,5.2,1.0,,
18:46:13.948,7.1,MANUAL,0,0,0.0,0.0,0.0,4.17,6.89,CENTER_DUAL,325.2,5.2,1.0,,
18:46:14.982,7.1,MANUAL,0,0,0.0,0.0,0.0,4.17,6.89,CENTER_DUAL,325.1,5.1,1.0,,
18:46:16.031,6.5,MANUAL,0,0,0.0,0.0,0.0,4.17,6.89,CENTER_DUAL,325.1,5.1,1.0,,
18:46:17.062,7.1,MANUAL,0,0,0.0,0.0,0.0,4.17,6.89,CENTER_DUAL,325.1,5.1,1.0,,
18:46:18.107,6.4,MANUAL,0,0,0.0,0.0,0.0,4.17,6.89,CENTER_DUAL,325.0,5.0,1.0,,
18:46:19.132,7.1,MANUAL,0,0,0.0,0.0,0.0,4.17,6.89,CENTER_DUAL,325.0,5.0,1.0,,
18:46:20.157,6.5,MANUAL,0,0,0.0,0.0,0.0,4.17,6.89,CENTER_DUAL,325.0,5.0,1.0,,
18:46:21.249,6.4,MANUAL,0,0,0.0,0.0,0.0,4.17,6.89,CENTER_DUAL,325.0,5.0,1.0,,
18:46:22.320,6.9,MANUAL,0,0,0.0,0.0,0.0,4.17,6.89,CENTER_DUAL,325.0,5.0,1.0,,
18:46:23.374,6.4,MANUAL,0,0,0.0,0.0,0.0,4.17,6.89,CENTER_DUAL,325.0,5.0,1.0,,
18:46:24.419,7.1,MANUAL,0,0,0.0,0.0,0.0,4.17,6.89,CENTER_DUAL,325.0,5.0,1.0,,
18:46:25.487,7.0,MANUAL,0,0,0.0,0.0,0.0,4.17,6.89,CENTER_DUAL,325.0,5.0,1.0,,
18:46:26.566,6.4,MANUAL,0,0,0.0,0.0,0.0,4.17,6.89,CENTER_DUAL,325.0,5.0,1.0,,
18:46:27.651,6.4,MANUAL,0,0,0.0,0.0,0.0,4.17,6.89,CENTER_DUAL,325.0,5.0,1.0,,
18:46:28.731,6.4,MANUAL,0,0,0.0,0.0,0.0,4.17,6.89,CENTER_DUAL,325.0,5.0,1.0,,
18:46:29.803,7.1,MANUAL,0,0,0.0,0.0,0.0,4.17,6.89,CENTER_DUAL,325.0,5.0,1.0,,
18:46:30.915,6.4,MANUAL,0,0,0.0,0.0,0.0,4.17,6.89,CENTER_DUAL,325.0,5.0,1.0,,
18:46:31.998,6.3,MANUAL,0,0,0.0,0.0,0.0,4.17,6.89,CENTER_DUAL,325.0,5.0,1.0,,
18:46:33.022,7.1,MANUAL,0,0,0.0,0.0,0.0,4.17,6.89,CENTER_DUAL,325.0,5.0,1.0,,
18:46:34.121,6.4,MANUAL,0,0,0.0,0.0,0.0,4.17,6.89,CENTER_DUAL,325.0,5.0,1.0,,
18:46:35.171,6.4,MANUAL,0,0,0.0,0.0,0.0,4.17,6.89,CENTER_DUAL,325.0,5.0,1.0,,
18:46:36.229,6.4,MANUAL,0,0,0.0,0.0,0.0,4.17,6.89,CENTER_DUAL,324.9,4.9,1.0,,
18:46:37.294,6.4,MANUAL,0,0,0.0,0.0,0.0,4.17,6.89,CENTER_DUAL,324.7,4.7,1.0,,
18:46:38.350,7.1,MANUAL,0,0,0.0,0.0,0.0,4.17,6.89,CENTER_DUAL,324.6,4.6,1.0,,
18:46:39.411,7.1,MANUAL,0,0,0.0,0.0,0.0,4.17,6.89,CENTER_DUAL,324.7,4.7,1.0,,
18:46:40.463,6.4,MANUAL,0,0,0.0,0.0,0.0,4.17,6.89,CENTER_DUAL,324.7,4.7,1.0,,
18:46:41.519,7.1,MANUAL,0,0,0.0,0.0,0.0,4.17,6.89,CENTER_DUAL,324.7,4.7,1.0,,
18:46:42.589,6.4,MANUAL,0,0,0.0,0.0,0.0,4.17,6.89,CENTER_DUAL,324.7,4.7,1.0,,
18:46:43.604,7.1,MANUAL,0,0,0.0,0.0,0.0,4.17,6.89,CENTER_DUAL,324.8,4.8,1.0,,
18:46:44.683,6.4,MANUAL,0,0,0.0,0.0,0.0,4.17,6.89,CENTER_DUAL,324.8,4.8,1.0,,
18:46:45.734,6.5,MANUAL,0,0,0.0,0.0,0.0,4.17,6.89,CENTER_DUAL,324.8,4.8,1.0,,
18:46:46.755,7.1,MANUAL,0,0,0.0,0.0,0.0,4.17,6.89,CENTER_DUAL,324.8,4.8,1.0,,
18:46:47.779,7.2,MANUAL,0,0,0.0,0.0,0.0,4.17,6.89,CENTER_DUAL,324.8,4.8,1.0,,
18:46:48.904,7.1,MANUAL,0,0,0.0,0.0,0.0,4.17,6.89,CENTER_DUAL,324.8,4.8,1.0,,
18:46:49.981,7.2,MANUAL,0,0,0.0,0.0,0.0,4.17,6.89,CENTER_DUAL,324.9,4.9,1.0,,
18:46:50.995,7.1,MANUAL,0,0,0.0,0.0,0.0,4.17,6.89,CENTER_DUAL,324.9,4.9,1.0,,
18:46:52.018,7.0,MANUAL,0,0,0.0,0.0,0.0,4.17,6.89,CENTER_DUAL,324.9,4.9,1.0,,
18:46:53.052,7.1,MANUAL,0,0,0.0,0.0,0.0,4.17,6.89,CENTER_DUAL,324.9,4.9,1.0,,
18:46:54.117,6.4,MANUAL,0,0,0.0,0.0,0.0,4.17,6.89,CENTER_DUAL,324.9,4.9,1.0,,
18:46:55.152,6.5,MANUAL,0,0,0.0,0.0,0.0,4.17,6.89,CENTER_DUAL,324.9,4.9,1.0,,
18:46:56.176,6.3,MANUAL,0,0,0.0,0.0,0.0,4.17,6.89,CENTER_DUAL,324.9,4.9,1.0,,
18:46:57.196,7.2,MANUAL,0,0,0.0,0.0,0.0,4.17,6.89,CENTER_DUAL,324.9,4.9,1.0,,
18:46:58.316,7.1,MANUAL,0,0,0.0,0.0,0.0,4.17,6.89,CENTER_DUAL,324.8,4.8,1.0,,
18:46:59.321,7.1,MANUAL,0,0,0.0,0.0,0.0,4.17,6.89,CENTER_DUAL,324.8,4.8,1.0,,
18:47:00.331,7.0,MANUAL,0,0,0.0,0.0,0.0,4.17,6.89,CENTER_DUAL,324.8,4.8,1.0,,
18:47:01.354,6.4,MANUAL,0,0,0.0,0.0,0.0,4.17,6.89,CENTER_DUAL,324.8,4.8,1.0,,
18:47:02.375,7.1,MANUAL,0,0,0.0,0.0,0.0,4.17,6.89,CENTER_DUAL,324.8,4.8,1.0,,
18:47:03.433,7.1,MANUAL,0,0,0.0,0.0,0.0,4.17,6.89,CENTER_DUAL,324.8,4.8,1.0,,
18:47:04.461,7.2,MANUAL,0,0,0.0,0.0,0.0,4.17,6.89,CENTER_DUAL,324.8,4.8,1.0,,
18:47:05.467,7.1,MANUAL,0,0,0.0,0.0,0.0,4.17,6.89,CENTER_DUAL,324.8,4.8,1.0,,
18:47:06.507,7.1,MANUAL,0,0,0.0,0.0,0.0,4.17,6.89,CENTER_DUAL,324.8,4.8,1.0,,
18:47:07.555,5.8,MANUAL,0,0,0.0,0.0,0.0,4.17,6.89,CENTER_DUAL,324.8,4.8,1.0,,
18:47:08.681,7.1,MANUAL,0,0,0.0,0.0,0.0,4.17,6.89,CENTER_DUAL,324.8,4.8,1.0,,
18:47:09.721,7.2,MANUAL,0,0,0.0,0.0,0.0,4.17,6.89,CENTER_DUAL,324.8,4.8,1.0,,
18:47:10.736,7.1,MANUAL,0,0,0.0,0.0,0.0,4.17,6.89,CENTER_DUAL,324.8,4.8,1.0,,
18:47:11.775,7.1,MANUAL,0,0,0.0,0.0,0.0,4.17,6.89,CENTER_DUAL,324.8,4.8,1.0,,
18:47:12.820,7.1,MANUAL,0,0,0.0,0.0,0.0,4.17,6.89,CENTER_DUAL,324.8,4.8,1.0,,
18:47:13.839,7.1,MANUAL,0,0,0.0,0.0,0.0,4.17,6.89,CENTER_DUAL,324.7,4.7,1.0,,
18:47:14.899,6.3,MANUAL,0,0,0.0,0.0,0.0,4.17,6.89,CENTER_DUAL,324.7,4.7,1.0,,
18:47:15.905,7.2,MANUAL,0,0,0.0,0.0,0.0,4.17,6.89,CENTER_DUAL,324.8,4.8,1.0,,
18:47:16.954,7.0,MANUAL,0,0,0.0,0.0,0.0,4.17,6.89,CENTER_DUAL,324.8,4.8,1.0,,
18:47:17.965,7.1,MANUAL,0,0,0.0,0.0,0.0,4.17,6.89,CENTER_DUAL,324.8,4.8,1.0,,
18:47:19.018,6.4,MANUAL,0,0,0.0,0.0,0.0,4.17,6.89,CENTER_DUAL,324.8,4.8,1.0,,
18:47:20.097,6.5,MANUAL,0,0,0.0,0.0,0.0,4.17,6.89,CENTER_DUAL,324.8,4.8,1.0,,
18:47:21.147,7.1,MANUAL,0,0,0.0,0.0,0.0,4.17,6.89,CENTER_DUAL,324.8,4.8,1.0,,
18:47:22.198,7.1,MANUAL,0,0,0.0,0.0,0.0,4.17,6.89,CENTER_DUAL,324.8,4.8,1.0,,
18:47:23.258,6.4,MANUAL,0,0,0.0,0.0,0.0,4.17,6.89,CENTER_DUAL,324.8,4.8,1.0,,
18:47:24.324,6.4,MANUAL,0,0,0.0,0.0,0.0,4.17,6.89,CENTER_DUAL,324.8,4.8,1.0,,
18:47:25.399,6.5,MANUAL,0,0,0.0,0.0,0.0,4.17,6.89,CENTER_DUAL,324.8,4.8,1.0,,
18:47:26.492,7.1,MANUAL,0,0,0.0,0.0,0.0,4.17,6.89,CENTER_DUAL,324.8,4.8,1.0,,
18:47:27.570,6.4,MANUAL,0,0,0.0,0.0,0.0,4.17,6.89,CENTER_DUAL,324.7,4.7,1.0,,
18:47:28.659,6.4,MANUAL,0,0,0.0,0.0,0.0,4.17,6.89,CENTER_DUAL,324.7,4.7,1.0,,
18:47:29.688,6.9,MANUAL,0,0,0.0,0.0,0.0,4.17,6.89,CENTER_DUAL,324.7,4.7,1.0,,
18:47:30.736,6.5,MANUAL,0,0,0.0,0.0,0.0,4.17,6.89,CENTER_DUAL,324.7,4.7,1.0,,
18:47:31.780,7.0,MANUAL,0,0,0.0,0.0,0.0,4.17,6.89,CENTER_DUAL,324.7,4.7,1.0,,
18:47:32.853,6.5,MANUAL,0,0,0.0,0.0,0.0,4.17,6.89,CENTER_DUAL,324.7,4.7,1.0,,
18:47:33.901,7.1,MANUAL,0,0,0.0,0.0,0.0,4.17,6.89,CENTER_DUAL,324.7,4.7,1.0,,
18:47:34.910,7.1,MANUAL,0,0,0.0,0.0,0.0,4.17,6.89,CENTER_DUAL,324.7,4.7,1.0,,
18:47:35.964,6.4,MANUAL,0,0,0.0,0.0,0.0,4.17,6.89,CENTER_DUAL,324.7,4.7,1.0,,
18:47:37.036,6.3,MANUAL,0,0,0.0,0.0,0.0,4.17,6.89,CENTER_DUAL,324.7,4.7,1.0,,
18:47:38.108,6.4,MANUAL,0,0,0.0,0.0,0.0,4.17,6.89,CENTER_DUAL,324.7,4.7,1.0,,
18:47:39.185,6.4,MANUAL,0,0,0.0,0.0,0.0,4.17,6.89,CENTER_DUAL,324.8,4.8,1.0,,
18:47:40.263,6.5,MANUAL,0,0,0.0,0.0,0.0,4.17,6.89,CENTER_DUAL,325.0,5.0,1.0,,
18:47:41.345,6.4,MANUAL,0,0,0.0,0.0,0.0,4.17,6.89,CENTER_DUAL,325.4,5.4,1.0,,
18:47:42.431,6.4,MANUAL,0,0,0.0,0.0,0.0,4.17,6.89,CENTER_DUAL,325.8,5.8,1.0,,
18:47:43.573,6.5,MANUAL,0,0,0.0,0.0,0.0,4.17,6.89,CENTER_DUAL,326.1,6.1,1.0,,
18:47:44.632,6.5,MANUAL,0,0,0.0,0.0,0.0,4.17,6.89,CENTER_DUAL,326.4,6.4,1.0,,
18:47:45.688,6.4,MANUAL,0,0,0.0,0.0,0.0,4.17,6.89,CENTER_DUAL,326.6,6.6,1.0,,
18:47:46.757,7.0,MANUAL,0,0,0.0,0.0,0.0,4.17,6.89,CENTER_DUAL,326.7,6.7,1.0,,
18:47:47.787,7.2,MANUAL,0,0,0.0,0.0,0.0,4.17,6.89,CENTER_DUAL,326.8,6.8,1.0,,
18:47:48.841,6.5,MANUAL,0,0,0.0,0.0,0.0,4.17,6.89,CENTER_DUAL,326.8,6.8,1.0,,
18:47:49.890,6.4,MANUAL,0,0,0.0,0.0,0.0,4.17,6.89,CENTER_DUAL,326.9,6.9,1.0,,
18:47:50.914,7.1,MANUAL,0,0,0.0,0.0,0.0,4.17,6.89,CENTER_DUAL,326.9,6.9,1.0,,
18:47:52.011,6.4,MANUAL,0,0,0.0,0.0,0.0,4.17,6.89,CENTER_DUAL,326.8,6.8,1.0,,
18:47:53.055,6.5,MANUAL,0,0,0.0,0.0,0.0,4.17,6.89,CENTER_DUAL,326.6,6.6,1.0,,
18:47:54.118,6.3,MANUAL,0,0,0.0,0.0,0.0,4.17,6.89,CENTER_DUAL,326.2,6.2,1.0,,
18:47:55.192,6.3,MANUAL,0,0,0.0,0.0,0.0,4.17,6.89,CENTER_DUAL,325.9,5.9,1.0,,
18:47:56.272,5.8,MANUAL,0,0,0.0,0.0,0.0,4.17,6.89,CENTER_DUAL,325.6,5.6,1.0,,
18:47:57.371,7.1,MANUAL,0,0,0.0,0.0,0.0,4.17,6.89,CENTER_DUAL,325.4,5.4,1.0,,
18:47:58.409,7.1,MANUAL,0,0,0.0,0.0,0.0,4.17,6.89,CENTER_DUAL,325.2,5.2,1.0,,
18:47:59.472,7.2,MANUAL,0,0,0.0,0.0,0.0,4.17,6.89,CENTER_DUAL,325.0,5.0,1.0,,
18:48:00.493,6.4,MANUAL,0,0,0.0,0.0,0.0,4.17,6.89,CENTER_DUAL,324.9,4.9,1.0,,
18:48:01.495,6.5,MANUAL,0,0,0.0,0.0,0.0,4.17,6.89,CENTER_DUAL,324.8,4.8,1.0,,
18:48:02.516,7.2,MANUAL,0,0,0.0,0.0,0.0,4.17,6.89,CENTER_DUAL,324.7,4.7,1.0,,
18:48:03.551,6.3,MANUAL,0,0,0.0,0.0,0.0,4.17,6.89,CENTER_DUAL,324.6,4.6,1.0,,
18:48:04.599,6.3,MANUAL,0,0,0.0,0.0,0.0,4.17,6.89,CENTER_DUAL,324.5,4.5,1.0,,
18:48:05.650,7.1,MANUAL,0,0,0.0,0.0,0.0,4.17,6.89,CENTER_DUAL,324.5,4.5,1.0,,
18:48:06.677,7.1,MANUAL,0,0,0.0,0.0,0.0,4.17,6.89,CENTER_DUAL,324.5,4.5,1.0,,
18:48:07.716,7.1,MANUAL,0,0,0.0,0.0,0.0,4.17,6.89,CENTER_DUAL,324.5,4.5,1.0,,
18:48:08.749,7.0,MANUAL,0,0,0.0,0.0,0.0,4.17,6.89,CENTER_DUAL,324.4,4.4,1.0,,
18:48:09.773,6.4,MANUAL,0,0,0.0,0.0,0.0,4.17,6.89,CENTER_DUAL,324.4,4.4,1.0,,
18:48:10.805,6.5,MANUAL,0,0,0.0,0.0,0.0,4.17,6.89,CENTER_DUAL,324.4,4.4,1.0,,
18:48:11.849,7.2,MANUAL,0,0,0.0,0.0,0.0,4.17,6.89,CENTER_DUAL,324.4,4.4,1.0,,
18:48:12.853,7.1,MANUAL,0,0,0.0,0.0,0.0,4.17,6.89,CENTER_DUAL,324.4,4.4,1.0,,
18:48:13.899,7.0,MANUAL,0,0,0.0,0.0,0.0,4.17,6.89,CENTER_DUAL,324.4,4.4,1.0,,
18:48:14.936,7.2,MANUAL,0,0,0.0,0.0,0.0,4.17,6.89,CENTER_DUAL,324.4,4.4,1.0,,
18:48:15.946,7.1,MANUAL,0,0,0.0,0.0,0.0,4.17,6.89,CENTER_DUAL,324.4,4.4,1.0,,
18:48:16.966,7.0,MANUAL,0,0,0.0,0.0,0.0,4.17,6.89,CENTER_DUAL,324.4,4.4,1.0,,
18:48:18.027,6.5,MANUAL,0,0,0.0,0.0,0.0,4.17,6.89,CENTER_DUAL,324.4,4.4,1.0,,
18:48:19.061,6.5,MANUAL,0,0,0.0,0.0,0.0,4.17,6.89,CENTER_DUAL,324.4,4.4,1.0,,
18:48:20.063,7.0,MANUAL,0,0,0.0,0.0,0.0,4.17,6.89,CENTER_DUAL,324.3,4.3,1.0,,
18:48:21.085,7.1,MANUAL,0,0,0.0,0.0,0.0,4.17,6.89,CENTER_DUAL,324.4,4.4,1.0,,
18:48:22.121,6.5,MANUAL,0,0,0.0,0.0,0.0,4.17,6.89,CENTER_DUAL,324.6,4.6,1.0,,
18:48:23.183,6.5,MANUAL,0,0,0.0,0.0,0.0,4.17,6.89,CENTER_DUAL,324.8,4.8,1.0,,
18:48:24.282,7.1,MANUAL,0,0,0.0,0.0,0.0,4.17,6.89,CENTER_DUAL,324.8,4.8,1.0,,
18:48:25.313,7.3,MANUAL,0,0,0.0,0.0,0.0,4.17,6.89,CENTER_DUAL,324.8,4.8,1.0,,
18:48:26.359,6.5,MANUAL,0,0,0.0,0.0,0.0,4.17,6.89,CENTER_DUAL,324.7,4.7,1.0,,
18:48:27.405,6.4,MANUAL,0,0,0.0,0.0,0.0,4.17,6.89,CENTER_DUAL,324.4,4.4,1.0,,
18:48:28.495,6.4,MANUAL,0,0,0.0,0.0,0.0,4.17,6.89,CENTER_DUAL,324.2,4.2,1.0,,
18:48:29.567,6.8,MANUAL,0,0,0.0,0.0,0.0,4.17,6.89,CENTER_DUAL,324.1,4.1,1.0,,
18:48:30.674,5.9,MANUAL,0,0,0.0,0.0,0.0,4.17,6.89,CENTER_DUAL,324.1,4.1,1.0,,
18:48:31.781,6.4,MANUAL,0,0,0.0,0.0,0.0,4.17,6.89,CENTER_DUAL,324.1,4.1,1.0,,
18:48:32.858,7.2,MANUAL,0,0,0.0,0.0,0.0,4.17,6.89,CENTER_DUAL,324.1,4.1,1.0,,
18:48:33.922,6.9,MANUAL,0,0,0.0,0.0,0.0,4.17,6.89,CENTER_DUAL,324.1,4.1,1.0,,
18:48:35.017,6.4,MANUAL,0,0,0.0,0.0,0.0,4.17,6.89,CENTER_DUAL,324.1,4.1,1.0,,
18:48:36.157,7.0,MANUAL,0,0,0.0,0.0,0.0,4.17,6.89,CENTER_DUAL,324.1,4.1,1.0,,
18:48:37.234,6.3,MANUAL,0,0,0.0,0.0,0.0,4.17,6.89,CENTER_DUAL,324.1,4.1,1.0,,
18:48:38.310,5.9,MANUAL,0,0,0.0,0.0,0.0,4.17,6.89,CENTER_DUAL,324.1,4.1,1.0,,
18:48:39.378,7.1,MANUAL,0,0,0.0,0.0,0.0,4.17,6.89,CENTER_DUAL,324.0,4.0,1.0,,
18:48:40.431,7.1,MANUAL,0,0,0.0,0.0,0.0,4.17,6.89,CENTER_DUAL,323.9,3.9,1.0,,
18:48:41.504,6.4,MANUAL,0,0,0.0,0.0,0.0,4.17,6.89,CENTER_DUAL,324.0,4.0,1.0,,
18:48:42.587,6.4,MANUAL,0,0,0.0,0.0,0.0,4.17,6.89,CENTER_DUAL,324.0,4.0,1.0,,
18:48:43.660,6.4,MANUAL,0,0,0.0,0.0,0.0,4.17,6.89,CENTER_DUAL,324.1,4.1,1.0,,
18:48:44.734,6.4,MANUAL,0,0,0.0,0.0,0.0,4.17,6.89,CENTER_DUAL,324.2,4.2,1.0,,
18:48:45.813,5.4,MANUAL,0,0,0.0,0.0,0.0,4.17,6.89,CENTER_DUAL,324.2,4.2,1.0,,
18:48:46.868,6.8,MANUAL,0,0,0.0,0.0,0.0,4.17,6.89,CENTER_DUAL,324.2,4.2,1.0,,
18:48:47.905,7.2,MANUAL,0,0,0.0,0.0,0.0,4.17,6.89,CENTER_DUAL,324.2,4.2,1.0,,
18:48:48.939,7.2,MANUAL,0,0,0.0,0.0,0.0,4.17,6.89,CENTER_DUAL,324.2,4.2,1.0,,
18:48:49.995,6.5,MANUAL,0,0,0.0,0.0,0.0,4.17,6.89,CENTER_DUAL,324.2,4.2,1.0,,
18:48:51.073,6.4,MANUAL,0,0,0.0,0.0,0.0,4.17,6.89,CENTER_DUAL,324.2,4.2,1.0,,
18:48:52.089,7.2,MANUAL,0,0,0.0,0.0,0.0,4.17,6.89,CENTER_DUAL,324.2,4.2,1.0,,
18:48:53.165,6.5,MANUAL,0,0,0.0,0.0,0.0,4.17,6.89,CENTER_DUAL,324.2,4.2,1.0,,
18:48:54.212,7.0,MANUAL,0,0,0.0,0.0,0.0,4.17,6.89,CENTER_DUAL,324.3,4.3,1.0,,
18:48:55.237,7.1,MANUAL,0,0,0.0,0.0,0.0,4.17,6.89,CENTER_DUAL,324.3,4.3,1.0,,
18:48:56.310,6.5,MANUAL,0,0,0.0,0.0,0.0,4.17,6.89,CENTER_DUAL,324.3,4.3,1.0,,
18:48:57.400,6.4,MANUAL,0,0,0.0,0.0,0.0,4.17,6.89,CENTER_DUAL,324.3,4.3,1.0,,
18:48:58.473,6.9,MANUAL,0,0,0.0,0.0,0.0,4.17,6.89,CENTER_DUAL,324.3,4.3,1.0,,
18:48:59.515,7.2,MANUAL,0,0,0.0,0.0,0.0,4.17,6.89,CENTER_DUAL,324.3,4.3,1.0,,
18:49:00.589,6.4,MANUAL,0,0,0.0,0.0,0.0,4.17,6.89,CENTER_DUAL,324.3,4.3,1.0,,
18:49:01.671,6.4,MANUAL,0,0,0.0,0.0,0.0,4.17,6.89,CENTER_DUAL,324.3,4.3,1.0,,
18:49:02.729,5.8,MANUAL,0,0,0.0,0.0,0.0,4.17,6.89,CENTER_DUAL,324.3,4.3,1.0,,
18:49:03.804,7.2,MANUAL,0,0,0.0,0.0,0.0,4.17,6.89,CENTER_DUAL,324.2,4.2,1.0,,
18:49:04.879,6.5,MANUAL,0,0,0.0,0.0,0.0,4.17,6.89,CENTER_DUAL,324.3,4.3,1.0,,
18:49:05.921,7.1,MANUAL,0,0,0.0,0.0,0.0,4.17,6.89,CENTER_DUAL,324.3,4.3,1.0,,
18:49:06.982,7.0,MANUAL,0,0,0.0,0.0,0.0,4.17,6.89,CENTER_DUAL,324.3,4.3,1.0,,
18:49:08.042,6.4,MANUAL,0,0,0.0,0.0,0.0,4.17,6.89,CENTER_DUAL,324.2,4.2,1.0,,
18:49:09.117,7.2,MANUAL,0,0,0.0,0.0,0.0,4.17,6.89,CENTER_DUAL,324.2,4.2,1.0,,
18:49:10.151,6.3,MANUAL,0,0,0.0,0.0,0.0,4.17,6.89,CENTER_DUAL,324.2,4.2,1.0,,
18:49:11.206,6.4,MANUAL,0,0,0.0,0.0,0.0,4.17,6.89,CENTER_DUAL,324.2,4.2,1.0,,
18:49:12.251,6.4,MANUAL,0,0,0.0,0.0,0.0,4.17,6.89,CENTER_DUAL,324.2,4.2,1.0,,
18:49:13.300,7.0,MANUAL,0,0,0.0,0.0,0.0,4.17,6.89,CENTER_DUAL,324.2,4.2,1.0,,
18:49:14.326,7.1,MANUAL,0,0,0.0,0.0,0.0,4.17,6.89,CENTER_DUAL,324.2,4.2,1.0,,
18:49:15.467,7.1,MANUAL,0,0,0.0,0.0,0.0,4.17,6.89,CENTER_DUAL,324.1,4.1,1.0,,
18:49:16.485,6.4,MANUAL,0,0,0.0,0.0,0.0,4.17,6.89,CENTER_DUAL,324.1,4.1,1.0,,
18:49:17.552,6.4,MANUAL,0,0,0.0,0.0,0.0,4.17,6.89,CENTER_DUAL,324.1,4.1,1.0,,
18:49:18.603,6.4,MANUAL,0,0,0.0,0.0,0.0,4.17,6.89,CENTER_DUAL,324.1,4.1,1.0,,
18:49:19.664,6.4,MANUAL,0,0,0.0,0.0,0.0,4.17,6.89,CENTER_DUAL,324.1,4.1,1.0,,
18:49:20.711,7.1,MANUAL,0,0,0.0,0.0,0.0,4.17,6.89,CENTER_DUAL,324.0,4.0,1.0,,
18:49:21.759,6.5,MANUAL,0,0,0.0,0.0,0.0,4.17,6.89,CENTER_DUAL,324.0,4.0,1.0,,
18:49:22.844,6.4,MANUAL,0,0,0.0,0.0,0.0,4.17,6.89,CENTER_DUAL,324.1,4.1,1.0,,
18:49:23.867,6.4,MANUAL,0,0,0.0,0.0,0.0,4.17,6.89,CENTER_DUAL,324.0,4.0,1.0,,
18:49:24.938,7.1,MANUAL,0,0,0.0,0.0,0.0,4.17,6.89,CENTER_DUAL,324.0,4.0,1.0,,
18:49:25.975,6.4,MANUAL,0,0,0.0,0.0,0.0,4.17,6.89,CENTER_DUAL,323.9,3.9,1.0,,
18:49:27.001,7.1,MANUAL,0,0,0.0,0.0,0.0,4.17,6.89,CENTER_DUAL,323.9,3.9,1.0,,
18:49:28.010,7.1,MANUAL,0,0,0.0,0.0,0.0,4.17,6.89,CENTER_DUAL,323.9,3.9,1.0,,
18:49:29.144,6.4,MANUAL,0,0,0.0,0.0,0.0,4.17,6.89,CENTER_DUAL,323.9,3.9,1.0,,
18:49:30.194,6.4,MANUAL,0,0,0.0,0.0,0.0,4.17,6.89,CENTER_DUAL,323.9,3.9,1.0,,
18:49:31.249,6.4,MANUAL,0,0,0.0,0.0,0.0,4.17,6.89,CENTER_DUAL,323.9,3.9,1.0,,
18:49:32.290,6.4,MANUAL,0,0,0.0,0.0,0.0,4.17,6.89,CENTER_DUAL,323.9,3.9,1.0,,
18:49:33.319,7.2,MANUAL,0,0,0.0,0.0,0.0,4.17,6.89,CENTER_DUAL,323.8,3.8,1.0,,
18:49:34.322,7.0,MANUAL,0,0,0.0,0.0,0.0,4.17,6.89,CENTER_DUAL,323.8,3.8,1.0,,
18:49:35.360,6.5,MANUAL,0,0,0.0,0.0,0.0,4.17,6.89,CENTER_DUAL,323.8,3.8,1.0,,
18:49:36.410,6.4,MANUAL,0,0,0.0,0.0,0.0,4.17,6.89,CENTER_DUAL,323.7,3.7,1.0,,
18:49:37.417,6.5,MANUAL,0,0,0.0,0.0,0.0,4.17,6.89,CENTER_DUAL,323.7,3.7,1.0,,
18:49:38.445,7.0,MANUAL,0,0,0.0,0.0,0.0,4.17,6.89,CENTER_DUAL,323.6,3.6,1.0,,
18:49:39.562,7.1,MANUAL,0,0,0.0,0.0,0.0,4.17,6.89,CENTER_DUAL,323.6,3.6,1.0,,
18:49:40.629,6.5,MANUAL,0,0,0.0,0.0,0.0,4.17,6.89,CENTER_DUAL,323.6,3.6,1.0,,
18:49:41.758,7.1,MANUAL,0,0,0.0,0.0,0.0,4.17,6.89,CENTER_DUAL,323.6,3.6,1.0,,
18:49:42.886,7.1,MANUAL,0,0,0.0,0.0,0.0,4.17,6.89,CENTER_DUAL,323.5,3.5,1.0,,
18:49:44.015,7.1,MANUAL,0,0,0.0,0.0,0.0,4.17,6.89,CENTER_DUAL,323.5,3.5,1.0,,
18:49:45.024,7.1,MANUAL,0,0,0.0,0.0,0.0,4.17,6.89,CENTER_DUAL,323.5,3.5,1.0,,
18:49:46.165,7.1,MANUAL,0,0,0.0,0.0,0.0,4.17,6.89,CENTER_DUAL,323.5,3.5,1.0,,
18:49:47.183,7.1,MANUAL,0,0,0.0,0.0,0.0,4.17,6.89,CENTER_DUAL,323.5,3.5,1.0,,
18:49:48.245,7.1,MANUAL,0,0,0.0,0.0,0.0,4.17,6.89,CENTER_DUAL,323.5,3.5,1.0,,
18:49:49.246,7.1,MANUAL,0,0,0.0,0.0,0.0,4.17,6.89,CENTER_DUAL,323.4,3.4,1.0,,
18:49:50.267,7.2,MANUAL,0,0,0.0,0.0,0.0,4.17,6.89,CENTER_DUAL,323.4,3.4,1.0,,
18:49:51.303,6.4,MANUAL,0,0,0.0,0.0,0.0,4.17,6.89,CENTER_DUAL,323.4,3.4,1.0,,
18:49:52.339,6.4,MANUAL,0,0,0.0,0.0,0.0,4.17,6.89,CENTER_DUAL,323.3,3.3,1.0,,
18:49:53.399,6.4,MANUAL,0,0,0.0,0.0,0.0,4.17,6.89,CENTER_DUAL,323.3,3.3,1.0,,
18:49:54.471,6.3,MANUAL,0,0,0.0,0.0,0.0,4.17,6.89,CENTER_DUAL,323.2,3.2,1.0,,
18:49:55.538,6.3,MANUAL,0,0,0.0,0.0,0.0,4.17,6.89,CENTER_DUAL,323.2,3.2,1.0,,
18:49:56.604,6.4,MANUAL,0,0,0.0,0.0,0.0,4.17,6.89,CENTER_DUAL,323.2,3.2,1.0,,
18:49:57.659,7.0,MANUAL,0,0,0.0,0.0,0.0,4.17,6.89,CENTER_DUAL,323.1,3.1,1.0,,
18:49:58.675,7.2,MANUAL,0,0,0.0,0.0,0.0,4.17,6.89,CENTER_DUAL,323.1,3.1,1.0,,
18:49:59.797,7.1,MANUAL,0,0,0.0,0.0,0.0,4.17,6.89,CENTER_DUAL,323.1,3.1,1.0,,
18:50:00.815,6.4,MANUAL,0,0,0.0,0.0,0.0,4.17,6.89,CENTER_DUAL,323.0,3.0,1.0,,
18:50:01.837,7.1,MANUAL,0,0,0.0,0.0,0.0,4.17,6.89,CENTER_DUAL,323.0,3.0,1.0,,
18:50:02.963,7.2,MANUAL,0,0,0.0,0.0,0.0,4.17,6.89,CENTER_DUAL,323.0,3.0,1.0,,
18:50:03.986,7.2,MANUAL,0,0,0.0,0.0,0.0,4.17,6.89,CENTER_DUAL,322.9,2.9,1.0,,
18:50:05.121,7.0,MANUAL,0,0,0.0,0.0,0.0,4.17,6.89,CENTER_DUAL,322.9,2.9,1.0,,
18:50:06.129,6.4,MANUAL,0,0,0.0,0.0,0.0,4.17,6.89,CENTER_DUAL,322.9,2.9,1.0,,
18:50:07.165,6.5,MANUAL,0,0,0.0,0.0,0.0,4.17,6.89,CENTER_DUAL,322.8,2.8,1.0,,
18:50:08.217,6.5,MANUAL,0,0,0.0,0.0,0.0,4.17,6.89,CENTER_DUAL,322.8,2.8,1.0,,
18:50:09.250,7.1,MANUAL,0,0,0.0,0.0,0.0,4.17,6.89,CENTER_DUAL,322.8,2.8,1.0,,
18:50:10.310,7.1,MANUAL,0,0,0.0,0.0,0.0,4.17,6.89,CENTER_DUAL,322.7,2.7,1.0,,
18:50:11.345,6.4,MANUAL,0,0,0.0,0.0,0.0,4.17,6.89,CENTER_DUAL,322.7,2.7,1.0,,
18:50:12.381,7.0,MANUAL,0,0,0.0,0.0,0.0,4.17,6.89,CENTER_DUAL,322.7,2.7,1.0,,
18:50:13.513,7.2,MANUAL,0,0,0.0,0.0,0.0,4.17,6.89,CENTER_DUAL,322.7,2.7,1.0,,
18:50:14.544,6.4,MANUAL,0,0,0.0,0.0,0.0,4.17,6.89,CENTER_DUAL,322.6,2.6,1.0,,
18:50:15.557,7.0,MANUAL,0,0,0.0,0.0,0.0,4.17,6.89,CENTER_DUAL,322.6,2.6,1.0,,
18:50:16.574,7.2,MANUAL,0,0,0.0,0.0,0.0,4.17,6.89,CENTER_DUAL,322.6,2.6,1.0,,
18:50:17.576,7.1,MANUAL,0,0,0.0,0.0,0.0,4.17,6.89,CENTER_DUAL,322.7,2.7,1.0,,
18:50:18.594,7.1,MANUAL,0,0,0.0,0.0,0.0,4.17,6.89,CENTER_DUAL,322.7,2.7,1.0,,
18:50:19.724,7.2,MANUAL,0,0,0.0,0.0,0.0,4.17,6.89,CENTER_DUAL,322.7,2.7,1.0,,
18:50:20.846,7.1,MANUAL,0,0,0.0,0.0,0.0,4.17,6.89,CENTER_DUAL,322.6,2.6,1.0,,
18:50:21.850,7.1,MANUAL,0,0,0.0,0.0,0.0,4.17,6.89,CENTER_DUAL,322.6,2.6,1.0,,
18:50:22.862,7.1,MANUAL,0,0,0.0,0.0,0.0,4.17,6.89,CENTER_DUAL,322.6,2.6,1.0,,
18:50:23.879,7.1,MANUAL,0,0,0.0,0.0,0.0,4.17,6.89,CENTER_DUAL,322.6,2.6,1.0,,
18:50:25.006,7.2,MANUAL,0,0,0.0,0.0,0.0,4.17,6.89,CENTER_DUAL,322.7,2.7,1.0,,
18:50:26.073,6.4,MANUAL,0,0,0.0,0.0,0.0,4.17,6.89,CENTER_DUAL,322.7,2.7,1.0,,
18:50:27.155,6.5,MANUAL,0,0,0.0,0.0,0.0,4.17,6.89,CENTER_DUAL,322.8,2.8,1.0,,
18:50:28.161,7.1,MANUAL,0,0,0.0,0.0,0.0,4.17,6.89,CENTER_DUAL,322.9,2.9,1.0,,
18:50:29.168,7.0,MANUAL,0,0,0.0,0.0,0.0,4.17,6.89,CENTER_DUAL,322.9,2.9,1.0,,
18:50:30.294,7.1,MANUAL,0,0,0.0,0.0,0.0,4.17,6.89,CENTER_DUAL,322.8,2.8,1.0,,
18:50:31.309,7.2,MANUAL,0,0,0.0,0.0,0.0,4.17,6.89,CENTER_DUAL,322.7,2.7,1.0,,
18:50:32.312,7.1,MANUAL,0,0,0.0,0.0,0.0,4.17,6.89,CENTER_DUAL,322.6,2.6,1.0,,
18:50:33.339,7.1,MANUAL,0,0,0.0,0.0,0.0,4.17,6.89,CENTER_DUAL,322.5,2.5,1.0,,
18:50:34.341,7.1,MANUAL,0,0,0.0,0.0,0.0,4.17,6.89,CENTER_DUAL,322.4,2.4,1.0,,
18:50:35.367,7.1,MANUAL,0,0,0.0,0.0,0.0,4.17,6.89,CENTER_DUAL,322.3,2.3,1.0,,
18:50:36.370,7.1,MANUAL,0,0,0.0,0.0,0.0,4.17,6.89,CENTER_DUAL,322.2,2.2,1.0,,
18:50:37.370,7.2,MANUAL,0,0,0.0,0.0,0.0,4.17,6.89,CENTER_DUAL,322.3,2.3,1.0,,
18:50:38.500,7.2,MANUAL,0,0,0.0,0.0,0.0,4.17,6.89,CENTER_DUAL,322.6,2.6,1.0,,
18:50:39.625,7.2,MANUAL,0,0,0.0,0.0,0.0,4.17,6.89,CENTER_DUAL,322.7,2.7,1.0,,
18:50:40.654,7.1,MANUAL,0,0,0.0,0.0,0.0,4.17,6.89,CENTER_DUAL,322.8,2.8,1.0,,
18:50:41.784,7.1,MANUAL,0,0,0.0,0.0,0.0,4.17,6.89,CENTER_DUAL,322.9,2.9,1.0,,
18:50:42.806,7.1,MANUAL,0,0,0.0,0.0,0.0,4.17,6.89,CENTER_DUAL,322.9,2.9,1.0,,
18:50:43.808,7.0,MANUAL,0,0,0.0,0.0,0.0,4.17,6.89,CENTER_DUAL,322.9,2.9,1.0,,
18:50:44.839,6.4,MANUAL,0,0,0.0,0.0,0.0,4.17,6.89,CENTER_DUAL,323.0,3.0,1.0,,
18:50:45.964,7.2,MANUAL,0,0,0.0,0.0,0.0,4.17,6.89,CENTER_DUAL,323.0,3.0,1.0,,
18:50:47.090,7.1,MANUAL,0,0,0.0,0.0,0.0,4.17,6.89,CENTER_DUAL,323.0,3.0,1.0,,
18:50:48.204,7.1,MANUAL,0,0,0.0,0.0,0.0,4.17,6.89,CENTER_DUAL,323.0,3.0,1.0,,
18:50:49.222,7.1,MANUAL,0,0,0.0,0.0,0.0,4.17,6.89,CENTER_DUAL,323.0,3.0,1.0,,
18:50:50.347,7.2,MANUAL,0,0,0.0,0.0,0.0,4.17,6.89,CENTER_DUAL,323.0,3.0,1.0,,
18:50:51.465,7.1,MANUAL,0,0,0.0,0.0,0.0,4.17,6.89,CENTER_DUAL,323.0,3.0,1.0,,
18:50:52.620,6.4,MANUAL,0,0,0.0,0.0,0.0,4.17,6.89,CENTER_DUAL,323.0,3.0,1.0,,
18:50:53.621,7.1,MANUAL,0,0,0.0,0.0,0.0,4.17,6.89,CENTER_DUAL,323.0,3.0,1.0,,
18:50:54.752,7.1,MANUAL,0,0,0.0,0.0,0.0,4.17,6.89,CENTER_DUAL,323.0,3.0,1.0,,
18:50:55.804,6.4,MANUAL,0,0,0.0,0.0,0.0,4.17,6.89,CENTER_DUAL,323.0,3.0,1.0,,
18:50:56.843,6.4,MANUAL,0,0,0.0,0.0,0.0,4.17,6.89,CENTER_DUAL,323.0,3.0,1.0,,
18:50:57.870,7.0,MANUAL,0,0,0.0,0.0,0.0,4.17,6.89,CENTER_DUAL,323.1,3.1,1.0,,
18:50:58.936,6.4,MANUAL,0,0,0.0,0.0,0.0,4.17,6.89,CENTER_DUAL,323.0,3.0,1.0,,
18:51:00.072,7.0,MANUAL,0,0,0.0,0.0,0.0,4.17,6.89,CENTER_DUAL,323.1,3.1,1.0,,
18:51:01.220,6.5,MANUAL,0,0,0.0,0.0,0.0,4.17,6.89,CENTER_DUAL,323.1,3.1,1.0,,
18:51:02.226,7.1,MANUAL,0,0,0.0,0.0,0.0,4.17,6.89,CENTER_DUAL,323.1,3.1,1.0,,
18:51:03.295,6.5,MANUAL,0,0,0.0,0.0,0.0,4.17,6.89,CENTER_DUAL,323.1,3.1,1.0,,
18:51:04.421,7.1,MANUAL,0,0,0.0,0.0,0.0,4.17,6.89,CENTER_DUAL,323.2,3.2,1.0,,
18:51:05.475,6.4,MANUAL,0,0,0.0,0.0,0.0,4.17,6.89,CENTER_DUAL,323.2,3.2,1.0,,
18:51:06.599,7.0,MANUAL,0,0,0.0,0.0,0.0,4.17,6.89,CENTER_DUAL,323.1,3.1,1.0,,
18:51:07.605,6.4,MANUAL,0,0,0.0,0.0,0.0,4.17,6.89,CENTER_DUAL,323.0,3.0,1.0,,
18:51:08.610,7.2,MANUAL,0,0,0.0,0.0,0.0,4.17,6.89,CENTER_DUAL,322.8,2.8,1.0,,
18:51:09.631,6.3,MANUAL,0,0,0.0,0.0,0.0,4.17,6.89,CENTER_DUAL,322.6,2.6,1.0,,
18:51:10.639,6.4,MANUAL,0,0,0.0,0.0,0.0,4.17,6.89,CENTER_DUAL,322.7,2.7,1.0,,
18:51:11.685,7.1,MANUAL,0,0,0.0,0.0,0.0,4.17,6.89,CENTER_DUAL,322.9,2.9,1.0,,
18:51:12.809,7.2,MANUAL,0,0,0.0,0.0,0.0,4.17,6.89,CENTER_DUAL,323.0,3.0,1.0,,
18:51:13.936,7.1,MANUAL,0,0,0.0,0.0,0.0,4.17,6.89,CENTER_DUAL,323.1,3.1,1.0,,
18:51:14.971,7.1,MANUAL,0,0,0.0,0.0,0.0,4.17,6.89,CENTER_DUAL,323.3,3.3,1.0,,
18:51:15.985,7.1,MANUAL,0,0,0.0,0.0,0.0,4.17,6.89,CENTER_DUAL,323.3,3.3,1.0,,
18:51:17.002,7.1,MANUAL,0,0,0.0,0.0,0.0,4.17,6.89,CENTER_DUAL,323.4,3.4,1.0,,
18:51:18.133,7.2,MANUAL,0,0,0.0,0.0,0.0,4.17,6.89,CENTER_DUAL,323.6,3.6,1.0,,
18:51:19.191,6.4,MANUAL,0,0,0.0,0.0,0.0,4.17,6.89,CENTER_DUAL,323.6,3.6,1.0,,
18:51:20.226,6.5,MANUAL,0,0,0.0,0.0,0.0,4.17,6.89,CENTER_DUAL,323.6,3.6,1.0,,
18:51:21.275,7.1,MANUAL,0,0,0.0,0.0,0.0,4.17,6.89,CENTER_DUAL,323.5,3.5,1.0,,
18:51:22.354,6.5,MANUAL,0,0,0.0,0.0,0.0,4.17,6.89,CENTER_DUAL,323.4,3.4,1.0,,
18:51:23.388,6.5,MANUAL,0,0,0.0,0.0,0.0,4.17,6.89,CENTER_DUAL,323.3,3.3,1.0,,
18:51:24.413,7.0,MANUAL,0,0,0.0,0.0,0.0,4.17,6.89,CENTER_DUAL,323.3,3.3,1.0,,
18:51:25.465,6.4,MANUAL,0,0,0.0,0.0,0.0,4.17,6.89,CENTER_DUAL,323.5,3.5,1.0,,
18:51:26.487,6.5,MANUAL,0,0,0.0,0.0,0.0,4.17,6.89,CENTER_DUAL,323.8,3.8,1.0,,
18:51:27.519,6.4,MANUAL,0,0,0.0,0.0,0.0,4.17,6.89,CENTER_DUAL,324.0,4.0,1.0,,
18:51:28.548,6.4,MANUAL,0,0,0.0,0.0,0.0,4.17,6.89,CENTER_DUAL,324.2,4.2,1.0,,
18:51:29.649,6.4,MANUAL,0,0,0.0,0.0,0.0,4.17,6.89,CENTER_DUAL,324.3,4.3,1.0,,
18:51:30.666,7.2,MANUAL,0,0,0.0,0.0,0.0,4.17,6.89,CENTER_DUAL,324.5,4.5,1.0,,
18:51:31.717,6.4,MANUAL,0,0,0.0,0.0,0.0,4.17,6.89,CENTER_DUAL,324.7,4.7,1.0,,
18:51:32.760,6.4,MANUAL,0,0,0.0,0.0,0.0,4.17,6.89,CENTER_DUAL,324.8,4.8,1.0,,
18:51:33.848,6.4,MANUAL,0,0,0.0,0.0,0.0,4.17,6.89,CENTER_DUAL,324.9,4.9,1.0,,
18:51:34.945,6.5,MANUAL,0,0,0.0,0.0,0.0,4.17,6.89,CENTER_DUAL,325.0,5.0,1.0,,
18:51:35.982,7.0,MANUAL,0,0,0.0,0.0,0.0,4.17,6.89,CENTER_DUAL,325.0,5.0,1.0,,
18:51:37.031,7.1,MANUAL,0,0,0.0,0.0,0.0,4.17,6.89,CENTER_DUAL,325.1,5.1,1.0,,
18:51:38.063,7.1,MANUAL,0,0,0.0,0.0,0.0,4.17,6.89,CENTER_DUAL,325.2,5.2,1.0,,
18:51:39.118,7.1,MANUAL,0,0,0.0,0.0,0.0,4.17,6.89,CENTER_DUAL,325.3,5.3,1.0,,
18:51:40.125,7.1,MANUAL,0,0,0.0,0.0,0.0,4.17,6.89,CENTER_DUAL,325.4,5.4,1.0,,
18:51:41.149,6.4,MANUAL,0,0,0.0,0.0,0.0,4.17,6.89,CENTER_DUAL,325.5,5.5,1.0,,
18:51:42.169,7.0,MANUAL,0,0,0.0,0.0,0.0,4.17,6.89,CENTER_DUAL,325.6,5.6,1.0,,
18:51:43.213,6.4,MANUAL,0,0,0.0,0.0,0.0,4.17,6.89,CENTER_DUAL,325.7,5.7,1.0,,
18:51:44.289,6.4,MANUAL,0,0,0.0,0.0,0.0,4.17,6.89,CENTER_DUAL,325.8,5.8,1.0,,
18:51:45.354,7.1,MANUAL,0,0,0.0,0.0,0.0,4.17,6.89,CENTER_DUAL,325.9,5.9,1.0,,
18:51:46.422,7.1,MANUAL,0,0,0.0,0.0,0.0,4.17,6.89,CENTER_DUAL,325.9,5.9,1.0,,
18:51:47.500,6.5,MANUAL,0,0,0.0,0.0,0.0,4.17,6.89,CENTER_DUAL,325.9,5.9,1.0,,
18:51:48.572,6.6,MANUAL,0,0,0.0,0.0,0.0,4.17,6.89,CENTER_DUAL,326.0,6.0,1.0,,
18:51:49.593,7.2,MANUAL,0,0,0.0,0.0,0.0,4.17,6.89,CENTER_DUAL,326.2,6.2,1.0,,
18:51:50.651,6.4,MANUAL,0,0,0.0,0.0,0.0,4.17,6.89,CENTER_DUAL,326.4,6.4,1.0,,
18:51:51.724,6.4,MANUAL,0,0,0.0,0.0,0.0,4.17,6.89,CENTER_DUAL,326.8,6.8,1.0,,
18:51:52.779,7.0,MANUAL,0,0,0.0,0.0,0.0,4.17,6.89,CENTER_DUAL,327.0,7.0,1.0,,
18:51:53.836,6.3,MANUAL,0,0,0.0,0.0,0.0,4.17,6.89,CENTER_DUAL,327.2,7.2,1.0,,
18:51:54.987,6.6,MANUAL,0,0,0.0,0.0,0.0,4.17,6.89,CENTER_DUAL,327.4,7.4,1.0,,
18:51:56.004,7.1,MANUAL,0,0,0.0,0.0,0.0,4.17,6.89,CENTER_DUAL,327.6,7.6,1.0,,
18:51:57.023,6.9,MANUAL,0,0,0.0,0.0,0.0,4.17,6.89,CENTER_DUAL,327.8,7.8,1.0,,
18:51:58.116,7.0,MANUAL,0,0,0.0,0.0,0.0,4.17,6.89,CENTER_DUAL,327.9,7.9,1.0,,
18:51:59.161,7.0,MANUAL,0,0,0.0,0.0,0.0,4.17,6.89,CENTER_DUAL,328.1,8.1,1.0,,
18:52:00.201,7.2,MANUAL,0,0,0.0,0.0,0.0,4.17,6.89,CENTER_DUAL,328.3,8.3,1.0,,
18:52:01.265,6.4,MANUAL,0,0,0.0,0.0,0.0,4.17,6.89,CENTER_DUAL,328.5,8.5,1.0,,
18:52:02.330,6.5,MANUAL,0,0,0.0,0.0,0.0,4.17,6.89,CENTER_DUAL,328.6,8.6,1.0,,
18:52:03.362,6.5,MANUAL,0,0,0.0,0.0,0.0,4.17,6.89,CENTER_DUAL,328.5,8.5,1.0,,
18:52:04.421,7.1,MANUAL,0,0,0.0,0.0,0.0,4.17,6.89,CENTER_DUAL,328.5,8.5,1.0,,
18:52:05.548,7.1,MANUAL,0,0,0.0,0.0,0.0,4.17,6.89,CENTER_DUAL,328.6,8.6,1.0,,
18:52:06.577,7.1,MANUAL,0,0,0.0,0.0,0.0,4.17,6.89,CENTER_DUAL,328.7,8.7,1.0,,
18:52:07.616,7.0,MANUAL,0,0,0.0,0.0,0.0,4.17,6.89,CENTER_DUAL,328.9,8.9,1.0,,
18:52:08.678,6.4,MANUAL,0,0,0.0,0.0,0.0,4.17,6.89,CENTER_DUAL,329.1,9.1,1.0,,
18:52:09.732,6.4,MANUAL,0,0,0.0,0.0,0.0,4.17,6.89,CENTER_DUAL,329.2,9.2,1.0,,
18:52:10.808,6.4,MANUAL,0,0,0.0,0.0,0.0,4.17,6.89,CENTER_DUAL,329.2,9.2,1.0,,
18:52:11.909,6.5,MANUAL,0,0,0.0,0.0,0.0,4.17,6.89,CENTER_DUAL,329.3,9.3,1.0,,
18:52:12.982,7.0,MANUAL,0,0,0.0,0.0,0.0,4.17,6.89,CENTER_DUAL,329.4,9.4,1.0,,
18:52:14.085,6.3,MANUAL,0,0,0.0,0.0,0.0,4.17,6.89,CENTER_DUAL,329.4,9.4,1.0,,
18:52:15.148,6.4,MANUAL,0,0,0.0,0.0,0.0,4.17,6.89,CENTER_DUAL,329.3,9.3,1.0,,
18:52:16.209,7.0,MANUAL,0,0,0.0,0.0,0.0,4.17,6.89,CENTER_DUAL,329.3,9.3,1.0,,
18:52:17.283,6.4,MANUAL,0,0,0.0,0.0,0.0,4.17,6.89,CENTER_DUAL,329.3,9.3,1.0,,
18:52:18.355,6.4,MANUAL,0,0,0.0,0.0,0.0,4.17,6.89,CENTER_DUAL,329.5,9.5,1.0,,
18:52:19.407,6.5,MANUAL,0,0,0.0,0.0,0.0,4.17,6.89,CENTER_DUAL,329.4,9.4,1.0,,
18:52:20.481,6.5,MANUAL,0,0,0.0,0.0,0.0,4.17,6.89,CENTER_DUAL,329.5,9.5,1.0,,
18:52:21.536,7.0,MANUAL,0,0,0.0,0.0,0.0,4.17,6.89,CENTER_DUAL,329.5,9.5,1.0,,
18:52:22.597,6.5,MANUAL,0,0,0.0,0.0,0.0,4.17,6.89,CENTER_DUAL,329.6,9.6,1.0,,
18:52:23.652,7.1,MANUAL,0,0,0.0,0.0,0.0,4.17,6.89,CENTER_DUAL,329.6,9.6,1.0,,
18:52:24.655,7.2,MANUAL,0,0,0.0,0.0,0.0,4.17,6.89,CENTER_DUAL,329.6,9.6,1.0,,
18:52:25.671,7.0,MANUAL,0,0,0.0,0.0,0.0,4.17,6.89,CENTER_DUAL,329.4,9.4,1.0,,
18:52:26.718,6.4,MANUAL,0,0,0.0,0.0,0.0,4.17,6.89,CENTER_DUAL,329.1,9.1,1.0,,
18:52:27.759,6.4,MANUAL,0,0,0.0,0.0,0.0,4.17,6.89,CENTER_DUAL,329.2,9.2,1.0,,
18:52:28.811,7.1,MANUAL,0,0,0.0,0.0,0.0,4.17,6.89,CENTER_DUAL,329.3,9.3,1.0,,
18:52:29.811,7.0,MANUAL,0,0,0.0,0.0,0.0,4.17,6.89,CENTER_DUAL,329.3,9.3,1.0,,
18:52:30.831,7.1,MANUAL,0,0,0.0,0.0,0.0,4.17,6.89,CENTER_DUAL,329.2,9.2,1.0,,
18:52:31.953,7.1,MANUAL,0,0,0.0,0.0,0.0,4.17,6.89,CENTER_DUAL,329.2,9.2,1.0,,
18:52:32.967,7.2,MANUAL,0,0,0.0,0.0,0.0,4.17,6.89,CENTER_DUAL,329.2,9.2,1.0,,
18:52:34.018,7.1,MANUAL,0,0,0.0,0.0,0.0,4.17,6.89,CENTER_DUAL,329.1,9.1,1.0,,
18:52:35.049,6.4,MANUAL,0,0,0.0,0.0,0.0,4.17,6.89,CENTER_DUAL,329.1,9.1,1.0,,
18:52:36.089,6.5,MANUAL,0,0,0.0,0.0,0.0,4.17,6.89,CENTER_DUAL,329.0,9.0,1.0,,
18:52:37.163,6.5,MANUAL,0,0,0.0,0.0,0.0,4.17,6.89,CENTER_DUAL,329.0,9.0,1.0,,
18:52:38.182,7.2,MANUAL,0,0,0.0,0.0,0.0,4.17,6.89,CENTER_DUAL,328.9,8.9,1.0,,
18:52:39.306,7.1,MANUAL,0,0,0.0,0.0,0.0,4.17,6.89,CENTER_DUAL,328.8,8.8,1.0,,
18:52:40.436,7.1,MANUAL,0,0,0.0,0.0,0.0,4.17,6.89,CENTER_DUAL,328.6,8.6,1.0,,
18:52:41.490,6.4,MANUAL,0,0,0.0,0.0,0.0,4.17,6.89,CENTER_DUAL,328.4,8.4,1.0,,
18:52:42.493,7.1,MANUAL,0,0,0.0,0.0,0.0,4.17,6.89,CENTER_DUAL,328.0,8.0,1.0,,
18:52:43.563,6.5,MANUAL,0,0,0.0,0.0,0.0,4.17,6.89,CENTER_DUAL,327.6,7.6,1.0,,
18:52:44.632,6.3,MANUAL,0,0,0.0,0.0,0.0,4.17,6.89,CENTER_DUAL,327.2,7.2,1.0,,
18:52:45.648,6.5,MANUAL,0,0,0.0,0.0,0.0,4.17,6.89,CENTER_DUAL,326.7,6.7,1.0,,
18:52:46.785,7.1,MANUAL,0,0,0.0,0.0,0.0,4.17,6.89,CENTER_DUAL,326.3,6.3,1.0,,
18:52:47.835,6.5,MANUAL,0,0,0.0,0.0,0.0,4.17,6.89,CENTER_DUAL,326.0,6.0,1.0,,
18:52:48.849,6.4,MANUAL,0,0,0.0,0.0,0.0,4.17,6.89,CENTER_DUAL,325.7,5.7,1.0,,
18:52:49.911,6.4,MANUAL,0,0,0.0,0.0,0.0,4.17,6.89,CENTER_DUAL,325.4,5.4,1.0,,
18:52:50.949,7.2,MANUAL,0,0,0.0,0.0,0.0,4.17,6.89,CENTER_DUAL,325.3,5.3,1.0,,
18:52:51.984,7.2,MANUAL,0,0,0.0,0.0,0.0,4.17,6.89,CENTER_DUAL,325.0,5.0,1.0,,
18:52:52.988,7.1,MANUAL,0,0,0.0,0.0,0.0,4.17,6.89,CENTER_DUAL,324.8,4.8,1.0,,
18:52:54.111,7.3,MANUAL,0,0,0.0,0.0,0.0,4.17,6.89,CENTER_DUAL,324.7,4.7,1.0,,
18:52:55.141,7.1,MANUAL,0,0,0.0,0.0,0.0,4.17,6.89,CENTER_DUAL,324.6,4.6,1.0,,
18:52:56.167,7.0,MANUAL,0,0,0.0,0.0,0.0,4.17,6.89,CENTER_DUAL,324.5,4.5,1.0,,
18:52:57.185,7.2,MANUAL,0,0,0.0,0.0,0.0,4.17,6.89,CENTER_DUAL,324.6,4.6,1.0,,
18:52:58.312,7.0,MANUAL,0,0,0.0,0.0,0.0,4.17,6.89,CENTER_DUAL,324.6,4.6,1.0,,
18:52:59.422,7.3,MANUAL,0,0,0.0,0.0,0.0,4.17,6.89,CENTER_DUAL,324.5,4.5,1.0,,
18:53:00.553,7.2,MANUAL,0,0,0.0,0.0,0.0,4.17,6.89,CENTER_DUAL,324.4,4.4,1.0,,
18:53:01.567,7.2,MANUAL,0,0,0.0,0.0,0.0,4.17,6.89,CENTER_DUAL,324.4,4.4,1.0,,
18:53:02.708,7.1,MANUAL,0,0,0.0,0.0,0.0,4.17,6.89,CENTER_DUAL,324.5,4.5,1.0,,
18:53:03.726,7.1,MANUAL,0,0,0.0,0.0,0.0,4.17,6.89,CENTER_DUAL,324.5,4.5,1.0,,
18:53:04.862,7.1,MANUAL,0,0,0.0,0.0,0.0,4.17,6.89,CENTER_DUAL,324.4,4.4,1.0,,
18:53:05.869,7.2,MANUAL,0,0,0.0,0.0,0.0,4.17,6.89,CENTER_DUAL,324.3,4.3,1.0,,
18:53:06.877,7.1,MANUAL,0,0,0.0,0.0,0.0,4.17,6.89,CENTER_DUAL,324.3,4.3,1.0,,
18:53:07.878,7.0,MANUAL,0,0,0.0,0.0,0.0,4.17,6.89,CENTER_DUAL,324.4,4.4,1.0,,
18:53:08.900,7.1,MANUAL,0,0,0.0,0.0,0.0,4.17,6.89,CENTER_DUAL,324.3,4.3,1.0,,
18:53:09.932,7.2,MANUAL,0,0,0.0,0.0,0.0,4.17,6.89,CENTER_DUAL,324.4,4.4,1.0,,
18:53:10.965,6.3,MANUAL,0,0,0.0,0.0,0.0,4.17,6.89,CENTER_DUAL,324.4,4.4,1.0,,
18:53:11.981,7.0,MANUAL,0,0,0.0,0.0,0.0,4.17,6.89,CENTER_DUAL,324.4,4.4,1.0,,
18:53:13.117,6.4,MANUAL,0,0,0.0,0.0,0.0,4.17,6.89,CENTER_DUAL,324.2,4.2,1.0,,
18:53:14.200,6.4,MANUAL,0,0,0.0,0.0,0.0,4.17,6.89,CENTER_DUAL,324.1,4.1,1.0,,
18:53:15.224,7.1,MANUAL,0,0,0.0,0.0,0.0,4.17,6.89,CENTER_DUAL,324.0,4.0,1.0,,
18:53:16.355,7.1,MANUAL,0,0,0.0,0.0,0.0,4.17,6.89,CENTER_DUAL,324.0,4.0,1.0,,
18:53:17.487,7.4,MANUAL,0,0,0.0,0.0,0.0,4.17,6.89,CENTER_DUAL,324.0,4.0,1.0,,
18:53:18.610,7.2,MANUAL,0,0,0.0,0.0,0.0,4.17,6.89,CENTER_DUAL,323.9,3.9,1.0,,
18:53:19.737,7.1,MANUAL,0,0,0.0,0.0,0.0,4.17,6.89,CENTER_DUAL,323.7,3.7,1.0,,
18:53:20.879,7.1,MANUAL,0,0,0.0,0.0,0.0,4.17,6.89,CENTER_DUAL,323.6,3.6,1.0,,
18:53:22.006,7.0,MANUAL,0,0,0.0,0.0,0.0,4.17,6.89,CENTER_DUAL,323.5,3.5,1.0,,
18:53:23.137,7.1,MANUAL,0,0,0.0,0.0,0.0,4.17,6.89,CENTER_DUAL,323.5,3.5,1.0,,
18:53:24.161,7.1,MANUAL,0,0,0.0,0.0,0.0,4.17,6.89,CENTER_DUAL,323.5,3.5,1.0,,
18:53:25.166,7.1,MANUAL,0,0,0.0,0.0,0.0,4.17,6.89,CENTER_DUAL,323.5,3.5,1.0,,
18:53:26.177,7.1,MANUAL,0,0,0.0,0.0,0.0,4.17,6.89,CENTER_DUAL,323.5,3.5,1.0,,
18:53:27.178,6.4,MANUAL,0,0,0.0,0.0,0.0,4.17,6.89,CENTER_DUAL,323.5,3.5,1.0,,
18:53:28.190,7.1,MANUAL,0,0,0.0,0.0,0.0,4.17,6.89,CENTER_DUAL,323.4,3.4,1.0,,
18:53:29.320,7.2,MANUAL,0,0,0.0,0.0,0.0,4.17,6.89,CENTER_DUAL,323.4,3.4,1.0,,
18:53:30.457,7.1,MANUAL,0,0,0.0,0.0,0.0,4.17,6.89,CENTER_DUAL,323.4,3.4,1.0,,
18:53:31.596,6.5,MANUAL,0,0,0.0,0.0,0.0,4.17,6.89,CENTER_DUAL,323.4,3.4,1.0,,
18:53:32.627,6.5,MANUAL,0,0,0.0,0.0,0.0,4.17,6.89,CENTER_DUAL,323.4,3.4,1.0,,
18:53:33.655,7.1,MANUAL,0,0,0.0,0.0,0.0,4.17,6.89,CENTER_DUAL,323.5,3.5,1.0,,
18:53:34.784,7.0,MANUAL,0,0,0.0,0.0,0.0,4.17,6.89,CENTER_DUAL,323.5,3.5,1.0,,
18:53:35.794,6.5,MANUAL,0,0,0.0,0.0,0.0,4.17,6.89,CENTER_DUAL,323.5,3.5,1.0,,
18:53:36.795,7.1,MANUAL,0,0,0.0,0.0,0.0,4.17,6.89,CENTER_DUAL,323.5,3.5,1.0,,
18:53:37.919,7.0,MANUAL,0,0,0.0,0.0,0.0,4.17,6.89,CENTER_DUAL,323.6,3.6,1.0,,
18:53:39.040,7.2,MANUAL,0,0,0.0,0.0,0.0,4.17,6.89,CENTER_DUAL,323.6,3.6,1.0,,
18:53:40.184,6.5,MANUAL,0,0,0.0,0.0,0.0,4.17,6.89,CENTER_DUAL,323.6,3.6,1.0,,
18:53:41.188,7.0,MANUAL,0,0,0.0,0.0,0.0,4.17,6.89,CENTER_DUAL,323.6,3.6,1.0,,
18:53:42.312,7.1,MANUAL,0,0,0.0,0.0,0.0,4.17,6.89,CENTER_DUAL,323.6,3.6,1.0,,
18:53:43.315,7.1,MANUAL,0,0,0.0,0.0,0.0,4.17,6.89,CENTER_DUAL,323.7,3.7,1.0,,
18:53:44.320,7.2,MANUAL,0,0,0.0,0.0,0.0,4.17,6.89,CENTER_DUAL,323.7,3.7,1.0,,
18:53:45.458,7.1,MANUAL,0,0,0.0,0.0,0.0,4.17,6.89,CENTER_DUAL,323.7,3.7,1.0,,
18:53:46.590,7.2,MANUAL,0,0,0.0,0.0,0.0,4.17,6.89,CENTER_DUAL,323.7,3.7,1.0,,
18:53:47.719,7.2,MANUAL,0,0,0.0,0.0,0.0,4.17,6.89,CENTER_DUAL,323.9,3.9,1.0,,
18:53:48.848,7.1,MANUAL,0,0,0.0,0.0,0.0,4.17,6.89,CENTER_DUAL,324.0,4.0,1.0,,
18:53:49.862,7.2,MANUAL,0,0,0.0,0.0,0.0,4.17,6.89,CENTER_DUAL,324.1,4.1,1.0,,
18:53:50.880,6.5,MANUAL,0,0,0.0,0.0,0.0,4.17,6.89,CENTER_DUAL,324.4,4.4,1.0,,
18:53:51.888,7.0,MANUAL,0,0,0.0,0.0,0.0,4.17,6.89,CENTER_DUAL,324.9,4.9,1.0,,
18:53:53.014,7.2,MANUAL,0,0,0.0,0.0,0.0,4.17,6.89,CENTER_DUAL,325.9,5.9,1.0,,
18:53:54.038,7.1,MANUAL,0,0,0.0,0.0,0.0,4.17,6.89,CENTER_DUAL,326.8,6.8,1.0,,
18:53:55.171,7.1,MANUAL,0,0,0.0,0.0,0.0,4.17,6.89,CENTER_DUAL,327.7,7.7,1.0,,
18:53:56.173,7.1,MANUAL,0,0,0.0,0.0,0.0,4.17,6.89,CENTER_DUAL,328.2,8.2,1.0,,
18:53:57.211,6.4,MANUAL,0,0,0.0,0.0,0.0,4.17,6.89,CENTER_DUAL,328.7,8.7,1.0,,
18:53:58.349,7.2,MANUAL,0,0,0.0,0.0,0.0,4.17,6.89,CENTER_DUAL,329.0,9.0,1.0,,
18:53:59.472,7.2,MANUAL,0,0,0.0,0.0,0.0,4.17,6.89,CENTER_DUAL,329.4,9.4,1.0,,
18:54:00.593,7.1,MANUAL,0,0,0.0,0.0,0.0,4.17,6.89,CENTER_DUAL,329.7,9.7,1.0,,
18:54:01.721,7.1,MANUAL,0,0,0.0,0.0,0.0,4.17,6.89,CENTER_DUAL,329.9,9.9,1.0,,
18:54:02.852,7.0,MANUAL,0,0,0.0,0.0,0.0,4.17,6.89,CENTER_DUAL,330.1,10.1,1.0,,
18:54:03.996,6.4,MANUAL,0,0,0.0,0.0,0.0,4.17,6.89,CENTER_DUAL,330.2,10.2,1.0,,
18:54:05.027,7.1,MANUAL,0,0,0.0,0.0,0.0,4.17,6.89,CENTER_DUAL,330.2,10.2,1.0,,
18:54:06.028,7.1,MANUAL,0,0,0.0,0.0,0.0,4.17,6.89,CENTER_DUAL,330.3,10.3,1.0,,
18:54:07.160,7.0,MANUAL,0,0,0.0,0.0,0.0,4.17,6.89,CENTER_DUAL,330.4,10.4,1.0,,
18:54:08.186,7.2,MANUAL,0,0,0.0,0.0,0.0,4.17,6.89,CENTER_DUAL,330.5,10.5,1.0,,
18:54:09.310,7.1,MANUAL,0,0,0.0,0.0,0.0,4.17,6.89,CENTER_DUAL,330.6,10.6,1.0,,
18:54:10.450,7.0,MANUAL,0,0,0.0,0.0,0.0,4.17,6.89,CENTER_DUAL,330.5,10.5,1.0,,
18:54:11.588,7.1,MANUAL,0,0,0.0,0.0,0.0,4.17,6.89,CENTER_DUAL,330.5,10.5,1.0,,
18:54:12.589,7.0,MANUAL,0,0,0.0,0.0,0.0,4.17,6.89,CENTER_DUAL,330.6,10.6,1.0,,
18:54:13.660,6.4,MANUAL,0,0,0.0,0.0,0.0,4.17,6.89,CENTER_DUAL,330.5,10.5,1.0,,
18:54:14.667,7.1,MANUAL,0,0,0.0,0.0,0.0,4.17,6.89,CENTER_DUAL,330.5,10.5,1.0,,
18:54:15.786,7.1,MANUAL,0,0,0.0,0.0,0.0,4.17,6.89,CENTER_DUAL,330.5,10.5,1.0,,
18:54:16.916,7.2,MANUAL,0,0,0.0,0.0,0.0,4.17,6.89,CENTER_DUAL,330.6,10.6,1.0,,
18:54:18.044,7.2,MANUAL,0,0,0.0,0.0,0.0,4.17,6.89,CENTER_DUAL,330.6,10.6,1.0,,
18:54:19.077,6.5,MANUAL,0,0,0.0,0.0,0.0,4.17,6.89,CENTER_DUAL,330.7,10.7,1.0,,
18:54:20.134,7.2,MANUAL,0,0,0.0,0.0,0.0,4.17,6.89,CENTER_DUAL,330.7,10.7,1.0,,
18:54:21.181,7.0,MANUAL,0,0,0.0,0.0,0.0,4.17,6.89,CENTER_DUAL,330.8,10.8,1.0,,
18:54:22.198,7.0,MANUAL,0,0,0.0,0.0,0.0,4.17,6.89,CENTER_DUAL,330.9,10.9,1.0,,
18:54:23.245,7.0,MANUAL,0,0,0.0,0.0,0.0,4.17,6.89,CENTER_DUAL,331.2,11.2,1.0,,
18:54:24.258,7.1,MANUAL,0,0,0.0,0.0,0.0,4.17,6.89,CENTER_DUAL,331.4,11.4,1.0,,
18:54:25.383,7.1,MANUAL,0,0,0.0,0.0,0.0,4.17,6.89,CENTER_DUAL,331.6,11.6,1.0,,
18:54:26.392,7.0,MANUAL,0,0,0.0,0.0,0.0,4.17,6.89,CENTER_DUAL,331.7,11.7,1.0,,
18:54:27.398,7.1,MANUAL,0,0,0.0,0.0,0.0,4.17,6.89,CENTER_DUAL,331.8,11.8,1.0,,
18:54:28.431,6.4,MANUAL,0,0,0.0,0.0,0.0,4.17,6.89,CENTER_DUAL,331.9,11.9,1.0,,
18:54:29.555,7.0,MANUAL,0,0,0.0,0.0,0.0,4.17,6.89,CENTER_DUAL,332.0,12.0,1.0,,
18:54:30.585,6.5,MANUAL,0,0,0.0,0.0,0.0,4.17,6.89,CENTER_DUAL,332.1,12.1,1.0,,
18:54:31.602,6.4,MANUAL,0,0,0.0,0.0,0.0,4.17,6.89,CENTER_DUAL,332.1,12.1,1.0,,
18:54:32.634,6.4,MANUAL,0,0,0.0,0.0,0.0,4.17,6.89,CENTER_DUAL,332.1,12.1,1.0,,
18:54:33.779,7.0,MANUAL,0,0,0.0,0.0,0.0,4.17,6.89,CENTER_DUAL,332.4,12.4,1.0,,
18:54:34.847,6.3,MANUAL,0,0,0.0,0.0,0.0,4.17,6.89,CENTER_DUAL,332.7,12.7,1.0,,
18:54:35.905,6.5,MANUAL,0,0,0.0,0.0,0.0,4.17,6.89,CENTER_DUAL,333.0,13.0,1.0,,
18:54:36.997,6.4,MANUAL,0,0,0.0,0.0,0.0,4.17,6.89,CENTER_DUAL,333.7,13.7,1.0,,
18:54:38.013,6.4,MANUAL,0,0,0.0,0.0,0.0,4.17,6.89,CENTER_DUAL,365.4,45.4,1.0,,
18:54:39.062,6.5,MANUAL,0,0,0.0,0.0,0.0,4.17,6.89,CENTER_DUAL,376.5,56.5,1.0,,
18:54:40.098,6.5,MANUAL,0,0,0.0,0.0,0.0,4.17,6.89,CENTER_DUAL,377.9,57.9,1.0,,
18:54:41.142,7.1,MANUAL,0,0,0.0,0.0,0.0,4.17,6.89,CENTER_DUAL,378.9,58.9,1.0,,
18:54:42.199,6.4,MANUAL,0,0,0.0,0.0,0.0,4.17,6.89,CENTER_DUAL,378.5,58.5,1.0,,
18:54:43.206,7.2,MANUAL,0,0,0.0,0.0,0.0,4.17,6.89,CENTER_DUAL,429.2,109.2,1.0,,
18:54:44.322,5.8,MANUAL,0,0,0.0,0.0,0.0,4.17,6.89,CENTER_DUAL,428.4,108.4,1.0,,
18:54:45.423,6.4,MANUAL,0,0,0.0,0.0,0.0,4.17,6.89,CENTER_DUAL,327.4,7.4,1.0,,
18:54:46.427,7.0,MANUAL,0,0,0.0,0.0,0.0,4.17,6.89,CENTER_DUAL,327.9,7.9,1.0,,
18:54:47.480,7.0,MANUAL,0,0,0.0,0.0,0.0,4.17,6.89,CENTER_DUAL,330.4,10.4,1.0,,
18:54:48.527,6.4,MANUAL,0,0,0.0,0.0,0.0,4.17,6.89,CENTER_DUAL,338.6,18.6,1.0,,
18:54:49.537,7.1,MANUAL,0,0,0.0,0.0,0.0,4.17,6.89,CENTER_DUAL,337.5,17.5,1.0,,
18:54:50.542,7.1,MANUAL,0,0,0.0,0.0,0.0,4.17,6.89,CENTER_DUAL,318.9,-1.1,1.0,,
18:54:51.680,7.0,MANUAL,0,0,0.0,0.0,0.0,4.17,6.89,CENTER_DUAL,321.1,1.1,1.0,,
18:54:52.684,7.2,MANUAL,0,0,0.0,0.0,0.0,4.17,6.89,CENTER_DUAL,321.4,1.4,1.0,,
18:54:53.709,7.1,MANUAL,0,0,0.0,0.0,0.0,4.17,6.89,CENTER_DUAL,322.4,2.4,1.0,,
18:54:54.838,7.1,MANUAL,0,0,0.0,0.0,0.0,4.17,6.89,CENTER_DUAL,323.4,3.4,1.0,,
18:54:55.856,7.1,MANUAL,0,0,0.0,0.0,0.0,4.17,6.89,CENTER_DUAL,323.9,3.9,1.0,,
18:54:56.902,7.1,MANUAL,0,0,0.0,0.0,0.0,4.17,6.89,CENTER_DUAL,324.3,4.3,1.0,,
18:54:57.932,6.4,MANUAL,0,0,0.0,0.0,0.0,4.17,6.89,CENTER_DUAL,324.6,4.6,1.0,,
18:54:58.971,6.4,MANUAL,0,0,0.0,0.0,0.0,4.17,6.89,CENTER_DUAL,324.8,4.8,1.0,,
18:55:00.011,7.1,MANUAL,0,0,0.0,0.0,0.0,4.17,6.89,CENTER_DUAL,325.0,5.0,1.0,,
18:55:01.048,6.3,MANUAL,0,0,0.0,0.0,0.0,4.17,6.89,CENTER_DUAL,325.2,5.2,1.0,,
18:55:02.069,7.2,MANUAL,0,0,0.0,0.0,0.0,4.17,6.89,CENTER_DUAL,325.2,5.2,1.0,,
18:55:03.088,7.0,MANUAL,0,0,0.0,0.0,0.0,4.17,6.89,CENTER_DUAL,325.3,5.3,1.0,,
18:55:04.216,7.1,MANUAL,0,0,0.0,0.0,0.0,4.17,6.89,CENTER_DUAL,325.4,5.4,1.0,,
18:55:05.221,6.4,MANUAL,0,0,0.0,0.0,0.0,4.17,6.89,CENTER_DUAL,325.4,5.4,1.0,,
18:55:06.349,7.1,MANUAL,0,0,0.0,0.0,0.0,4.17,6.89,CENTER_DUAL,325.3,5.3,1.0,,
18:55:07.409,6.4,MANUAL,0,0,0.0,0.0,0.0,4.17,6.89,CENTER_DUAL,325.3,5.3,1.0,,
18:55:08.432,6.5,MANUAL,0,0,0.0,0.0,0.0,4.17,6.89,CENTER_DUAL,325.2,5.2,1.0,,
18:55:09.521,6.4,MANUAL,0,0,0.0,0.0,0.0,4.17,6.89,CENTER_DUAL,325.2,5.2,1.0,,
18:55:10.580,7.1,MANUAL,0,0,0.0,0.0,0.0,4.17,6.89,CENTER_DUAL,325.1,5.1,1.0,,
18:55:11.643,5.9,MANUAL,0,0,0.0,0.0,0.0,4.17,6.89,CENTER_DUAL,325.1,5.1,1.0,,
18:55:12.757,6.4,MANUAL,0,0,0.0,0.0,0.0,4.17,6.89,CENTER_DUAL,324.9,4.9,1.0,,
18:55:13.838,6.4,MANUAL,0,0,0.0,0.0,0.0,4.17,6.89,CENTER_DUAL,324.6,4.6,1.0,,
18:55:14.917,6.4,MANUAL,0,0,0.0,0.0,0.0,4.17,6.89,CENTER_DUAL,323.9,3.9,1.0,,
18:55:15.988,6.4,MANUAL,0,0,0.0,0.0,0.0,4.17,6.89,CENTER_DUAL,323.7,3.7,1.0,,
18:55:17.032,7.1,MANUAL,0,0,0.0,0.0,0.0,4.17,6.89,CENTER_DUAL,323.4,3.4,1.0,,
18:55:18.092,6.4,MANUAL,0,0,0.0,0.0,0.0,4.17,6.89,CENTER_DUAL,323.2,3.2,1.0,,
18:55:19.126,7.2,MANUAL,0,0,0.0,0.0,0.0,4.17,6.89,CENTER_DUAL,319.0,-1.0,1.0,,
18:55:20.205,6.4,MANUAL,0,0,0.0,0.0,0.0,4.17,6.89,CENTER_DUAL,326.6,6.6,1.0,,
18:55:21.238,7.1,MANUAL,0,0,0.0,0.0,0.0,4.17,6.89,CENTER_DUAL,326.8,6.8,1.0,,
18:55:22.321,6.4,MANUAL,0,0,0.0,0.0,0.0,4.17,6.89,CENTER_DUAL,348.3,28.3,1.0,,
18:55:23.366,6.4,MANUAL,0,0,0.0,0.0,0.0,4.17,6.89,CENTER_DUAL,285.8,-34.2,1.0,,
18:55:24.508,7.0,MANUAL,0,0,0.0,0.0,0.0,4.17,6.89,CENTER_DUAL,316.2,-3.8,1.0,,
18:55:25.524,5.3,MANUAL,0,0,0.0,0.0,0.0,4.17,6.89,CENTER_DUAL,445.7,125.7,1.0,,
18:55:26.624,6.4,MANUAL,0,0,0.0,0.0,0.0,4.17,6.89,CENTER_DUAL,286.7,-33.3,1.0,,
18:55:27.700,6.4,MANUAL,0,0,0.0,0.0,0.0,4.17,6.89,CENTER_DUAL,285.6,-34.4,1.0,,
18:55:28.783,6.3,MANUAL,0,0,0.0,0.0,0.0,4.17,6.89,CENTER_DUAL,284.6,-35.4,1.0,,
18:55:29.857,7.1,MANUAL,0,0,0.0,0.0,0.0,4.17,6.89,CENTER_DUAL,283.7,-36.3,1.0,,
18:55:30.943,6.4,MANUAL,0,0,0.0,0.0,0.0,4.17,6.89,CENTER_DUAL,282.9,-37.1,1.0,,
18:55:32.002,6.4,MANUAL,0,0,0.0,0.0,0.0,4.17,6.89,CENTER_DUAL,282.3,-37.7,1.0,,
18:55:33.078,6.4,MANUAL,0,0,0.0,0.0,0.0,4.17,6.89,CENTER_DUAL,281.8,-38.2,1.0,,
18:55:34.162,6.4,MANUAL,0,0,0.0,0.0,0.0,4.17,6.89,CENTER_DUAL,281.4,-38.6,1.0,,
18:55:35.197,7.0,MANUAL,0,0,0.0,0.0,0.0,4.17,6.89,CENTER_DUAL,281.0,-39.0,1.0,,
18:55:36.315,6.4,MANUAL,0,0,0.0,0.0,0.0,4.17,6.89,CENTER_DUAL,280.8,-39.2,1.0,,
18:55:37.406,6.3,MANUAL,0,0,0.0,0.0,0.0,4.17,6.89,CENTER_DUAL,280.6,-39.4,1.0,,
18:55:38.493,7.1,MANUAL,0,0,0.0,0.0,0.0,4.17,6.89,CENTER_DUAL,280.4,-39.6,1.0,,
18:55:39.566,6.5,MANUAL,0,0,0.0,0.0,0.0,4.17,6.89,CENTER_DUAL,280.2,-39.8,1.0,,
18:55:40.631,7.1,MANUAL,0,0,0.0,0.0,0.0,4.17,6.89,CENTER_DUAL,280.1,-39.9,1.0,,
18:55:41.715,6.4,MANUAL,0,0,0.0,0.0,0.0,4.17,6.89,CENTER_DUAL,279.9,-40.1,1.0,,
18:55:42.799,6.4,MANUAL,0,0,0.0,0.0,0.0,4.17,6.89,CENTER_DUAL,279.7,-40.3,1.0,,
18:55:43.909,6.4,MANUAL,0,0,0.0,0.0,0.0,4.17,6.89,CENTER_DUAL,279.5,-40.5,1.0,,
18:55:44.978,6.4,MANUAL,0,0,0.0,0.0,0.0,4.17,6.89,CENTER_DUAL,279.2,-40.8,1.0,,
18:55:46.053,6.4,MANUAL,0,0,0.0,0.0,0.0,4.17,6.89,CENTER_DUAL,279.0,-41.0,1.0,,
18:55:47.143,6.4,MANUAL,0,0,0.0,0.0,0.0,4.17,6.89,CENTER_DUAL,278.8,-41.2,1.0,,
18:55:48.246,5.9,MANUAL,0,0,0.0,0.0,0.0,4.17,6.89,CENTER_DUAL,278.6,-41.4,1.0,,
18:55:49.340,6.3,MANUAL,0,0,0.0,0.0,0.0,4.17,6.89,CENTER_DUAL,278.3,-41.7,1.0,,
18:55:50.428,6.4,MANUAL,0,0,0.0,0.0,0.0,4.17,6.89,CENTER_DUAL,278.1,-41.9,1.0,,
18:55:51.472,7.0,MANUAL,0,0,0.0,0.0,0.0,4.17,6.89,CENTER_DUAL,277.8,-42.2,1.0,,
18:55:52.539,6.4,MANUAL,0,0,0.0,0.0,0.0,4.17,6.89,CENTER_DUAL,277.6,-42.4,1.0,,
18:55:53.572,7.0,MANUAL,0,0,0.0,0.0,0.0,4.17,6.89,CENTER_DUAL,277.4,-42.6,1.0,,
18:55:54.666,6.3,MANUAL,0,0,0.0,0.0,0.0,4.17,6.89,CENTER_DUAL,277.1,-42.9,1.0,,
18:55:55.765,6.4,MANUAL,0,0,0.0,0.0,0.0,4.17,6.89,CENTER_DUAL,276.8,-43.2,1.0,,
18:55:56.849,7.1,MANUAL,0,0,0.0,0.0,0.0,4.17,6.89,CENTER_DUAL,276.4,-43.6,1.0,,
18:55:57.930,6.5,MANUAL,0,0,0.0,0.0,0.0,4.17,6.89,CENTER_DUAL,276.0,-44.0,1.0,,
18:55:59.021,6.4,MANUAL,0,0,0.0,0.0,0.0,4.17,6.89,CENTER_DUAL,275.6,-44.4,1.0,,
18:56:00.078,6.4,MANUAL,0,0,0.0,0.0,0.0,4.17,6.89,CENTER_DUAL,275.2,-44.8,1.0,,
18:56:01.128,7.2,MANUAL,0,0,0.0,0.0,0.0,4.17,6.89,CENTER_DUAL,274.8,-45.2,1.0,,
18:56:02.204,6.5,MANUAL,0,0,0.0,0.0,0.0,4.17,6.89,CENTER_DUAL,274.5,-45.5,1.0,,
18:56:03.288,6.4,MANUAL,0,0,0.0,0.0,0.0,4.17,6.89,CENTER_DUAL,274.1,-45.9,1.0,,
18:56:04.380,6.3,MANUAL,0,0,0.0,0.0,0.0,4.17,6.89,CENTER_DUAL,273.8,-46.2,1.0,,
18:56:05.471,6.4,MANUAL,0,0,0.0,0.0,0.0,4.17,6.89,CENTER_DUAL,273.6,-46.4,1.0,,
18:56:06.546,7.1,MANUAL,0,0,0.0,0.0,0.0,4.17,6.89,CENTER_DUAL,273.5,-46.5,1.0,,
18:56:07.646,6.4,MANUAL,0,0,0.0,0.0,0.0,4.17,6.89,CENTER_DUAL,273.4,-46.6,1.0,,
18:56:08.747,6.4,MANUAL,0,0,0.0,0.0,0.0,4.17,6.89,CENTER_DUAL,273.2,-46.8,1.0,,
18:56:09.819,6.4,MANUAL,0,0,0.0,0.0,0.0,4.17,6.89,CENTER_DUAL,273.1,-46.9,1.0,,
18:56:10.872,6.4,MANUAL,0,0,0.0,0.0,0.0,4.17,6.89,CENTER_DUAL,273.0,-47.0,1.0,,
18:56:11.949,6.4,MANUAL,0,0,0.0,0.0,0.0,4.17,6.89,CENTER_DUAL,273.0,-47.0,1.0,,
18:56:13.048,6.4,MANUAL,0,0,0.0,0.0,0.0,4.17,6.89,CENTER_DUAL,273.0,-47.0,1.0,,
18:56:14.117,6.4,MANUAL,0,0,0.0,0.0,0.0,4.17,6.89,CENTER_DUAL,268.3,-51.7,1.0,,
18:56:15.223,5.8,MANUAL,0,0,0.0,0.0,0.0,4.17,6.89,CENTER_DUAL,275.5,-44.5,1.0,,
18:56:16.337,5.9,MANUAL,0,0,0.0,0.0,0.0,4.17,6.89,CENTER_DUAL,309.9,-10.1,1.0,,
18:56:17.404,6.4,MANUAL,0,0,0.0,0.0,0.0,4.17,6.89,CENTER_DUAL,329.5,9.5,1.0,,
18:56:18.511,6.4,MANUAL,0,0,0.0,0.0,0.0,4.17,6.89,CENTER_DUAL,341.1,21.1,1.0,,
18:56:19.600,6.4,MANUAL,0,0,0.0,0.0,0.0,4.17,6.89,CENTER_DUAL,342.2,22.2,1.0,,
18:56:20.686,6.4,MANUAL,0,0,0.0,0.0,0.0,4.17,6.89,CENTER_DUAL,346.5,26.5,1.0,,
18:56:21.769,6.4,MANUAL,0,0,0.0,0.0,0.0,4.17,6.89,CENTER_DUAL,349.5,29.5,1.0,,
18:56:22.842,6.4,MANUAL,0,0,0.0,0.0,0.0,4.17,6.89,CENTER_DUAL,350.4,30.4,1.0,,
18:56:23.901,6.5,MANUAL,0,0,0.0,0.0,0.0,4.17,6.89,CENTER_DUAL,350.5,30.5,1.0,,
18:56:24.960,6.5,MANUAL,0,0,0.0,0.0,0.0,4.17,6.89,CENTER_DUAL,350.4,30.4,1.0,,
18:56:26.035,6.4,MANUAL,0,0,0.0,0.0,0.0,4.17,6.89,CENTER_DUAL,354.9,34.9,1.0,,
18:56:27.138,6.5,MANUAL,0,0,0.0,0.0,0.0,4.17,6.89,CENTER_DUAL,356.2,36.2,1.0,,
18:56:28.250,6.5,MANUAL,0,0,0.0,0.0,0.0,4.17,6.89,CENTER_DUAL,351.1,31.1,1.0,,
18:56:29.336,7.1,MANUAL,0,0,0.0,0.0,0.0,4.17,6.89,CENTER_DUAL,325.0,5.0,1.0,,
18:56:30.464,5.8,MANUAL,0,0,0.0,0.0,0.0,4.17,6.89,CENTER_DUAL,299.5,-20.5,1.0,,
18:56:31.577,6.5,MANUAL,0,0,0.0,0.0,0.0,4.17,6.89,CENTER_DUAL,290.7,-29.3,1.0,,
18:56:32.705,6.4,MANUAL,0,0,0.0,0.0,0.0,4.17,6.89,CENTER_DUAL,285.0,-35.0,1.0,,
18:56:33.794,6.3,MANUAL,0,0,0.0,0.0,0.0,4.17,6.89,CENTER_DUAL,283.4,-36.6,1.0,,
18:56:34.883,6.4,MANUAL,0,0,0.0,0.0,0.0,4.17,6.89,CENTER_DUAL,281.9,-38.1,1.0,,
18:56:35.983,5.9,MANUAL,0,0,0.0,0.0,0.0,4.17,6.89,CENTER_DUAL,280.8,-39.2,1.0,,
18:56:37.070,6.4,MANUAL,0,0,0.0,0.0,0.0,4.17,6.89,CENTER_DUAL,280.0,-40.0,1.0,,
18:56:38.160,6.3,MANUAL,0,0,0.0,0.0,0.0,4.17,6.89,CENTER_DUAL,279.5,-40.5,1.0,,
18:56:39.230,6.5,MANUAL,0,0,0.0,0.0,0.0,4.17,6.89,CENTER_DUAL,279.1,-40.9,1.0,,
18:56:40.310,6.3,MANUAL,0,0,0.0,0.0,0.0,4.17,6.89,CENTER_DUAL,278.7,-41.3,1.0,,
18:56:41.397,6.5,MANUAL,0,0,0.0,0.0,0.0,4.17,6.89,CENTER_DUAL,274.5,-45.5,1.0,,
18:56:42.495,6.4,MANUAL,0,0,0.0,0.0,0.0,4.17,6.89,CENTER_DUAL,275.3,-44.7,1.0,,
18:56:43.562,6.4,MANUAL,0,0,0.0,0.0,0.0,4.17,6.89,CENTER_DUAL,279.7,-40.3,1.0,,
18:56:44.648,7.0,MANUAL,0,0,0.0,0.0,0.0,4.17,6.89,RIGHT_LANE_ONLY,266.9,-53.1,0.5,,
18:56:45.714,7.1,MANUAL,0,0,0.0,0.0,0.0,4.17,6.89,CENTER_DUAL,276.1,-43.9,1.0,,
18:56:46.741,6.4,MANUAL,0,0,0.0,0.0,0.0,4.17,6.89,CENTER_DUAL,271.8,-48.2,1.0,,
18:56:47.809,7.0,MANUAL,0,0,0.0,0.0,0.0,4.17,6.89,CENTER_DUAL,270.4,-49.6,1.0,,
18:56:48.818,6.4,MANUAL,0,0,0.0,0.0,0.0,4.17,6.89,CENTER_DUAL,269.3,-50.7,1.0,,
18:56:49.865,7.1,MANUAL,0,0,0.0,0.0,0.0,4.17,6.89,CENTER_DUAL,268.4,-51.6,1.0,,
18:56:50.914,7.0,MANUAL,0,0,0.0,0.0,0.0,4.17,6.89,CENTER_DUAL,267.7,-52.3,1.0,,
18:56:51.934,7.1,MANUAL,0,0,0.0,0.0,0.0,4.17,6.89,CENTER_DUAL,267.3,-52.7,1.0,,
18:56:52.982,7.2,MANUAL,0,0,0.0,0.0,0.0,4.17,6.89,CENTER_DUAL,266.9,-53.1,1.0,,
18:56:54.004,6.5,MANUAL,0,0,0.0,0.0,0.0,4.17,6.89,CENTER_DUAL,266.6,-53.4,1.0,,
18:56:55.020,7.1,MANUAL,0,0,0.0,0.0,0.0,4.17,6.89,CENTER_DUAL,266.4,-53.6,1.0,,
18:56:56.051,7.2,MANUAL,0,0,0.0,0.0,0.0,4.17,6.89,CENTER_DUAL,266.3,-53.7,1.0,,
18:56:57.138,7.0,MANUAL,0,0,0.0,0.0,0.0,4.17,6.89,CENTER_DUAL,266.2,-53.8,1.0,,
18:56:58.176,7.2,MANUAL,0,0,0.0,0.0,0.0,4.17,6.89,CENTER_DUAL,266.1,-53.9,1.0,,
18:56:59.213,7.2,MANUAL,0,0,0.0,0.0,0.0,4.17,6.89,CENTER_DUAL,266.1,-53.9,1.0,,
18:57:00.224,7.1,MANUAL,0,0,0.0,0.0,0.0,4.17,6.89,CENTER_DUAL,266.1,-53.9,1.0,,
18:57:01.282,7.0,MANUAL,0,0,0.0,0.0,0.0,4.17,6.89,CENTER_DUAL,266.0,-54.0,1.0,,
18:57:02.326,7.0,MANUAL,0,0,0.0,0.0,0.0,4.17,6.89,CENTER_DUAL,266.0,-54.0,1.0,,
18:57:03.331,7.1,MANUAL,0,0,0.0,0.0,0.0,4.17,6.89,CENTER_DUAL,265.9,-54.1,1.0,,
18:57:04.340,7.1,MANUAL,0,0,0.0,0.0,0.0,4.17,6.89,CENTER_DUAL,265.9,-54.1,1.0,,
18:57:05.364,7.2,MANUAL,0,0,0.0,0.0,0.0,4.17,6.89,CENTER_DUAL,265.9,-54.1,1.0,,
18:57:06.386,7.1,MANUAL,0,0,0.0,0.0,0.0,4.17,6.89,CENTER_DUAL,265.9,-54.1,1.0,,
18:57:07.466,7.1,MANUAL,0,0,0.0,0.0,0.0,4.17,6.89,CENTER_DUAL,265.9,-54.1,1.0,,
18:57:08.512,7.2,MANUAL,0,0,0.0,0.0,0.0,4.17,6.89,CENTER_DUAL,265.9,-54.1,1.0,,
18:57:09.648,7.1,MANUAL,0,0,0.0,0.0,0.0,4.17,6.89,CENTER_DUAL,265.8,-54.2,1.0,,
18:57:10.680,6.5,MANUAL,0,0,0.0,0.0,0.0,4.17,6.89,CENTER_DUAL,265.8,-54.2,1.0,,
18:57:11.743,6.4,MANUAL,0,0,0.0,0.0,0.0,4.17,6.89,CENTER_DUAL,265.8,-54.2,1.0,,
18:57:12.749,7.2,MANUAL,0,0,0.0,0.0,0.0,4.17,6.89,CENTER_DUAL,265.8,-54.2,1.0,,
18:57:13.890,7.0,MANUAL,0,0,0.0,0.0,0.0,4.17,6.89,CENTER_DUAL,265.7,-54.3,1.0,,
18:57:14.915,7.1,MANUAL,0,0,0.0,0.0,0.0,4.17,6.89,CENTER_DUAL,265.7,-54.3,1.0,,
18:57:15.944,6.4,MANUAL,0,0,0.0,0.0,0.0,4.17,6.89,CENTER_DUAL,265.8,-54.2,1.0,,
18:57:17.081,6.4,MANUAL,0,0,0.0,0.0,0.0,4.17,6.89,CENTER_DUAL,265.7,-54.3,1.0,,
18:57:18.213,7.0,MANUAL,0,0,0.0,0.0,0.0,4.17,6.89,CENTER_DUAL,265.7,-54.3,1.0,,
18:57:19.238,6.5,MANUAL,0,0,0.0,0.0,0.0,4.17,6.89,CENTER_DUAL,265.7,-54.3,1.0,,
18:57:20.258,6.5,MANUAL,0,0,0.0,0.0,0.0,4.17,6.89,CENTER_DUAL,265.7,-54.3,1.0,,
18:57:21.319,7.1,MANUAL,0,0,0.0,0.0,0.0,4.17,6.89,CENTER_DUAL,265.9,-54.1,1.0,,
18:57:22.457,7.0,MANUAL,0,0,0.0,0.0,0.0,4.17,6.89,CENTER_DUAL,323.9,3.9,1.0,,
18:57:23.596,6.5,MANUAL,0,0,0.0,0.0,0.0,4.17,6.89,CENTER_DUAL,385.4,65.4,1.0,,
18:57:24.614,6.4,MANUAL,0,0,0.0,0.0,0.0,4.17,6.89,CENTER_DUAL,405.6,85.6,1.0,,
18:57:25.665,7.3,MANUAL,0,0,0.0,0.0,0.0,4.17,6.89,CENTER_DUAL,251.6,-68.4,1.0,,
18:57:26.791,7.0,MANUAL,0,0,0.0,0.0,0.0,4.17,6.89,CENTER_DUAL,236.3,-83.7,1.0,,
18:57:27.794,7.0,MANUAL,0,0,0.0,0.0,0.0,4.17,6.89,CENTER_DUAL,237.2,-82.8,1.0,,
18:57:28.912,7.1,MANUAL,0,0,0.0,0.0,0.0,4.17,6.89,CENTER_DUAL,237.5,-82.5,1.0,,
18:57:30.042,7.0,MANUAL,0,0,0.0,0.0,0.0,4.17,6.89,CENTER_DUAL,229.9,-90.1,1.0,,
18:57:31.165,7.2,MANUAL,0,0,0.0,0.0,0.0,4.17,6.89,CENTER_DUAL,228.8,-91.2,1.0,,
18:57:32.288,7.1,MANUAL,0,0,0.0,0.0,0.0,4.17,6.89,CENTER_DUAL,228.2,-91.8,1.0,,
18:57:33.409,7.2,MANUAL,0,0,0.0,0.0,0.0,4.17,6.89,CENTER_DUAL,228.4,-91.6,1.0,,
18:57:34.534,7.1,MANUAL,0,0,0.0,0.0,0.0,4.17,6.89,CENTER_DUAL,229.3,-90.7,1.0,,
18:57:35.666,7.1,MANUAL,0,0,0.0,0.0,0.0,4.17,6.89,CENTER_DUAL,229.5,-90.5,1.0,,
18:57:36.797,7.1,MANUAL,0,0,0.0,0.0,0.0,4.17,6.89,CENTER_DUAL,229.7,-90.3,1.0,,
18:57:37.924,7.1,MANUAL,0,0,0.0,0.0,0.0,4.17,6.89,CENTER_DUAL,230.0,-90.0,1.0,,
18:57:39.056,7.1,MANUAL,0,0,0.0,0.0,0.0,4.17,6.89,CENTER_DUAL,231.2,-88.8,1.0,,
18:57:40.177,7.1,MANUAL,0,0,0.0,0.0,0.0,4.17,6.89,CENTER_DUAL,237.7,-82.3,1.0,,
18:57:41.246,6.5,MANUAL,0,0,0.0,0.0,0.0,4.17,6.89,CENTER_DUAL,262.6,-57.4,1.0,,
18:57:42.336,6.0,MANUAL,0,0,0.0,0.0,0.0,4.17,6.89,CENTER_DUAL,270.4,-49.6,1.0,,
18:57:43.394,7.0,MANUAL,0,0,0.0,0.0,0.0,4.17,6.89,CENTER_DUAL,271.5,-48.5,1.0,,
18:57:44.481,6.5,MANUAL,0,0,0.0,0.0,0.0,4.17,6.89,CENTER_DUAL,272.2,-47.8,1.0,,
18:57:45.580,6.5,MANUAL,0,0,0.0,0.0,0.0,4.17,6.89,CENTER_DUAL,272.8,-47.2,1.0,,
18:57:46.632,7.1,MANUAL,0,0,0.0,0.0,0.0,4.17,6.89,CENTER_DUAL,273.1,-46.9,1.0,,
18:57:47.752,6.4,MANUAL,0,0,0.0,0.0,0.0,4.17,6.89,CENTER_DUAL,273.4,-46.6,1.0,,
18:57:48.828,6.5,MANUAL,0,0,0.0,0.0,0.0,4.17,6.89,CENTER_DUAL,273.6,-46.4,1.0,,
18:57:49.941,6.4,MANUAL,0,0,0.0,0.0,0.0,4.17,6.89,CENTER_DUAL,273.7,-46.3,1.0,,
18:57:51.018,6.4,MANUAL,0,0,0.0,0.0,0.0,4.17,6.89,CENTER_DUAL,273.7,-46.3,1.0,,
18:57:52.075,6.4,MANUAL,0,0,0.0,0.0,0.0,4.17,6.89,CENTER_DUAL,273.8,-46.2,1.0,,
18:57:53.146,6.4,MANUAL,0,0,0.0,0.0,0.0,4.17,6.89,CENTER_DUAL,273.8,-46.2,1.0,,
18:57:54.215,7.1,MANUAL,0,0,0.0,0.0,0.0,4.17,6.89,CENTER_DUAL,273.8,-46.2,1.0,,
18:57:55.304,6.5,MANUAL,0,0,0.0,0.0,0.0,4.17,6.89,CENTER_DUAL,273.8,-46.2,1.0,,
18:57:56.392,6.5,MANUAL,0,0,0.0,0.0,0.0,4.17,6.89,CENTER_DUAL,273.8,-46.2,1.0,,
18:57:57.539,6.3,MANUAL,0,0,0.0,0.0,0.0,4.17,6.89,CENTER_DUAL,273.8,-46.2,1.0,,
18:57:58.629,6.3,MANUAL,0,0,0.0,0.0,0.0,4.17,6.89,CENTER_DUAL,273.8,-46.2,1.0,,
18:57:59.727,6.4,MANUAL,0,0,0.0,0.0,0.0,4.17,6.89,CENTER_DUAL,273.7,-46.3,1.0,,
18:58:00.809,7.2,MANUAL,0,0,0.0,0.0,0.0,4.17,6.89,CENTER_DUAL,273.7,-46.3,1.0,,
18:58:01.913,5.9,MANUAL,0,0,0.0,0.0,0.0,4.17,6.89,CENTER_DUAL,273.7,-46.3,1.0,,
18:58:03.012,6.3,MANUAL,0,0,0.0,0.0,0.0,4.17,6.89,CENTER_DUAL,273.7,-46.3,1.0,,
18:58:04.105,6.4,MANUAL,0,0,0.0,0.0,0.0,4.17,6.89,CENTER_DUAL,273.7,-46.3,1.0,,
18:58:05.219,6.4,MANUAL,0,0,0.0,0.0,0.0,4.17,6.89,CENTER_DUAL,273.7,-46.3,1.0,,
18:58:06.315,6.3,MANUAL,0,0,0.0,0.0,0.0,4.17,6.89,CENTER_DUAL,273.7,-46.3,1.0,,
18:58:07.432,6.5,MANUAL,0,0,0.0,0.0,0.0,4.17,6.89,CENTER_DUAL,273.7,-46.3,1.0,,
18:58:08.511,6.4,MANUAL,0,0,0.0,0.0,0.0,4.17,6.89,CENTER_DUAL,273.6,-46.4,1.0,,
18:58:09.626,7.1,MANUAL,0,0,0.0,0.0,0.0,4.17,6.89,CENTER_DUAL,273.6,-46.4,1.0,,
18:58:10.767,6.4,MANUAL,0,0,0.0,0.0,0.0,4.17,6.89,CENTER_DUAL,273.6,-46.4,1.0,,
18:58:11.876,6.4,MANUAL,0,0,0.0,0.0,0.0,4.17,6.89,CENTER_DUAL,273.6,-46.4,1.0,,
18:58:12.992,6.4,MANUAL,0,0,0.0,0.0,0.0,4.17,6.89,CENTER_DUAL,273.5,-46.5,1.0,,
18:58:14.099,5.8,MANUAL,0,0,0.0,0.0,0.0,4.17,6.89,CENTER_DUAL,273.5,-46.5,1.0,,
18:58:15.246,5.9,MANUAL,0,0,0.0,0.0,0.0,4.17,6.89,CENTER_DUAL,273.5,-46.5,1.0,,
18:58:16.370,5.8,MANUAL,0,0,0.0,0.0,0.0,4.17,6.89,CENTER_DUAL,273.5,-46.5,1.0,,
18:58:17.503,6.2,MANUAL,0,0,0.0,0.0,0.0,4.17,6.89,CENTER_DUAL,273.4,-46.6,1.0,,
18:58:18.600,6.4,MANUAL,0,0,0.0,0.0,0.0,4.17,6.89,CENTER_DUAL,273.2,-46.8,1.0,,
18:58:19.702,7.1,MANUAL,0,0,0.0,0.0,0.0,4.17,6.89,CENTER_DUAL,273.1,-46.9,1.0,,
18:58:20.806,7.2,MANUAL,0,0,0.0,0.0,0.0,4.17,6.89,CENTER_DUAL,273.0,-47.0,1.0,,
18:58:21.897,6.4,MANUAL,0,0,0.0,0.0,0.0,4.17,6.89,CENTER_DUAL,272.9,-47.1,1.0,,
18:58:22.987,6.3,MANUAL,0,0,0.0,0.0,0.0,4.17,6.89,CENTER_DUAL,272.8,-47.2,1.0,,
18:58:24.086,6.4,MANUAL,0,0,0.0,0.0,0.0,4.17,6.89,CENTER_DUAL,272.7,-47.3,1.0,,
18:58:25.163,6.5,MANUAL,0,0,0.0,0.0,0.0,4.17,6.89,CENTER_DUAL,272.6,-47.4,1.0,,
18:58:26.260,5.9,MANUAL,0,0,0.0,0.0,0.0,4.17,6.89,CENTER_DUAL,272.5,-47.5,1.0,,
18:58:27.327,6.4,MANUAL,0,0,0.0,0.0,0.0,4.17,6.89,CENTER_DUAL,272.3,-47.7,1.0,,
18:58:28.415,6.4,MANUAL,0,0,0.0,0.0,0.0,4.17,6.89,CENTER_DUAL,272.1,-47.9,1.0,,
18:58:29.504,6.4,MANUAL,0,0,0.0,0.0,0.0,4.17,6.89,CENTER_DUAL,272.0,-48.0,1.0,,
18:58:30.621,6.5,MANUAL,0,0,0.0,0.0,0.0,4.17,6.89,CENTER_DUAL,271.8,-48.2,1.0,,
18:58:31.699,6.5,MANUAL,0,0,0.0,0.0,0.0,4.17,6.89,CENTER_DUAL,271.7,-48.3,1.0,,
18:58:32.798,6.4,MANUAL,0,0,0.0,0.0,0.0,4.17,6.89,CENTER_DUAL,271.6,-48.4,1.0,,
18:58:33.850,7.1,MANUAL,0,0,0.0,0.0,0.0,4.17,6.89,CENTER_DUAL,271.6,-48.4,1.0,,
18:58:34.945,6.4,MANUAL,0,0,0.0,0.0,0.0,4.17,6.89,CENTER_DUAL,271.7,-48.3,1.0,,
18:58:36.019,7.0,MANUAL,0,0,0.0,0.0,0.0,4.17,6.89,CENTER_DUAL,271.7,-48.3,1.0,,
18:58:37.093,7.2,MANUAL,0,0,0.0,0.0,0.0,4.17,6.89,CENTER_DUAL,271.7,-48.3,1.0,,
18:58:38.184,6.5,MANUAL,0,0,0.0,0.0,0.0,4.17,6.89,CENTER_DUAL,271.7,-48.3,1.0,,
18:58:39.255,6.5,MANUAL,0,0,0.0,0.0,0.0,4.17,6.89,CENTER_DUAL,271.7,-48.3,1.0,,
18:58:40.335,6.4,MANUAL,0,0,0.0,0.0,0.0,4.17,6.89,CENTER_DUAL,271.7,-48.3,1.0,,
18:58:41.452,6.4,MANUAL,0,0,0.0,0.0,0.0,4.17,6.89,CENTER_DUAL,271.8,-48.2,1.0,,
18:58:42.517,6.4,MANUAL,0,0,0.0,0.0,0.0,4.17,6.89,CENTER_DUAL,271.8,-48.2,1.0,,
18:58:43.593,7.1,MANUAL,0,0,0.0,0.0,0.0,4.17,6.89,CENTER_DUAL,271.9,-48.1,1.0,,
18:58:44.707,5.9,MANUAL,0,0,0.0,0.0,0.0,4.17,6.89,CENTER_DUAL,272.0,-48.0,1.0,,
18:58:45.787,6.4,MANUAL,0,0,0.0,0.0,0.0,4.17,6.89,CENTER_DUAL,272.1,-47.9,1.0,,
18:58:46.871,5.8,MANUAL,0,0,0.0,0.0,0.0,4.17,6.89,CENTER_DUAL,272.3,-47.7,1.0,,
18:58:47.939,6.5,MANUAL,0,0,0.0,0.0,0.0,4.17,6.89,CENTER_DUAL,272.4,-47.6,1.0,,
18:58:49.057,6.4,MANUAL,0,0,0.0,0.0,0.0,4.17,6.89,CENTER_DUAL,272.4,-47.6,1.0,,
18:58:50.141,6.5,MANUAL,0,0,0.0,0.0,0.0,4.17,6.89,CENTER_DUAL,272.4,-47.6,1.0,,
18:58:51.258,7.1,MANUAL,0,0,0.0,0.0,0.0,4.17,6.89,CENTER_DUAL,272.5,-47.5,1.0,,
18:58:52.309,7.1,MANUAL,0,0,0.0,0.0,0.0,4.17,6.89,CENTER_DUAL,272.5,-47.5,1.0,,
18:58:53.387,6.4,MANUAL,0,0,0.0,0.0,0.0,4.17,6.89,CENTER_DUAL,272.5,-47.5,1.0,,
18:58:54.463,6.4,MANUAL,0,0,0.0,0.0,0.0,4.17,6.89,CENTER_DUAL,271.2,-48.8,1.0,,
18:58:55.568,6.4,MANUAL,0,0,0.0,0.0,0.0,4.17,6.89,CENTER_DUAL,300.0,-20.0,1.0,,
18:58:56.645,6.4,MANUAL,0,0,0.0,0.0,0.0,4.17,6.89,CENTER_DUAL,301.0,-19.0,1.0,,
18:58:57.734,6.5,MANUAL,0,0,0.0,0.0,0.0,4.17,6.89,CENTER_DUAL,302.0,-18.0,1.0,,
18:58:58.814,5.8,MANUAL,0,0,0.0,0.0,0.0,4.17,6.89,CENTER_DUAL,302.8,-17.2,1.0,,
18:58:59.869,7.0,MANUAL,0,0,0.0,0.0,0.0,4.17,6.89,CENTER_DUAL,303.4,-16.6,1.0,,
18:59:00.961,6.4,MANUAL,0,0,0.0,0.0,0.0,4.17,6.89,CENTER_DUAL,303.8,-16.2,1.0,,
18:59:02.026,6.4,MANUAL,0,0,0.0,0.0,0.0,4.17,6.89,CENTER_DUAL,304.1,-15.9,1.0,,
18:59:03.083,7.2,MANUAL,0,0,0.0,0.0,0.0,4.17,6.89,CENTER_DUAL,303.5,-16.5,1.0,,
18:59:04.186,6.3,MANUAL,0,0,0.0,0.0,0.0,4.17,6.89,CENTER_DUAL,305.8,-14.2,1.0,,
18:59:05.251,7.0,MANUAL,0,0,0.0,0.0,0.0,4.17,6.89,CENTER_DUAL,306.3,-13.7,1.0,,
18:59:06.306,7.2,MANUAL,0,0,0.0,0.0,0.0,4.17,6.89,CENTER_DUAL,306.6,-13.4,1.0,,
18:59:07.354,6.4,MANUAL,0,0,0.0,0.0,0.0,4.17,6.89,CENTER_DUAL,307.0,-13.0,1.0,,
18:59:08.395,7.1,MANUAL,0,0,0.0,0.0,0.0,4.17,6.89,CENTER_DUAL,306.9,-13.1,1.0,,
18:59:09.512,5.9,MANUAL,0,0,0.0,0.0,0.0,4.17,6.89,CENTER_DUAL,306.4,-13.6,1.0,,
18:59:10.596,6.4,MANUAL,0,0,0.0,0.0,0.0,4.17,6.89,CENTER_DUAL,305.6,-14.4,1.0,,
18:59:11.711,6.4,MANUAL,0,0,0.0,0.0,0.0,4.17,6.89,CENTER_DUAL,304.7,-15.3,1.0,,
18:59:12.766,7.0,MANUAL,0,0,0.0,0.0,0.0,4.17,6.89,CENTER_DUAL,303.8,-16.2,1.0,,
18:59:13.836,6.4,MANUAL,0,0,0.0,0.0,0.0,4.17,6.89,CENTER_DUAL,303.2,-16.8,1.0,,
18:59:14.901,6.4,MANUAL,0,0,0.0,0.0,0.0,4.17,6.89,CENTER_DUAL,302.4,-17.6,1.0,,
18:59:15.978,6.5,MANUAL,0,0,0.0,0.0,0.0,4.17,6.89,CENTER_DUAL,302.0,-18.0,1.0,,
18:59:17.030,6.4,MANUAL,0,0,0.0,0.0,0.0,4.17,6.89,CENTER_DUAL,302.3,-17.7,1.0,,
18:59:18.068,6.5,MANUAL,0,0,0.0,0.0,0.0,4.17,6.89,CENTER_DUAL,308.5,-11.5,1.0,,
18:59:19.150,6.4,MANUAL,0,0,0.0,0.0,0.0,4.17,6.89,CENTER_DUAL,316.3,-3.7,1.0,,
18:59:20.260,6.4,MANUAL,0,0,0.0,0.0,0.0,4.17,6.89,CENTER_DUAL,317.4,-2.6,1.0,,
18:59:21.343,6.5,MANUAL,0,0,0.0,0.0,0.0,4.17,6.89,CENTER_DUAL,318.2,-1.8,1.0,,
18:59:22.399,6.4,MANUAL,0,0,0.0,0.0,0.0,4.17,6.89,CENTER_DUAL,318.8,-1.2,1.0,,
18:59:23.473,6.4,MANUAL,0,0,0.0,0.0,0.0,4.17,6.89,CENTER_DUAL,319.2,-0.8,1.0,,
18:59:24.532,6.4,MANUAL,0,0,0.0,0.0,0.0,4.17,6.89,CENTER_DUAL,319.5,-0.5,1.0,,
18:59:25.575,7.1,MANUAL,0,0,0.0,0.0,0.0,4.17,6.89,CENTER_DUAL,319.7,-0.3,1.0,,
18:59:26.595,7.2,MANUAL,0,0,0.0,0.0,0.0,4.17,6.89,CENTER_DUAL,310.6,-9.4,1.0,,
18:59:27.659,6.3,MANUAL,0,0,0.0,0.0,0.0,4.17,6.89,CENTER_DUAL,306.1,-13.9,1.0,,
18:59:28.743,5.9,MANUAL,0,0,0.0,0.0,0.0,4.17,6.89,CENTER_DUAL,305.2,-14.8,1.0,,
18:59:29.791,7.0,MANUAL,0,0,0.0,0.0,0.0,4.17,6.89,CENTER_DUAL,304.8,-15.2,1.0,,
18:59:30.855,6.3,MANUAL,0,0,0.0,0.0,0.0,4.17,6.89,CENTER_DUAL,315.3,-4.7,1.0,,
18:59:31.912,7.1,MANUAL,0,0,0.0,0.0,0.0,4.17,6.89,CENTER_DUAL,316.6,-3.4,1.0,,
18:59:32.964,6.4,MANUAL,0,0,0.0,0.0,0.0,4.17,6.89,CENTER_DUAL,307.7,-12.3,1.0,,
18:59:34.046,6.4,MANUAL,0,0,0.0,0.0,0.0,4.17,6.89,CENTER_DUAL,306.3,-13.7,1.0,,
18:59:35.120,6.3,MANUAL,0,0,0.0,0.0,0.0,4.17,6.89,CENTER_DUAL,305.3,-14.7,1.0,,
18:59:36.195,6.4,MANUAL,0,0,0.0,0.0,0.0,4.17,6.89,CENTER_DUAL,304.6,-15.4,1.0,,
18:59:37.254,6.5,MANUAL,0,0,0.0,0.0,0.0,4.17,6.89,CENTER_DUAL,304.1,-15.9,1.0,,
18:59:38.380,6.4,MANUAL,0,0,0.0,0.0,0.0,4.17,6.89,CENTER_DUAL,304.1,-15.9,1.0,,
18:59:39.470,6.4,MANUAL,0,0,0.0,0.0,0.0,4.17,6.89,CENTER_DUAL,304.2,-15.8,1.0,,
18:59:40.519,7.1,MANUAL,0,0,0.0,0.0,0.0,4.17,6.89,CENTER_DUAL,304.0,-16.0,1.0,,
18:59:41.573,6.3,MANUAL,0,0,0.0,0.0,0.0,4.17,6.89,CENTER_DUAL,303.9,-16.1,1.0,,
18:59:42.618,6.4,MANUAL,0,0,0.0,0.0,0.0,4.17,6.89,CENTER_DUAL,303.8,-16.2,1.0,,
18:59:43.680,6.5,MANUAL,0,0,0.0,0.0,0.0,4.17,6.89,CENTER_DUAL,303.8,-16.2,1.0,,
18:59:44.739,6.5,MANUAL,0,0,0.0,0.0,0.0,4.17,6.89,CENTER_DUAL,303.7,-16.3,1.0,,
18:59:45.811,6.9,MANUAL,0,0,0.0,0.0,0.0,4.17,6.89,CENTER_DUAL,303.6,-16.4,1.0,,
18:59:46.862,7.2,MANUAL,0,0,0.0,0.0,0.0,4.17,6.89,CENTER_DUAL,303.6,-16.4,1.0,,
18:59:47.938,6.4,MANUAL,0,0,0.0,0.0,0.0,4.17,6.89,CENTER_DUAL,303.5,-16.5,1.0,,
18:59:49.005,6.4,MANUAL,0,0,0.0,0.0,0.0,4.17,6.89,CENTER_DUAL,303.5,-16.5,1.0,,
18:59:50.051,7.1,MANUAL,0,0,0.0,0.0,0.0,4.17,6.89,CENTER_DUAL,303.6,-16.4,1.0,,
18:59:51.137,6.4,MANUAL,0,0,0.0,0.0,0.0,4.17,6.89,CENTER_DUAL,303.7,-16.3,1.0,,
18:59:52.194,7.1,MANUAL,0,0,0.0,0.0,0.0,4.17,6.89,CENTER_DUAL,303.6,-16.4,1.0,,
18:59:53.253,6.3,MANUAL,0,0,0.0,0.0,0.0,4.17,6.89,CENTER_DUAL,303.5,-16.5,1.0,,
18:59:54.296,7.0,MANUAL,0,0,0.0,0.0,0.0,4.17,6.89,CENTER_DUAL,303.4,-16.6,1.0,,
18:59:55.338,7.1,MANUAL,0,0,0.0,0.0,0.0,4.17,6.89,CENTER_DUAL,303.3,-16.7,1.0,,
18:59:56.403,7.0,MANUAL,0,0,0.0,0.0,0.0,4.17,6.89,CENTER_DUAL,308.0,-12.0,1.0,,
18:59:57.527,6.4,MANUAL,0,0,0.0,0.0,0.0,4.17,6.89,CENTER_DUAL,307.5,-12.5,1.0,,
18:59:58.636,6.4,MANUAL,0,0,0.0,0.0,0.0,4.17,6.89,CENTER_DUAL,292.8,-27.2,1.0,,
18:59:59.711,7.1,MANUAL,0,0,0.0,0.0,0.0,4.17,6.89,CENTER_DUAL,283.5,-36.5,1.0,,
19:00:00.812,7.1,MANUAL,0,0,0.0,0.0,0.0,4.17,6.89,CENTER_DUAL,265.5,-54.5,1.0,,
19:00:01.870,6.4,MANUAL,0,0,0.0,0.0,0.0,4.17,6.89,CENTER_DUAL,261.7,-58.3,1.0,,
19:00:02.929,6.4,MANUAL,0,0,0.0,0.0,0.0,4.17,6.89,CENTER_DUAL,275.5,-44.5,1.0,,
19:00:03.996,5.8,MANUAL,0,0,0.0,0.0,0.0,4.17,6.89,CENTER_DUAL,304.1,-15.9,1.0,,
19:00:05.093,6.4,MANUAL,0,0,0.0,0.0,0.0,4.17,6.89,CENTER_DUAL,304.1,-15.9,1.0,,
19:00:06.118,7.0,MANUAL,0,0,0.0,0.0,0.0,4.17,6.89,CENTER_DUAL,303.9,-16.1,1.0,,
19:00:07.182,6.2,MANUAL,0,0,0.0,0.0,0.0,4.17,6.89,CENTER_DUAL,303.8,-16.2,1.0,,
19:00:08.246,7.1,MANUAL,0,0,0.0,0.0,0.0,4.17,6.89,CENTER_DUAL,303.7,-16.3,1.0,,
19:00:09.338,5.9,MANUAL,0,0,0.0,0.0,0.0,4.17,6.89,CENTER_DUAL,303.7,-16.3,1.0,,
19:00:10.397,6.5,MANUAL,0,0,0.0,0.0,0.0,4.17,6.89,CENTER_DUAL,303.7,-16.3,1.0,,
19:00:11.426,7.0,MANUAL,0,0,0.0,0.0,0.0,4.17,6.89,CENTER_DUAL,303.7,-16.3,1.0,,
19:00:12.463,7.0,MANUAL,0,0,0.0,0.0,0.0,4.17,6.89,CENTER_DUAL,303.7,-16.3,1.0,,
19:00:13.524,6.4,MANUAL,0,0,0.0,0.0,0.0,4.17,6.89,CENTER_DUAL,303.9,-16.1,1.0,,
19:00:14.571,6.5,MANUAL,0,0,0.0,0.0,0.0,4.17,6.89,CENTER_DUAL,304.4,-15.6,1.0,,
19:00:15.598,6.4,MANUAL,0,0,0.0,0.0,0.0,4.17,6.89,CENTER_DUAL,304.7,-15.3,1.0,,
19:00:16.626,7.0,MANUAL,0,0,0.0,0.0,0.0,4.17,6.89,CENTER_DUAL,304.9,-15.1,1.0,,
19:00:17.653,6.4,MANUAL,0,0,0.0,0.0,0.0,4.17,6.89,CENTER_DUAL,305.4,-14.6,1.0,,
19:00:18.738,6.3,MANUAL,0,0,0.0,0.0,0.0,4.17,6.89,CENTER_DUAL,309.7,-10.3,1.0,,
19:00:19.808,7.1,MANUAL,0,0,0.0,0.0,0.0,4.17,6.89,CENTER_DUAL,316.7,-3.3,1.0,,
19:00:20.878,7.1,MANUAL,0,0,0.0,0.0,0.0,4.17,6.89,CENTER_DUAL,352.7,32.7,1.0,,
19:00:21.997,6.3,MANUAL,0,0,0.0,0.0,0.0,4.17,6.89,CENTER_DUAL,338.1,18.1,1.0,,
19:00:23.103,6.4,MANUAL,0,0,0.0,0.0,0.0,4.17,6.89,CENTER_DUAL,332.9,12.9,1.0,,
19:00:24.217,6.4,MANUAL,0,0,0.0,0.0,0.0,4.17,6.89,CENTER_DUAL,299.4,-20.6,1.0,,
19:00:25.361,5.8,MANUAL,0,0,0.0,0.0,0.0,4.17,6.89,CENTER_DUAL,278.2,-41.8,1.0,,
19:00:26.476,5.9,MANUAL,0,0,0.0,0.0,0.0,4.17,6.89,CENTER_DUAL,276.6,-43.4,1.0,,
19:00:27.596,5.8,MANUAL,0,0,0.0,0.0,0.0,4.17,6.89,CENTER_DUAL,275.2,-44.8,1.0,,
19:00:28.736,6.4,MANUAL,0,0,0.0,0.0,0.0,4.17,6.89,CENTER_DUAL,274.1,-45.9,1.0,,
19:00:29.833,7.1,MANUAL,0,0,0.0,0.0,0.0,4.17,6.89,CENTER_DUAL,273.2,-46.8,1.0,,
19:00:30.944,6.3,MANUAL,0,0,0.0,0.0,0.0,4.17,6.89,CENTER_DUAL,272.1,-47.9,1.0,,
19:00:32.055,6.3,MANUAL,0,0,0.0,0.0,0.0,4.17,6.89,CENTER_DUAL,269.8,-50.2,1.0,,
19:00:33.169,6.5,MANUAL,0,0,0.0,0.0,0.0,4.17,6.89,CENTER_DUAL,270.1,-49.9,1.0,,
19:00:34.219,6.4,MANUAL,0,0,0.0,0.0,0.0,4.17,6.89,CENTER_DUAL,270.6,-49.4,1.0,,
19:00:35.278,5.8,MANUAL,0,0,0.0,0.0,0.0,4.17,6.89,CENTER_DUAL,277.5,-42.5,1.0,,
19:00:36.346,4.6,MANUAL,0,0,0.0,0.0,0.0,4.17,6.89,CENTER_DUAL,306.8,-13.2,1.0,,
19:00:37.396,6.5,MANUAL,0,0,0.0,0.0,0.0,4.17,6.89,CENTER_DUAL,301.6,-18.4,1.0,,
19:00:38.555,5.8,MANUAL,0,0,0.0,0.0,0.0,4.17,6.89,CENTER_DUAL,301.6,-18.4,1.0,,
19:00:39.727,5.3,MANUAL,0,0,0.0,0.0,0.0,4.17,6.89,CENTER_DUAL,302.7,-17.3,1.0,,
19:00:40.791,6.4,MANUAL,0,0,0.0,0.0,0.0,4.17,6.89,CENTER_DUAL,303.7,-16.3,1.0,,
19:00:41.958,4.9,MANUAL,0,0,0.0,0.0,0.0,4.17,6.89,CENTER_DUAL,304.5,-15.5,1.0,,
19:00:43.058,5.0,MANUAL,0,0,0.0,0.0,0.0,4.17,6.89,CENTER_DUAL,305.1,-14.9,1.0,,
19:00:44.181,5.8,MANUAL,0,0,0.0,0.0,0.0,4.17,6.89,CENTER_DUAL,305.5,-14.5,1.0,,
19:00:45.202,6.4,MANUAL,0,0,0.0,0.0,0.0,4.17,6.89,CENTER_DUAL,305.8,-14.2,1.0,,
19:00:46.294,6.4,MANUAL,0,0,0.0,0.0,0.0,4.17,6.89,CENTER_DUAL,306.1,-13.9,1.0,,
19:00:47.418,6.5,MANUAL,0,0,0.0,0.0,0.0,4.17,6.89,CENTER_DUAL,306.3,-13.7,1.0,,
19:00:48.498,6.4,MANUAL,0,0,0.0,0.0,0.0,4.17,6.89,CENTER_DUAL,306.5,-13.5,1.0,,
19:00:49.586,6.3,MANUAL,0,0,0.0,0.0,0.0,4.17,6.89,CENTER_DUAL,306.7,-13.3,1.0,,
19:00:50.660,6.4,MANUAL,0,0,0.0,0.0,0.0,4.17,6.89,CENTER_DUAL,306.8,-13.2,1.0,,
19:00:51.751,6.4,MANUAL,0,0,0.0,0.0,0.0,4.17,6.89,CENTER_DUAL,306.8,-13.2,1.0,,
19:00:52.847,6.4,MANUAL,0,0,0.0,0.0,0.0,4.17,6.89,CENTER_DUAL,306.7,-13.3,1.0,,
19:00:53.918,6.5,MANUAL,0,0,0.0,0.0,0.0,4.17,6.89,CENTER_DUAL,306.7,-13.3,1.0,,
19:00:55.005,6.4,MANUAL,0,0,0.0,0.0,0.0,4.17,6.89,CENTER_DUAL,306.7,-13.3,1.0,,
19:00:56.092,6.4,MANUAL,0,0,0.0,0.0,0.0,4.17,6.89,CENTER_DUAL,306.8,-13.2,1.0,,
19:00:57.169,7.2,MANUAL,0,0,0.0,0.0,0.0,4.17,6.89,CENTER_DUAL,306.8,-13.2,1.0,,
19:00:58.293,5.9,MANUAL,0,0,0.0,0.0,0.0,4.17,6.89,CENTER_DUAL,306.9,-13.1,1.0,,
19:00:59.396,6.4,MANUAL,0,0,0.0,0.0,0.0,4.17,6.89,CENTER_DUAL,306.9,-13.1,1.0,,
19:01:00.502,6.4,MANUAL,0,0,0.0,0.0,0.0,4.17,6.89,CENTER_DUAL,306.9,-13.1,1.0,,
19:01:01.548,7.1,MANUAL,0,0,0.0,0.0,0.0,4.17,6.89,CENTER_DUAL,306.8,-13.2,1.0,,
19:01:02.626,6.4,MANUAL,0,0,0.0,0.0,0.0,4.17,6.89,CENTER_DUAL,306.8,-13.2,1.0,,
19:01:03.719,6.5,MANUAL,0,0,0.0,0.0,0.0,4.17,6.89,CENTER_DUAL,306.8,-13.2,1.0,,
19:01:04.846,6.4,MANUAL,0,0,0.0,0.0,0.0,4.17,6.89,CENTER_DUAL,306.9,-13.1,1.0,,
19:01:05.946,6.4,MANUAL,0,0,0.0,0.0,0.0,4.17,6.89,CENTER_DUAL,306.9,-13.1,1.0,,
19:01:07.040,6.5,MANUAL,0,0,0.0,0.0,0.0,4.17,6.89,CENTER_DUAL,306.9,-13.1,1.0,,
19:01:08.124,6.4,MANUAL,0,0,0.0,0.0,0.0,4.17,6.89,CENTER_DUAL,306.9,-13.1,1.0,,
19:01:09.197,6.4,MANUAL,0,0,0.0,0.0,0.0,4.17,6.89,CENTER_DUAL,306.8,-13.2,1.0,,
19:01:10.300,5.7,MANUAL,0,0,0.0,0.0,0.0,4.17,6.89,CENTER_DUAL,306.8,-13.2,1.0,,
19:01:11.380,7.1,MANUAL,0,0,0.0,0.0,0.0,4.17,6.89,CENTER_DUAL,306.8,-13.2,1.0,,
19:01:12.439,5.8,MANUAL,0,0,0.0,0.0,0.0,4.17,6.89,CENTER_DUAL,306.8,-13.2,1.0,,
19:01:13.517,7.1,MANUAL,0,0,0.0,0.0,0.0,4.17,6.89,CENTER_DUAL,306.8,-13.2,1.0,,
19:01:14.623,6.5,MANUAL,0,0,0.0,0.0,0.0,4.17,6.89,CENTER_DUAL,306.7,-13.3,1.0,,
19:01:15.728,6.4,MANUAL,0,0,0.0,0.0,0.0,4.17,6.89,CENTER_DUAL,306.7,-13.3,1.0,,
19:01:16.848,6.3,MANUAL,0,0,0.0,0.0,0.0,4.17,6.89,CENTER_DUAL,306.7,-13.3,1.0,,
19:01:17.934,6.5,MANUAL,0,0,0.0,0.0,0.0,4.17,6.89,CENTER_DUAL,306.7,-13.3,1.0,,
19:01:19.029,6.4,MANUAL,0,0,0.0,0.0,0.0,4.17,6.89,CENTER_DUAL,306.8,-13.2,1.0,,
19:01:20.115,6.5,MANUAL,0,0,0.0,0.0,0.0,4.17,6.89,CENTER_DUAL,306.8,-13.2,1.0,,
19:01:21.247,5.9,MANUAL,0,0,0.0,0.0,0.0,4.17,6.89,CENTER_DUAL,306.9,-13.1,1.0,,
19:01:22.349,5.8,MANUAL,0,0,0.0,0.0,0.0,4.17,6.89,CENTER_DUAL,306.9,-13.1,1.0,,
19:01:23.453,6.4,MANUAL,0,0,0.0,0.0,0.0,4.17,6.89,CENTER_DUAL,306.9,-13.1,1.0,,
19:01:24.574,6.4,MANUAL,0,0,0.0,0.0,0.0,4.17,6.89,CENTER_DUAL,306.8,-13.2,1.0,,
19:01:25.672,6.3,MANUAL,0,0,0.0,0.0,0.0,4.17,6.89,CENTER_DUAL,306.8,-13.2,1.0,,
19:01:26.803,6.3,MANUAL,0,0,0.0,0.0,0.0,4.17,6.89,CENTER_DUAL,306.8,-13.2,1.0,,
19:01:27.924,6.4,MANUAL,0,0,0.0,0.0,0.0,4.17,6.89,CENTER_DUAL,306.8,-13.2,1.0,,
19:01:29.055,6.4,MANUAL,0,0,0.0,0.0,0.0,4.17,6.89,CENTER_DUAL,306.8,-13.2,1.0,,
19:01:30.171,6.3,MANUAL,0,0,0.0,0.0,0.0,4.17,6.89,CENTER_DUAL,306.8,-13.2,1.0,,
19:01:31.297,6.4,MANUAL,0,0,0.0,0.0,0.0,4.17,6.89,CENTER_DUAL,306.8,-13.2,1.0,,
19:01:32.397,6.4,MANUAL,0,0,0.0,0.0,0.0,4.17,6.89,CENTER_DUAL,306.7,-13.3,1.0,,
19:01:33.541,6.4,MANUAL,0,0,0.0,0.0,0.0,4.17,6.89,CENTER_DUAL,306.8,-13.2,1.0,,
19:01:34.688,5.9,MANUAL,0,0,0.0,0.0,0.0,4.17,6.89,CENTER_DUAL,306.7,-13.3,1.0,,
19:01:35.807,6.2,MANUAL,0,0,0.0,0.0,0.0,4.17,6.89,CENTER_DUAL,306.7,-13.3,1.0,,
19:01:36.937,6.3,MANUAL,0,0,0.0,0.0,0.0,4.17,6.89,CENTER_DUAL,306.7,-13.3,1.0,,
19:01:38.063,6.3,MANUAL,0,0,0.0,0.0,0.0,4.17,6.89,CENTER_DUAL,306.7,-13.3,1.0,,
19:01:39.225,6.3,MANUAL,0,0,0.0,0.0,0.0,4.17,6.89,CENTER_DUAL,306.7,-13.3,1.0,,
19:01:40.362,5.8,MANUAL,0,0,0.0,0.0,0.0,4.17,6.89,CENTER_DUAL,306.6,-13.4,1.0,,
19:01:41.512,6.6,MANUAL,0,0,0.0,0.0,0.0,4.17,6.89,CENTER_DUAL,306.6,-13.4,1.0,,
19:01:42.597,6.5,MANUAL,0,0,0.0,0.0,0.0,4.17,6.89,CENTER_DUAL,306.6,-13.4,1.0,,
19:01:43.760,5.9,MANUAL,0,0,0.0,0.0,0.0,4.17,6.89,CENTER_DUAL,306.5,-13.5,1.0,,
19:01:44.900,6.5,MANUAL,0,0,0.0,0.0,0.0,4.17,6.89,CENTER_DUAL,306.5,-13.5,1.0,,
19:01:46.030,6.4,MANUAL,0,0,0.0,0.0,0.0,4.17,6.89,CENTER_DUAL,306.5,-13.5,1.0,,
19:01:47.180,6.3,MANUAL,0,0,0.0,0.0,0.0,4.17,6.89,CENTER_DUAL,306.5,-13.5,1.0,,
19:01:48.286,6.4,MANUAL,0,0,0.0,0.0,0.0,4.17,6.89,CENTER_DUAL,306.5,-13.5,1.0,,
19:01:49.426,5.8,MANUAL,0,0,0.0,0.0,0.0,4.17,6.89,CENTER_DUAL,306.5,-13.5,1.0,,
19:01:50.545,6.4,MANUAL,0,0,0.0,0.0,0.0,4.17,6.89,CENTER_DUAL,306.6,-13.4,1.0,,
19:01:51.683,6.5,MANUAL,0,0,0.0,0.0,0.0,4.17,6.89,CENTER_DUAL,306.6,-13.4,1.0,,
19:01:52.757,7.1,MANUAL,0,0,0.0,0.0,0.0,4.17,6.89,CENTER_DUAL,306.7,-13.3,1.0,,
19:01:53.885,6.5,MANUAL,0,0,0.0,0.0,0.0,4.17,6.89,CENTER_DUAL,306.8,-13.2,1.0,,
19:01:54.986,6.4,MANUAL,0,0,0.0,0.0,0.0,4.17,6.89,CENTER_DUAL,306.9,-13.1,1.0,,
19:01:56.091,6.3,MANUAL,0,0,0.0,0.0,0.0,4.17,6.89,CENTER_DUAL,306.9,-13.1,1.0,,
19:01:57.225,6.4,MANUAL,0,0,0.0,0.0,0.0,4.17,6.89,CENTER_DUAL,306.9,-13.1,1.0,,
19:01:58.329,6.5,MANUAL,0,0,0.0,0.0,0.0,4.17,6.89,CENTER_DUAL,306.9,-13.1,1.0,,
19:01:59.411,6.5,MANUAL,0,0,0.0,0.0,0.0,4.17,6.89,CENTER_DUAL,306.9,-13.1,1.0,,
19:02:00.494,6.5,MANUAL,0,0,0.0,0.0,0.0,4.17,6.89,CENTER_DUAL,306.9,-13.1,1.0,,
19:02:01.558,6.4,MANUAL,0,0,0.0,0.0,0.0,4.17,6.89,CENTER_DUAL,306.9,-13.1,1.0,,
19:02:02.632,6.3,MANUAL,0,0,0.0,0.0,0.0,4.17,6.89,CENTER_DUAL,307.0,-13.0,1.0,,
19:02:03.683,6.3,MANUAL,0,0,0.0,0.0,0.0,4.17,6.89,CENTER_DUAL,307.0,-13.0,1.0,,
19:02:04.796,6.4,MANUAL,0,0,0.0,0.0,0.0,4.17,6.89,CENTER_DUAL,307.0,-13.0,1.0,,
19:02:05.935,5.9,MANUAL,0,0,0.0,0.0,0.0,4.17,6.89,CENTER_DUAL,307.0,-13.0,1.0,,
19:02:07.035,6.3,MANUAL,0,0,0.0,0.0,0.0,4.17,6.89,CENTER_DUAL,307.0,-13.0,1.0,,
19:02:08.169,6.3,MANUAL,0,0,0.0,0.0,0.0,4.17,6.89,CENTER_DUAL,306.9,-13.1,1.0,,
19:02:09.299,5.8,MANUAL,0,0,0.0,0.0,0.0,4.17,6.89,CENTER_DUAL,306.9,-13.1,1.0,,
19:02:10.423,5.8,MANUAL,0,0,0.0,0.0,0.0,4.17,6.89,CENTER_DUAL,306.9,-13.1,1.0,,
19:02:11.546,6.4,MANUAL,0,0,0.0,0.0,0.0,4.17,6.89,CENTER_DUAL,306.9,-13.1,1.0,,
19:02:12.681,6.4,MANUAL,0,0,0.0,0.0,0.0,4.17,6.89,CENTER_DUAL,306.9,-13.1,1.0,,
19:02:13.784,6.3,MANUAL,0,0,0.0,0.0,0.0,4.17,6.89,CENTER_DUAL,306.9,-13.1,1.0,,
19:02:14.934,6.5,MANUAL,0,0,0.0,0.0,0.0,4.17,6.89,CENTER_DUAL,307.0,-13.0,1.0,,
19:02:16.029,6.4,MANUAL,0,0,0.0,0.0,0.0,4.17,6.89,CENTER_DUAL,307.0,-13.0,1.0,,
19:02:17.143,6.5,MANUAL,0,0,0.0,0.0,0.0,4.17,6.89,CENTER_DUAL,307.0,-13.0,1.0,,
19:02:18.267,6.4,MANUAL,0,0,0.0,0.0,0.0,4.17,6.89,CENTER_DUAL,307.0,-13.0,1.0,,
19:02:19.351,6.4,MANUAL,0,0,0.0,0.0,0.0,4.17,6.89,CENTER_DUAL,307.1,-12.9,1.0,,
19:02:20.377,5.9,MANUAL,0,0,0.0,0.0,0.0,4.17,6.89,CENTER_DUAL,307.2,-12.8,1.0,,
19:02:21.515,6.4,MANUAL,0,0,0.0,0.0,0.0,4.17,6.89,CENTER_DUAL,307.2,-12.8,1.0,,
19:02:22.653,6.4,MANUAL,0,0,0.0,0.0,0.0,4.17,6.89,CENTER_DUAL,307.3,-12.7,1.0,,
19:02:23.749,6.4,MANUAL,0,0,0.0,0.0,0.0,4.17,6.89,CENTER_DUAL,307.3,-12.7,1.0,,
19:02:24.893,6.5,MANUAL,0,0,0.0,0.0,0.0,4.17,6.89,CENTER_DUAL,307.5,-12.5,1.0,,
19:02:26.035,6.4,MANUAL,0,0,0.0,0.0,0.0,4.17,6.89,CENTER_DUAL,307.5,-12.5,1.0,,
19:02:27.164,6.3,MANUAL,0,0,0.0,0.0,0.0,4.17,6.89,CENTER_DUAL,307.5,-12.5,1.0,,
19:02:28.276,6.4,MANUAL,0,0,0.0,0.0,0.0,4.17,6.89,CENTER_DUAL,307.5,-12.5,1.0,,
19:02:29.390,6.4,MANUAL,0,0,0.0,0.0,0.0,4.17,6.89,CENTER_DUAL,307.5,-12.5,1.0,,
19:02:30.496,6.4,MANUAL,0,0,0.0,0.0,0.0,4.17,6.89,CENTER_DUAL,307.5,-12.5,1.0,,
19:02:31.615,6.4,MANUAL,0,0,0.0,0.0,0.0,4.17,6.89,CENTER_DUAL,307.6,-12.4,1.0,,
19:02:32.758,5.8,MANUAL,0,0,0.0,0.0,0.0,4.17,6.89,CENTER_DUAL,307.6,-12.4,1.0,,
19:02:33.851,5.8,MANUAL,0,0,0.0,0.0,0.0,4.17,6.89,CENTER_DUAL,307.7,-12.3,1.0,,
19:02:34.942,6.4,MANUAL,0,0,0.0,0.0,0.0,4.17,6.89,CENTER_DUAL,307.7,-12.3,1.0,,
19:02:36.029,6.4,MANUAL,0,0,0.0,0.0,0.0,4.17,6.89,CENTER_DUAL,307.7,-12.3,1.0,,
19:02:37.163,6.4,MANUAL,0,0,0.0,0.0,0.0,4.17,6.89,CENTER_DUAL,307.7,-12.3,1.0,,
19:02:38.282,6.5,MANUAL,0,0,0.0,0.0,0.0,4.17,6.89,CENTER_DUAL,307.7,-12.3,1.0,,
19:02:39.395,6.5,MANUAL,0,0,0.0,0.0,0.0,4.17,6.89,CENTER_DUAL,307.7,-12.3,1.0,,
19:02:40.497,6.4,MANUAL,0,0,0.0,0.0,0.0,4.17,6.89,CENTER_DUAL,307.7,-12.3,1.0,,
19:02:41.618,5.9,MANUAL,0,0,0.0,0.0,0.0,4.17,6.89,CENTER_DUAL,307.7,-12.3,1.0,,
19:02:42.627,5.9,MANUAL,0,0,0.0,0.0,0.0,4.17,6.89,CENTER_DUAL,307.8,-12.2,1.0,,
19:02:43.736,6.4,MANUAL,0,0,0.0,0.0,0.0,4.17,6.89,CENTER_DUAL,307.8,-12.2,1.0,,
19:02:44.738,5.9,MANUAL,0,0,0.0,0.0,0.0,4.17,6.89,CENTER_DUAL,307.8,-12.2,1.0,,
19:02:45.849,6.4,MANUAL,0,0,0.0,0.0,0.0,4.17,6.89,CENTER_DUAL,307.7,-12.3,1.0,,
19:02:46.908,7.0,MANUAL,0,0,0.0,0.0,0.0,4.17,6.89,CENTER_DUAL,307.7,-12.3,1.0,,
19:02:47.938,6.5,MANUAL,0,0,0.0,0.0,0.0,4.17,6.89,CENTER_DUAL,307.7,-12.3,1.0,,
19:02:49.017,6.4,MANUAL,0,0,0.0,0.0,0.0,4.17,6.89,CENTER_DUAL,307.7,-12.3,1.0,,
19:02:50.079,6.5,MANUAL,0,0,0.0,0.0,0.0,4.17,6.89,CENTER_DUAL,307.7,-12.3,1.0,,
19:02:51.155,6.5,MANUAL,0,0,0.0,0.0,0.0,4.17,6.89,CENTER_DUAL,307.8,-12.2,1.0,,
19:02:52.257,6.4,MANUAL,0,0,0.0,0.0,0.0,4.17,6.89,CENTER_DUAL,307.8,-12.2,1.0,,
19:02:53.315,6.4,MANUAL,0,0,0.0,0.0,0.0,4.17,6.89,CENTER_DUAL,307.8,-12.2,1.0,,
19:02:54.420,6.4,MANUAL,0,0,0.0,0.0,0.0,4.17,6.89,CENTER_DUAL,307.8,-12.2,1.0,,
19:02:55.511,6.5,MANUAL,0,0,0.0,0.0,0.0,4.17,6.89,CENTER_DUAL,307.8,-12.2,1.0,,
19:02:56.592,7.1,MANUAL,0,0,0.0,0.0,0.0,4.17,6.89,CENTER_DUAL,307.9,-12.1,1.0,,
19:02:57.669,5.8,MANUAL,0,0,0.0,0.0,0.0,4.17,6.89,CENTER_DUAL,307.9,-12.1,1.0,,
19:02:58.731,6.4,MANUAL,0,0,0.0,0.0,0.0,4.17,6.89,CENTER_DUAL,307.9,-12.1,1.0,,
19:02:59.824,6.4,MANUAL,0,0,0.0,0.0,0.0,4.17,6.89,CENTER_DUAL,307.9,-12.1,1.0,,
19:03:00.914,6.4,MANUAL,0,0,0.0,0.0,0.0,4.17,6.89,CENTER_DUAL,307.9,-12.1,1.0,,
19:03:02.008,6.3,MANUAL,0,0,0.0,0.0,0.0,4.17,6.89,CENTER_DUAL,307.9,-12.1,1.0,,
19:03:03.110,6.4,MANUAL,0,0,0.0,0.0,0.0,4.17,6.89,CENTER_DUAL,307.9,-12.1,1.0,,
19:03:04.199,6.4,MANUAL,0,0,0.0,0.0,0.0,4.17,6.89,CENTER_DUAL,307.9,-12.1,1.0,,
19:03:05.277,6.4,MANUAL,0,0,0.0,0.0,0.0,4.17,6.89,CENTER_DUAL,308.0,-12.0,1.0,,
19:03:06.399,5.8,MANUAL,0,0,0.0,0.0,0.0,4.17,6.89,CENTER_DUAL,308.0,-12.0,1.0,,
19:03:07.484,6.4,MANUAL,0,0,0.0,0.0,0.0,4.17,6.89,CENTER_DUAL,308.1,-11.9,1.0,,
19:03:08.570,6.3,MANUAL,0,0,0.0,0.0,0.0,4.17,6.89,CENTER_DUAL,308.0,-12.0,1.0,,
19:03:09.634,6.4,MANUAL,0,0,0.0,0.0,0.0,4.17,6.89,CENTER_DUAL,308.0,-12.0,1.0,,
19:03:10.715,6.5,MANUAL,0,0,0.0,0.0,0.0,4.17,6.89,CENTER_DUAL,308.1,-11.9,1.0,,
19:03:11.797,7.1,MANUAL,0,0,0.0,0.0,0.0,4.17,6.89,CENTER_DUAL,308.1,-11.9,1.0,,
19:03:12.909,6.4,MANUAL,0,0,0.0,0.0,0.0,4.17,6.89,CENTER_DUAL,308.2,-11.8,1.0,,
19:03:13.998,6.3,MANUAL,0,0,0.0,0.0,0.0,4.17,6.89,CENTER_DUAL,308.2,-11.8,1.0,,
19:03:15.064,7.0,MANUAL,0,0,0.0,0.0,0.0,4.17,6.89,CENTER_DUAL,308.3,-11.7,1.0,,
19:03:16.177,6.5,MANUAL,0,0,0.0,0.0,0.0,4.17,6.89,CENTER_DUAL,308.3,-11.7,1.0,,
19:03:17.243,6.4,MANUAL,0,0,0.0,0.0,0.0,4.17,6.89,CENTER_DUAL,308.3,-11.7,1.0,,
19:03:18.350,6.5,MANUAL,0,0,0.0,0.0,0.0,4.17,6.89,CENTER_DUAL,308.2,-11.8,1.0,,
19:03:19.463,6.5,MANUAL,0,0,0.0,0.0,0.0,4.17,6.89,CENTER_DUAL,308.1,-11.9,1.0,,
19:03:20.561,6.4,MANUAL,0,0,0.0,0.0,0.0,4.17,6.89,CENTER_DUAL,308.1,-11.9,1.0,,
19:03:21.654,6.5,MANUAL,0,0,0.0,0.0,0.0,4.17,6.89,CENTER_DUAL,308.2,-11.8,1.0,,
19:03:22.688,7.0,MANUAL,0,0,0.0,0.0,0.0,4.17,6.89,CENTER_DUAL,308.2,-11.8,1.0,,
19:03:23.758,6.4,MANUAL,0,0,0.0,0.0,0.0,4.17,6.89,CENTER_DUAL,308.3,-11.7,1.0,,
19:03:24.811,6.4,MANUAL,0,0,0.0,0.0,0.0,4.17,6.89,CENTER_DUAL,308.3,-11.7,1.0,,
19:03:25.852,7.1,MANUAL,0,0,0.0,0.0,0.0,4.17,6.89,CENTER_DUAL,308.3,-11.7,1.0,,
19:03:26.897,7.2,MANUAL,0,0,0.0,0.0,0.0,4.17,6.89,CENTER_DUAL,308.3,-11.7,1.0,,
19:03:27.953,6.4,MANUAL,0,0,0.0,0.0,0.0,4.17,6.89,CENTER_DUAL,308.4,-11.6,1.0,,
19:03:29.010,7.2,MANUAL,0,0,0.0,0.0,0.0,4.17,6.89,CENTER_DUAL,308.6,-11.4,1.0,,
19:03:30.031,6.4,MANUAL,0,0,0.0,0.0,0.0,4.17,6.89,CENTER_DUAL,308.7,-11.3,1.0,,
19:03:31.078,7.1,MANUAL,0,0,0.0,0.0,0.0,4.17,6.89,CENTER_DUAL,308.7,-11.3,1.0,,
19:03:32.132,6.4,MANUAL,0,0,0.0,0.0,0.0,4.17,6.89,CENTER_DUAL,308.6,-11.4,1.0,,
19:03:33.140,7.2,MANUAL,0,0,0.0,0.0,0.0,4.17,6.89,CENTER_DUAL,308.5,-11.5,1.0,,
19:03:34.166,6.5,MANUAL,0,0,0.0,0.0,0.0,4.17,6.89,CENTER_DUAL,308.4,-11.6,1.0,,
19:03:35.217,6.5,MANUAL,0,0,0.0,0.0,0.0,4.17,6.89,CENTER_DUAL,308.3,-11.7,1.0,,
19:03:36.263,7.0,MANUAL,0,0,0.0,0.0,0.0,4.17,6.89,CENTER_DUAL,308.3,-11.7,1.0,,
19:03:37.297,7.1,MANUAL,0,0,0.0,0.0,0.0,4.17,6.89,CENTER_DUAL,308.3,-11.7,1.0,,
19:03:38.361,6.4,MANUAL,0,0,0.0,0.0,0.0,4.17,6.89,CENTER_DUAL,308.5,-11.5,1.0,,
19:03:39.414,7.1,MANUAL,0,0,0.0,0.0,0.0,4.17,6.89,CENTER_DUAL,308.5,-11.5,1.0,,
19:03:40.466,6.4,MANUAL,0,0,0.0,0.0,0.0,4.17,6.89,CENTER_DUAL,308.5,-11.5,1.0,,
19:03:41.502,7.0,MANUAL,0,0,0.0,0.0,0.0,4.17,6.89,CENTER_DUAL,308.5,-11.5,1.0,,
19:03:42.581,5.9,MANUAL,0,0,0.0,0.0,0.0,4.17,6.89,CENTER_DUAL,308.6,-11.4,1.0,,
19:03:43.624,6.3,MANUAL,0,0,0.0,0.0,0.0,4.17,6.89,CENTER_DUAL,308.6,-11.4,1.0,,
19:03:44.650,6.4,MANUAL,0,0,0.0,0.0,0.0,4.17,6.89,CENTER_DUAL,308.7,-11.3,1.0,,
19:03:45.749,6.4,MANUAL,0,0,0.0,0.0,0.0,4.17,6.89,CENTER_DUAL,308.7,-11.3,1.0,,
19:03:46.830,7.2,MANUAL,0,0,0.0,0.0,0.0,4.17,6.89,CENTER_DUAL,308.8,-11.2,1.0,,
19:03:47.867,7.2,MANUAL,0,0,0.0,0.0,0.0,4.17,6.89,CENTER_DUAL,308.8,-11.2,1.0,,
19:03:48.878,7.2,MANUAL,0,0,0.0,0.0,0.0,4.17,6.89,CENTER_DUAL,308.7,-11.3,1.0,,
19:03:49.963,6.3,MANUAL,0,0,0.0,0.0,0.0,4.17,6.89,CENTER_DUAL,308.4,-11.6,1.0,,
19:03:51.010,6.4,MANUAL,0,0,0.0,0.0,0.0,4.17,6.89,CENTER_DUAL,308.3,-11.7,1.0,,
19:03:52.069,6.5,MANUAL,0,0,0.0,0.0,0.0,4.17,6.89,CENTER_DUAL,308.3,-11.7,1.0,,
19:03:53.116,6.4,MANUAL,0,0,0.0,0.0,0.0,4.17,6.89,CENTER_DUAL,308.3,-11.7,1.0,,
19:03:54.136,7.2,MANUAL,0,0,0.0,0.0,0.0,4.17,6.89,CENTER_DUAL,308.2,-11.8,1.0,,
19:03:55.178,6.3,MANUAL,0,0,0.0,0.0,0.0,4.17,6.89,CENTER_DUAL,308.1,-11.9,1.0,,
19:03:56.231,6.4,MANUAL,0,0,0.0,0.0,0.0,4.17,6.89,CENTER_DUAL,308.0,-12.0,1.0,,
19:03:57.300,6.4,MANUAL,0,0,0.0,0.0,0.0,4.17,6.89,CENTER_DUAL,307.9,-12.1,1.0,,
19:03:58.368,6.3,MANUAL,0,0,0.0,0.0,0.0,4.17,6.89,CENTER_DUAL,307.9,-12.1,1.0,,
19:03:59.416,7.1,MANUAL,0,0,0.0,0.0,0.0,4.17,6.89,CENTER_DUAL,308.0,-12.0,1.0,,
19:04:00.474,7.0,MANUAL,0,0,0.0,0.0,0.0,4.17,6.89,CENTER_DUAL,308.0,-12.0,1.0,,
19:04:01.530,6.5,MANUAL,0,0,0.0,0.0,0.0,4.17,6.89,CENTER_DUAL,308.0,-12.0,1.0,,
19:04:02.600,6.4,MANUAL,0,0,0.0,0.0,0.0,4.17,6.89,CENTER_DUAL,307.9,-12.1,1.0,,
19:04:03.640,7.0,MANUAL,0,0,0.0,0.0,0.0,4.17,6.89,CENTER_DUAL,307.8,-12.2,1.0,,
19:04:04.699,7.1,MANUAL,0,0,0.0,0.0,0.0,4.17,6.89,CENTER_DUAL,307.7,-12.3,1.0,,
19:04:05.753,7.2,MANUAL,0,0,0.0,0.0,0.0,4.17,6.89,CENTER_DUAL,307.5,-12.5,1.0,,
19:04:06.815,7.1,MANUAL,0,0,0.0,0.0,0.0,4.17,6.89,CENTER_DUAL,307.6,-12.4,1.0,,
19:04:07.881,6.4,MANUAL,0,0,0.0,0.0,0.0,4.17,6.89,CENTER_DUAL,307.7,-12.3,1.0,,
19:04:08.928,7.1,MANUAL,0,0,0.0,0.0,0.0,4.17,6.89,CENTER_DUAL,307.9,-12.1,1.0,,
19:04:09.985,7.1,MANUAL,0,0,0.0,0.0,0.0,4.17,6.89,CENTER_DUAL,308.0,-12.0,1.0,,
19:04:11.018,7.1,MANUAL,0,0,0.0,0.0,0.0,4.17,6.89,CENTER_DUAL,308.1,-11.9,1.0,,
19:04:12.061,6.4,MANUAL,0,0,0.0,0.0,0.0,4.17,6.89,CENTER_DUAL,308.3,-11.7,1.0,,
19:04:13.110,6.4,MANUAL,0,0,0.0,0.0,0.0,4.17,6.89,CENTER_DUAL,308.7,-11.3,1.0,,
19:04:14.142,6.5,MANUAL,0,0,0.0,0.0,0.0,4.17,6.89,CENTER_DUAL,309.1,-10.9,1.0,,
19:04:15.204,6.4,MANUAL,0,0,0.0,0.0,0.0,4.17,6.89,CENTER_DUAL,309.6,-10.4,1.0,,
19:04:16.236,7.2,MANUAL,0,0,0.0,0.0,0.0,4.17,6.89,CENTER_DUAL,310.4,-9.6,1.0,,
19:04:17.283,7.1,MANUAL,0,0,0.0,0.0,0.0,4.17,6.89,CENTER_DUAL,320.0,0.0,1.0,,
19:04:18.385,6.5,MANUAL,0,0,0.0,0.0,0.0,4.17,6.89,CENTER_DUAL,383.6,63.6,1.0,,
19:04:19.477,6.4,MANUAL,0,0,0.0,0.0,0.0,4.17,6.89,CENTER_DUAL,405.5,85.5,1.0,,
19:04:20.541,6.3,MANUAL,0,0,0.0,0.0,0.0,4.17,6.89,CENTER_DUAL,407.1,87.1,1.0,,
19:04:21.633,6.5,MANUAL,0,0,0.0,0.0,0.0,4.17,6.89,CENTER_DUAL,408.3,88.3,1.0,,
19:04:22.708,6.4,MANUAL,0,0,0.0,0.0,0.0,4.17,6.89,CENTER_DUAL,282.3,-37.7,1.0,,
19:04:23.769,6.5,MANUAL,0,0,0.0,0.0,0.0,4.17,6.89,CENTER_DUAL,272.4,-47.6,1.0,,
19:04:24.859,6.4,MANUAL,0,0,0.0,0.0,0.0,4.17,6.89,CENTER_DUAL,270.9,-49.1,1.0,,
19:04:25.916,7.2,MANUAL,0,0,0.0,0.0,0.0,4.17,6.89,CENTER_DUAL,269.6,-50.4,1.0,,
19:04:26.996,6.4,MANUAL,0,0,0.0,0.0,0.0,4.17,6.89,CENTER_DUAL,268.6,-51.4,1.0,,
19:04:28.061,6.2,MANUAL,0,0,0.0,0.0,0.0,4.17,6.89,CENTER_DUAL,267.7,-52.3,1.0,,
19:04:29.112,6.3,MANUAL,0,0,0.0,0.0,0.0,4.17,6.89,CENTER_DUAL,267.1,-52.9,1.0,,
19:04:30.208,6.4,MANUAL,0,0,0.0,0.0,0.0,4.17,6.89,CENTER_DUAL,266.7,-53.3,1.0,,
19:04:31.256,7.1,MANUAL,0,0,0.0,0.0,0.0,4.17,6.89,CENTER_DUAL,266.5,-53.5,1.0,,
19:04:32.354,6.5,MANUAL,0,0,0.0,0.0,0.0,4.17,6.89,CENTER_DUAL,266.3,-53.7,1.0,,
19:04:33.435,6.4,MANUAL,0,0,0.0,0.0,0.0,4.17,6.89,CENTER_DUAL,266.1,-53.9,1.0,,
19:04:34.468,6.5,MANUAL,0,0,0.0,0.0,0.0,4.17,6.89,CENTER_DUAL,266.0,-54.0,1.0,,
19:04:35.619,7.1,MANUAL,0,0,0.0,0.0,0.0,4.17,6.89,CENTER_DUAL,265.9,-54.1,1.0,,
19:04:36.655,7.2,MANUAL,0,0,0.0,0.0,0.0,4.17,6.89,CENTER_DUAL,265.9,-54.1,1.0,,
19:04:37.694,7.1,MANUAL,0,0,0.0,0.0,0.0,4.17,6.89,CENTER_DUAL,265.8,-54.2,1.0,,
19:04:38.744,6.4,MANUAL,0,0,0.0,0.0,0.0,4.17,6.89,CENTER_DUAL,265.9,-54.1,1.0,,
19:04:39.815,6.4,MANUAL,0,0,0.0,0.0,0.0,4.17,6.89,CENTER_DUAL,265.9,-54.1,1.0,,
19:04:40.868,6.5,MANUAL,0,0,0.0,0.0,0.0,4.17,6.89,CENTER_DUAL,265.8,-54.2,1.0,,
19:04:41.914,7.1,MANUAL,0,0,0.0,0.0,0.0,4.17,6.89,CENTER_DUAL,265.8,-54.2,1.0,,
19:04:43.030,7.2,MANUAL,0,0,0.0,0.0,0.0,4.17,6.89,CENTER_DUAL,265.7,-54.3,1.0,,
19:04:44.053,6.3,MANUAL,0,0,0.0,0.0,0.0,4.17,6.89,CENTER_DUAL,265.7,-54.3,1.0,,
19:04:45.070,7.1,MANUAL,0,0,0.0,0.0,0.0,4.17,6.89,CENTER_DUAL,265.6,-54.4,1.0,,
19:04:46.073,8.0,MANUAL,0,0,0.0,0.0,0.0,4.17,6.89,CENTER_DUAL,265.5,-54.5,1.0,,
19:04:47.100,6.5,MANUAL,0,0,0.0,0.0,0.0,4.17,6.89,CENTER_DUAL,265.5,-54.5,1.0,,
19:04:48.145,5.8,MANUAL,0,0,0.0,0.0,0.0,4.17,6.89,CENTER_DUAL,265.5,-54.5,1.0,,
19:04:49.180,7.0,MANUAL,0,0,0.0,0.0,0.0,4.17,6.89,CENTER_DUAL,265.5,-54.5,1.0,,
19:04:50.207,7.1,MANUAL,0,0,0.0,0.0,0.0,4.17,6.89,CENTER_DUAL,265.4,-54.6,1.0,,
19:04:51.355,6.5,MANUAL,0,0,0.0,0.0,0.0,4.17,6.89,CENTER_DUAL,265.4,-54.6,1.0,,
19:04:52.359,7.2,MANUAL,0,0,0.0,0.0,0.0,4.17,6.89,CENTER_DUAL,265.4,-54.6,1.0,,
19:04:53.414,6.4,MANUAL,0,0,0.0,0.0,0.0,4.17,6.89,CENTER_DUAL,265.4,-54.6,1.0,,
19:04:54.502,6.3,MANUAL,0,0,0.0,0.0,0.0,4.17,6.89,CENTER_DUAL,265.4,-54.6,1.0,,
19:04:55.577,6.4,MANUAL,0,0,0.0,0.0,0.0,4.17,6.89,CENTER_DUAL,265.4,-54.6,1.0,,
19:04:56.617,7.1,MANUAL,0,0,0.0,0.0,0.0,4.17,6.89,CENTER_DUAL,265.4,-54.6,1.0,,
19:04:57.685,7.1,MANUAL,0,0,0.0,0.0,0.0,4.17,6.89,CENTER_DUAL,265.4,-54.6,1.0,,
19:04:58.749,6.4,MANUAL,0,0,0.0,0.0,0.0,4.17,6.89,CENTER_DUAL,265.3,-54.7,1.0,,
19:04:59.804,6.5,MANUAL,0,0,0.0,0.0,0.0,4.17,6.89,CENTER_DUAL,265.3,-54.7,1.0,,
19:05:00.834,7.0,MANUAL,0,0,0.0,0.0,0.0,4.17,6.89,CENTER_DUAL,265.3,-54.7,1.0,,
19:05:01.889,6.4,MANUAL,0,0,0.0,0.0,0.0,4.17,6.89,CENTER_DUAL,265.3,-54.7,1.0,,
19:05:02.920,6.4,MANUAL,0,0,0.0,0.0,0.0,4.17,6.89,CENTER_DUAL,265.3,-54.7,1.0,,
19:05:03.956,7.1,MANUAL,0,0,0.0,0.0,0.0,4.17,6.89,CENTER_DUAL,265.3,-54.7,1.0,,
19:05:04.968,7.1,MANUAL,0,0,0.0,0.0,0.0,4.17,6.89,CENTER_DUAL,265.2,-54.8,1.0,,
19:05:05.970,7.1,MANUAL,0,0,0.0,0.0,0.0,4.17,6.89,CENTER_DUAL,265.2,-54.8,1.0,,
19:05:07.002,7.1,MANUAL,0,0,0.0,0.0,0.0,4.17,6.89,CENTER_DUAL,265.2,-54.8,1.0,,
19:05:08.015,7.1,MANUAL,0,0,0.0,0.0,0.0,4.17,6.89,CENTER_DUAL,265.2,-54.8,1.0,,
19:05:09.048,7.1,MANUAL,0,0,0.0,0.0,0.0,4.17,6.89,CENTER_DUAL,265.2,-54.8,1.0,,
19:05:10.123,6.5,MANUAL,0,0,0.0,0.0,0.0,4.17,6.89,CENTER_DUAL,265.2,-54.8,1.0,,
19:05:11.166,6.5,MANUAL,0,0,0.0,0.0,0.0,4.17,6.89,CENTER_DUAL,265.1,-54.9,1.0,,
19:05:12.200,7.2,MANUAL,0,0,0.0,0.0,0.0,4.17,6.89,CENTER_DUAL,265.1,-54.9,1.0,,
19:05:13.223,7.0,MANUAL,0,0,0.0,0.0,0.0,4.17,6.89,CENTER_DUAL,265.1,-54.9,1.0,,
19:05:14.278,7.2,MANUAL,0,0,0.0,0.0,0.0,4.17,6.89,CENTER_DUAL,265.1,-54.9,1.0,,
19:05:15.330,6.4,MANUAL,0,0,0.0,0.0,0.0,4.17,6.89,CENTER_DUAL,265.1,-54.9,1.0,,
19:05:16.397,6.4,MANUAL,0,0,0.0,0.0,0.0,4.17,6.89,CENTER_DUAL,265.1,-54.9,1.0,,
19:05:17.443,7.1,MANUAL,0,0,0.0,0.0,0.0,4.17,6.89,CENTER_DUAL,265.1,-54.9,1.0,,
19:05:18.480,6.5,MANUAL,0,0,0.0,0.0,0.0,4.17,6.89,CENTER_DUAL,265.1,-54.9,1.0,,
19:05:19.555,6.5,MANUAL,0,0,0.0,0.0,0.0,4.17,6.89,CENTER_DUAL,265.0,-55.0,1.0,,
19:05:20.585,7.2,MANUAL,0,0,0.0,0.0,0.0,4.17,6.89,CENTER_DUAL,265.0,-55.0,1.0,,
19:05:21.635,6.4,MANUAL,0,0,0.0,0.0,0.0,4.17,6.89,CENTER_DUAL,265.0,-55.0,1.0,,
19:05:22.737,5.9,MANUAL,0,0,0.0,0.0,0.0,4.17,6.89,CENTER_DUAL,265.0,-55.0,1.0,,
19:05:23.811,6.4,MANUAL,0,0,0.0,0.0,0.0,4.17,6.89,CENTER_DUAL,265.0,-55.0,1.0,,
19:05:24.887,6.5,MANUAL,0,0,0.0,0.0,0.0,4.17,6.89,CENTER_DUAL,264.9,-55.1,1.0,,
19:05:25.989,6.4,MANUAL,0,0,0.0,0.0,0.0,4.17,6.89,CENTER_DUAL,264.9,-55.1,1.0,,
19:05:27.028,7.2,MANUAL,0,0,0.0,0.0,0.0,4.17,6.89,CENTER_DUAL,264.9,-55.1,1.0,,
19:05:28.103,6.4,MANUAL,0,0,0.0,0.0,0.0,4.17,6.89,CENTER_DUAL,264.9,-55.1,1.0,,
19:05:29.179,6.5,MANUAL,0,0,0.0,0.0,0.0,4.17,6.89,CENTER_DUAL,264.9,-55.1,1.0,,
19:05:30.248,6.4,MANUAL,0,0,0.0,0.0,0.0,4.17,6.89,CENTER_DUAL,264.9,-55.1,1.0,,
19:05:31.306,7.1,MANUAL,0,0,0.0,0.0,0.0,4.17,6.89,CENTER_DUAL,264.9,-55.1,1.0,,
19:05:32.374,7.0,MANUAL,0,0,0.0,0.0,0.0,4.17,6.89,CENTER_DUAL,264.9,-55.1,1.0,,
19:05:33.493,6.4,MANUAL,0,0,0.0,0.0,0.0,4.17,6.89,CENTER_DUAL,264.9,-55.1,1.0,,
19:05:34.555,6.5,MANUAL,0,0,0.0,0.0,0.0,4.17,6.89,CENTER_DUAL,264.8,-55.2,1.0,,
19:05:35.589,6.4,MANUAL,0,0,0.0,0.0,0.0,4.17,6.89,CENTER_DUAL,264.8,-55.2,1.0,,
19:05:36.625,7.1,MANUAL,0,0,0.0,0.0,0.0,4.17,6.89,CENTER_DUAL,264.8,-55.2,1.0,,
19:05:37.640,7.1,MANUAL,0,0,0.0,0.0,0.0,4.17,6.89,CENTER_DUAL,264.8,-55.2,1.0,,
19:05:38.736,6.4,MANUAL,0,0,0.0,0.0,0.0,4.17,6.89,CENTER_DUAL,264.7,-55.3,1.0,,
19:05:39.805,7.0,MANUAL,0,0,0.0,0.0,0.0,4.17,6.89,CENTER_DUAL,264.7,-55.3,1.0,,
19:05:40.874,6.5,MANUAL,0,0,0.0,0.0,0.0,4.17,6.89,CENTER_DUAL,264.7,-55.3,1.0,,
19:05:41.939,6.4,MANUAL,0,0,0.0,0.0,0.0,4.17,6.89,CENTER_DUAL,264.7,-55.3,1.0,,
19:05:43.051,6.4,MANUAL,0,0,0.0,0.0,0.0,4.17,6.89,CENTER_DUAL,264.7,-55.3,1.0,,
19:05:44.131,6.5,MANUAL,0,0,0.0,0.0,0.0,4.17,6.89,CENTER_DUAL,264.7,-55.3,1.0,,
19:05:45.186,6.4,MANUAL,0,0,0.0,0.0,0.0,4.17,6.89,CENTER_DUAL,264.6,-55.4,1.0,,
19:05:46.256,6.5,MANUAL,0,0,0.0,0.0,0.0,4.17,6.89,CENTER_DUAL,264.6,-55.4,1.0,,
19:05:47.355,6.3,MANUAL,0,0,0.0,0.0,0.0,4.17,6.89,CENTER_DUAL,264.6,-55.4,1.0,,
19:05:48.412,7.1,MANUAL,0,0,0.0,0.0,0.0,4.17,6.89,CENTER_DUAL,264.6,-55.4,1.0,,
19:05:49.477,6.5,MANUAL,0,0,0.0,0.0,0.0,4.17,6.89,CENTER_DUAL,264.6,-55.4,1.0,,
19:05:50.508,6.3,MANUAL,0,0,0.0,0.0,0.0,4.17,6.89,CENTER_DUAL,264.6,-55.4,1.0,,
19:05:51.582,6.4,MANUAL,0,0,0.0,0.0,0.0,4.17,6.89,CENTER_DUAL,264.6,-55.4,1.0,,
19:05:52.640,7.1,MANUAL,0,0,0.0,0.0,0.0,4.17,6.89,CENTER_DUAL,264.5,-55.5,1.0,,
19:05:53.720,6.5,MANUAL,0,0,0.0,0.0,0.0,4.17,6.89,CENTER_DUAL,264.5,-55.5,1.0,,
19:05:54.787,6.6,MANUAL,0,0,0.0,0.0,0.0,4.17,6.89,CENTER_DUAL,264.5,-55.5,1.0,,
19:05:55.860,6.3,MANUAL,0,0,0.0,0.0,0.0,4.17,6.89,CENTER_DUAL,264.5,-55.5,1.0,,
19:05:56.920,6.4,MANUAL,0,0,0.0,0.0,0.0,4.17,6.89,CENTER_DUAL,264.5,-55.5,1.0,,
19:05:57.996,6.4,MANUAL,0,0,0.0,0.0,0.0,4.17,6.89,CENTER_DUAL,264.5,-55.5,1.0,,
19:05:59.050,7.1,MANUAL,0,0,0.0,0.0,0.0,4.17,6.89,CENTER_DUAL,264.5,-55.5,1.0,,
19:06:00.128,6.5,MANUAL,0,0,0.0,0.0,0.0,4.17,6.89,CENTER_DUAL,264.4,-55.6,1.0,,
19:06:01.183,7.3,MANUAL,0,0,0.0,0.0,0.0,4.17,6.89,CENTER_DUAL,264.4,-55.6,1.0,,
19:06:02.259,7.1,MANUAL,0,0,0.0,0.0,0.0,4.17,6.89,CENTER_DUAL,264.4,-55.6,1.0,,
19:06:03.322,7.1,MANUAL,0,0,0.0,0.0,0.0,4.17,6.89,CENTER_DUAL,264.4,-55.6,1.0,,
19:06:04.403,6.5,MANUAL,0,0,0.0,0.0,0.0,4.17,6.89,CENTER_DUAL,264.4,-55.6,1.0,,
19:06:05.448,6.5,MANUAL,0,0,0.0,0.0,0.0,4.17,6.89,CENTER_DUAL,264.4,-55.6,1.0,,
19:06:06.524,5.9,MANUAL,0,0,0.0,0.0,0.0,4.17,6.89,CENTER_DUAL,264.4,-55.6,1.0,,
19:06:07.593,6.5,MANUAL,0,0,0.0,0.0,0.0,4.17,6.89,CENTER_DUAL,264.4,-55.6,1.0,,
19:06:08.669,6.3,MANUAL,0,0,0.0,0.0,0.0,4.17,6.89,CENTER_DUAL,264.4,-55.6,1.0,,
19:06:09.765,6.4,MANUAL,0,0,0.0,0.0,0.0,4.17,6.89,CENTER_DUAL,264.4,-55.6,1.0,,
19:06:10.832,6.4,MANUAL,0,0,0.0,0.0,0.0,4.17,6.89,CENTER_DUAL,264.4,-55.6,1.0,,
19:06:11.948,5.9,MANUAL,0,0,0.0,0.0,0.0,4.17,6.89,CENTER_DUAL,264.3,-55.7,1.0,,
19:06:13.055,6.3,MANUAL,0,0,0.0,0.0,0.0,4.17,6.89,CENTER_DUAL,264.3,-55.7,1.0,,
19:06:14.161,6.4,MANUAL,0,0,0.0,0.0,0.0,4.17,6.89,CENTER_DUAL,264.3,-55.7,1.0,,
19:06:15.211,6.5,MANUAL,0,0,0.0,0.0,0.0,4.17,6.89,CENTER_DUAL,264.3,-55.7,1.0,,
19:06:16.287,7.1,MANUAL,0,0,0.0,0.0,0.0,4.17,6.89,CENTER_DUAL,264.3,-55.7,1.0,,
19:06:17.321,6.4,MANUAL,0,0,0.0,0.0,0.0,4.17,6.89,CENTER_DUAL,264.3,-55.7,1.0,,
19:06:18.408,6.4,MANUAL,0,0,0.0,0.0,0.0,4.17,6.89,CENTER_DUAL,264.3,-55.7,1.0,,
19:06:19.471,6.4,MANUAL,0,0,0.0,0.0,0.0,4.17,6.89,CENTER_DUAL,264.3,-55.7,1.0,,
19:06:20.525,5.8,MANUAL,0,0,0.0,0.0,0.0,4.17,6.89,CENTER_DUAL,264.2,-55.8,1.0,,
19:06:21.557,6.4,MANUAL,0,0,0.0,0.0,0.0,4.17,6.89,CENTER_DUAL,264.2,-55.8,1.0,,
19:06:22.606,6.4,MANUAL,0,0,0.0,0.0,0.0,4.17,6.89,CENTER_DUAL,264.2,-55.8,1.0,,
19:06:23.682,7.1,MANUAL,0,0,0.0,0.0,0.0,4.17,6.89,CENTER_DUAL,264.2,-55.8,1.0,,
19:06:24.762,6.4,MANUAL,0,0,0.0,0.0,0.0,4.17,6.89,CENTER_DUAL,264.2,-55.8,1.0,,
19:06:25.807,7.1,MANUAL,0,0,0.0,0.0,0.0,4.17,6.89,CENTER_DUAL,264.2,-55.8,1.0,,
19:06:26.832,7.1,MANUAL,0,0,0.0,0.0,0.0,4.17,6.89,CENTER_DUAL,264.1,-55.9,1.0,,
19:06:27.855,7.2,MANUAL,0,0,0.0,0.0,0.0,4.17,6.89,CENTER_DUAL,264.1,-55.9,1.0,,
19:06:28.856,7.1,MANUAL,0,0,0.0,0.0,0.0,4.17,6.89,CENTER_DUAL,264.1,-55.9,1.0,,
19:06:29.881,6.4,MANUAL,0,0,0.0,0.0,0.0,4.17,6.89,CENTER_DUAL,264.1,-55.9,1.0,,
19:06:30.963,7.2,MANUAL,0,0,0.0,0.0,0.0,4.17,6.89,CENTER_DUAL,264.0,-56.0,1.0,,
19:06:32.013,7.0,MANUAL,0,0,0.0,0.0,0.0,4.17,6.89,CENTER_DUAL,264.0,-56.0,1.0,,
19:06:33.080,6.4,MANUAL,0,0,0.0,0.0,0.0,4.17,6.89,CENTER_DUAL,264.0,-56.0,1.0,,
19:06:34.158,6.4,MANUAL,0,0,0.0,0.0,0.0,4.17,6.89,CENTER_DUAL,264.0,-56.0,1.0,,
19:06:35.180,7.2,MANUAL,0,0,0.0,0.0,0.0,4.17,6.89,CENTER_DUAL,264.0,-56.0,1.0,,
19:06:36.248,6.3,MANUAL,0,0,0.0,0.0,0.0,4.17,6.89,CENTER_DUAL,264.0,-56.0,1.0,,
19:06:37.290,7.1,MANUAL,0,0,0.0,0.0,0.0,4.17,6.89,CENTER_DUAL,263.9,-56.1,1.0,,
19:06:38.382,6.4,MANUAL,0,0,0.0,0.0,0.0,4.17,6.89,CENTER_DUAL,263.9,-56.1,1.0,,
19:06:39.479,6.4,MANUAL,0,0,0.0,0.0,0.0,4.17,6.89,CENTER_DUAL,263.9,-56.1,1.0,,
19:06:40.547,6.4,MANUAL,0,0,0.0,0.0,0.0,4.17,6.89,CENTER_DUAL,263.9,-56.1,1.0,,
19:06:41.581,6.4,MANUAL,0,0,0.0,0.0,0.0,4.17,6.89,CENTER_DUAL,263.9,-56.1,1.0,,
19:06:42.655,7.1,MANUAL,0,0,0.0,0.0,0.0,4.17,6.89,CENTER_DUAL,263.9,-56.1,1.0,,
19:06:43.709,6.4,MANUAL,0,0,0.0,0.0,0.0,4.17,6.89,CENTER_DUAL,263.9,-56.1,1.0,,
19:06:44.760,7.1,MANUAL,0,0,0.0,0.0,0.0,4.17,6.89,CENTER_DUAL,263.9,-56.1,1.0,,
19:06:45.870,6.4,MANUAL,0,0,0.0,0.0,0.0,4.17,6.89,CENTER_DUAL,263.9,-56.1,1.0,,
19:06:46.939,6.5,MANUAL,0,0,0.0,0.0,0.0,4.17,6.89,CENTER_DUAL,263.9,-56.1,1.0,,
19:06:48.036,6.4,MANUAL,0,0,0.0,0.0,0.0,4.17,6.89,CENTER_DUAL,263.9,-56.1,1.0,,
19:06:49.123,6.5,MANUAL,0,0,0.0,0.0,0.0,4.17,6.89,CENTER_DUAL,263.9,-56.1,1.0,,
19:06:50.197,6.4,MANUAL,0,0,0.0,0.0,0.0,4.17,6.89,CENTER_DUAL,263.9,-56.1,1.0,,
19:06:51.285,6.3,MANUAL,0,0,0.0,0.0,0.0,4.17,6.89,CENTER_DUAL,263.9,-56.1,1.0,,
19:06:52.329,6.5,MANUAL,0,0,0.0,0.0,0.0,4.17,6.89,CENTER_DUAL,263.9,-56.1,1.0,,
19:06:53.354,7.1,MANUAL,0,0,0.0,0.0,0.0,4.17,6.89,CENTER_DUAL,263.8,-56.2,1.0,,
19:06:54.386,7.1,MANUAL,0,0,0.0,0.0,0.0,4.17,6.89,CENTER_DUAL,263.8,-56.2,1.0,,
19:06:55.462,6.4,MANUAL,0,0,0.0,0.0,0.0,4.17,6.89,CENTER_DUAL,263.8,-56.2,1.0,,
19:06:56.509,7.0,MANUAL,0,0,0.0,0.0,0.0,4.17,6.89,CENTER_DUAL,263.8,-56.2,1.0,,
19:06:57.600,6.4,MANUAL,0,0,0.0,0.0,0.0,4.17,6.89,CENTER_DUAL,263.8,-56.2,1.0,,
19:06:58.678,6.4,MANUAL,0,0,0.0,0.0,0.0,4.17,6.89,CENTER_DUAL,263.8,-56.2,1.0,,
19:06:59.691,7.0,MANUAL,0,0,0.0,0.0,0.0,4.17,6.89,CENTER_DUAL,263.8,-56.2,1.0,,
19:07:00.765,6.4,MANUAL,0,0,0.0,0.0,0.0,4.17,6.89,CENTER_DUAL,263.7,-56.3,1.0,,
19:07:01.819,7.1,MANUAL,0,0,0.0,0.0,0.0,4.17,6.89,CENTER_DUAL,263.7,-56.3,1.0,,
19:07:02.896,7.0,MANUAL,0,0,0.0,0.0,0.0,4.17,6.89,CENTER_DUAL,263.7,-56.3,1.0,,
19:07:03.972,6.4,MANUAL,0,0,0.0,0.0,0.0,4.17,6.89,CENTER_DUAL,263.7,-56.3,1.0,,
19:07:05.042,6.4,MANUAL,0,0,0.0,0.0,0.0,4.17,6.89,CENTER_DUAL,263.7,-56.3,1.0,,
19:07:06.126,7.1,MANUAL,0,0,0.0,0.0,0.0,4.17,6.89,CENTER_DUAL,263.7,-56.3,1.0,,
19:07:07.181,7.1,MANUAL,0,0,0.0,0.0,0.0,4.17,6.89,CENTER_DUAL,263.7,-56.3,1.0,,
19:07:08.211,6.4,MANUAL,0,0,0.0,0.0,0.0,4.17,6.89,CENTER_DUAL,263.6,-56.4,1.0,,
19:07:09.296,6.4,MANUAL,0,0,0.0,0.0,0.0,4.17,6.89,CENTER_DUAL,263.6,-56.4,1.0,,
19:07:10.341,6.5,MANUAL,0,0,0.0,0.0,0.0,4.17,6.89,CENTER_DUAL,263.6,-56.4,1.0,,
19:07:11.410,6.5,MANUAL,0,0,0.0,0.0,0.0,4.17,6.89,CENTER_DUAL,263.6,-56.4,1.0,,
19:07:12.479,6.4,MANUAL,0,0,0.0,0.0,0.0,4.17,6.89,CENTER_DUAL,263.6,-56.4,1.0,,
19:07:13.527,7.1,MANUAL,0,0,0.0,0.0,0.0,4.17,6.89,CENTER_DUAL,263.6,-56.4,1.0,,
19:07:14.585,7.1,MANUAL,0,0,0.0,0.0,0.0,4.17,6.89,CENTER_DUAL,263.5,-56.5,1.0,,
19:07:15.654,6.4,MANUAL,0,0,0.0,0.0,0.0,4.17,6.89,CENTER_DUAL,263.6,-56.4,1.0,,
19:07:16.694,7.0,MANUAL,0,0,0.0,0.0,0.0,4.17,6.89,CENTER_DUAL,263.6,-56.4,1.0,,
19:07:17.763,6.5,MANUAL,0,0,0.0,0.0,0.0,4.17,6.89,CENTER_DUAL,263.6,-56.4,1.0,,
19:07:18.825,5.8,MANUAL,0,0,0.0,0.0,0.0,4.17,6.89,CENTER_DUAL,263.5,-56.5,1.0,,
19:07:19.925,6.5,MANUAL,0,0,0.0,0.0,0.0,4.17,6.89,CENTER_DUAL,263.5,-56.5,1.0,,
19:07:21.007,6.4,MANUAL,0,0,0.0,0.0,0.0,4.17,6.89,CENTER_DUAL,263.5,-56.5,1.0,,
19:07:22.096,6.4,MANUAL,0,0,0.0,0.0,0.0,4.17,6.89,CENTER_DUAL,263.5,-56.5,1.0,,
19:07:23.226,5.8,MANUAL,0,0,0.0,0.0,0.0,4.17,6.89,CENTER_DUAL,263.5,-56.5,1.0,,
19:07:24.347,6.3,MANUAL,0,0,0.0,0.0,0.0,4.17,6.89,CENTER_DUAL,263.5,-56.5,1.0,,
19:07:25.463,6.4,MANUAL,0,0,0.0,0.0,0.0,4.17,6.89,CENTER_DUAL,263.5,-56.5,1.0,,
19:07:26.620,5.8,MANUAL,0,0,0.0,0.0,0.0,4.17,6.89,CENTER_DUAL,263.5,-56.5,1.0,,
19:07:27.709,7.1,MANUAL,0,0,0.0,0.0,0.0,4.17,6.89,CENTER_DUAL,263.5,-56.5,1.0,,
19:07:28.793,7.1,MANUAL,0,0,0.0,0.0,0.0,4.17,6.89,CENTER_DUAL,263.5,-56.5,1.0,,
19:07:29.807,6.5,MANUAL,0,0,0.0,0.0,0.0,4.17,6.89,CENTER_DUAL,263.5,-56.5,1.0,,
19:07:30.877,6.4,MANUAL,0,0,0.0,0.0,0.0,4.17,6.89,CENTER_DUAL,263.5,-56.5,1.0,,
19:07:31.958,6.4,MANUAL,0,0,0.0,0.0,0.0,4.17,6.89,CENTER_DUAL,263.5,-56.5,1.0,,
19:07:33.038,7.2,MANUAL,0,0,0.0,0.0,0.0,4.17,6.89,CENTER_DUAL,263.5,-56.5,1.0,,
19:07:34.065,6.4,MANUAL,0,0,0.0,0.0,0.0,4.17,6.89,CENTER_DUAL,263.5,-56.5,1.0,,
19:07:35.161,6.4,MANUAL,0,0,0.0,0.0,0.0,4.17,6.89,CENTER_DUAL,263.5,-56.5,1.0,,
19:07:36.188,6.4,MANUAL,0,0,0.0,0.0,0.0,4.17,6.89,CENTER_DUAL,263.5,-56.5,1.0,,
19:07:37.254,6.3,MANUAL,0,0,0.0,0.0,0.0,4.17,6.89,CENTER_DUAL,263.5,-56.5,1.0,,
19:07:38.317,6.4,MANUAL,0,0,0.0,0.0,0.0,4.17,6.89,CENTER_DUAL,263.5,-56.5,1.0,,
19:07:39.375,6.4,MANUAL,0,0,0.0,0.0,0.0,4.17,6.89,CENTER_DUAL,263.5,-56.5,1.0,,
19:07:40.429,6.4,MANUAL,0,0,0.0,0.0,0.0,4.17,6.89,CENTER_DUAL,263.5,-56.5,1.0,,
19:07:41.500,7.2,MANUAL,0,0,0.0,0.0,0.0,4.17,6.89,CENTER_DUAL,263.5,-56.5,1.0,,
19:07:42.609,6.4,MANUAL,0,0,0.0,0.0,0.0,4.17,6.89,CENTER_DUAL,263.4,-56.6,1.0,,
19:07:43.655,7.1,MANUAL,0,0,0.0,0.0,0.0,4.17,6.89,CENTER_DUAL,263.4,-56.6,1.0,,
19:07:44.730,7.1,MANUAL,0,0,0.0,0.0,0.0,4.17,6.89,CENTER_DUAL,263.4,-56.6,1.0,,
19:07:45.797,7.0,MANUAL,0,0,0.0,0.0,0.0,4.17,6.89,CENTER_DUAL,263.4,-56.6,1.0,,
19:07:46.888,6.4,MANUAL,0,0,0.0,0.0,0.0,4.17,6.89,CENTER_DUAL,263.4,-56.6,1.0,,
19:07:47.945,6.5,MANUAL,0,0,0.0,0.0,0.0,4.17,6.89,CENTER_DUAL,263.4,-56.6,1.0,,
19:07:49.026,6.4,MANUAL,0,0,0.0,0.0,0.0,4.17,6.89,CENTER_DUAL,263.4,-56.6,1.0,,
19:07:50.098,6.4,MANUAL,0,0,0.0,0.0,0.0,4.17,6.89,CENTER_DUAL,263.4,-56.6,1.0,,
19:07:51.186,6.4,MANUAL,0,0,0.0,0.0,0.0,4.17,6.89,CENTER_DUAL,263.3,-56.7,1.0,,
19:07:52.271,6.4,MANUAL,0,0,0.0,0.0,0.0,4.17,6.89,CENTER_DUAL,263.3,-56.7,1.0,,
19:07:53.363,7.1,MANUAL,0,0,0.0,0.0,0.0,4.17,6.89,CENTER_DUAL,263.3,-56.7,1.0,,
19:07:54.426,6.4,MANUAL,0,0,0.0,0.0,0.0,4.17,6.89,CENTER_DUAL,263.3,-56.7,1.0,,
19:07:55.525,6.3,MANUAL,0,0,0.0,0.0,0.0,4.17,6.89,CENTER_DUAL,263.3,-56.7,1.0,,
19:07:56.578,6.9,MANUAL,0,0,0.0,0.0,0.0,4.17,6.89,CENTER_DUAL,263.3,-56.7,1.0,,
19:07:57.579,6.3,MANUAL,0,0,0.0,0.0,0.0,4.17,6.89,CENTER_DUAL,263.3,-56.7,1.0,,
19:07:58.640,6.5,MANUAL,0,0,0.0,0.0,0.0,4.17,6.89,CENTER_DUAL,263.3,-56.7,1.0,,
19:07:59.722,6.4,MANUAL,0,0,0.0,0.0,0.0,4.17,6.89,CENTER_DUAL,263.3,-56.7,1.0,,
19:08:00.794,6.4,MANUAL,0,0,0.0,0.0,0.0,4.17,6.89,CENTER_DUAL,263.3,-56.7,1.0,,
19:08:01.858,6.5,MANUAL,0,0,0.0,0.0,0.0,4.17,6.89,CENTER_DUAL,263.3,-56.7,1.0,,
19:08:02.895,7.0,MANUAL,0,0,0.0,0.0,0.0,4.17,6.89,CENTER_DUAL,263.3,-56.7,1.0,,
19:08:03.920,7.1,MANUAL,0,0,0.0,0.0,0.0,4.17,6.89,CENTER_DUAL,263.3,-56.7,1.0,,
19:08:04.951,7.1,MANUAL,0,0,0.0,0.0,0.0,4.17,6.89,CENTER_DUAL,263.3,-56.7,1.0,,
19:08:06.020,7.1,MANUAL,0,0,0.0,0.0,0.0,4.17,6.89,CENTER_DUAL,263.3,-56.7,1.0,,
19:08:07.103,6.4,MANUAL,0,0,0.0,0.0,0.0,4.17,6.89,CENTER_DUAL,263.3,-56.7,1.0,,
19:08:08.158,6.4,MANUAL,0,0,0.0,0.0,0.0,4.17,6.89,CENTER_DUAL,263.3,-56.7,1.0,,
19:08:09.211,7.2,MANUAL,0,0,0.0,0.0,0.0,4.17,6.89,CENTER_DUAL,263.3,-56.7,1.0,,
19:08:10.300,6.5,MANUAL,0,0,0.0,0.0,0.0,4.17,6.89,CENTER_DUAL,263.3,-56.7,1.0,,
19:08:11.353,7.0,MANUAL,0,0,0.0,0.0,0.0,4.17,6.89,CENTER_DUAL,263.3,-56.7,1.0,,
19:08:12.405,7.0,MANUAL,0,0,0.0,0.0,0.0,4.17,6.89,CENTER_DUAL,263.3,-56.7,1.0,,
19:08:13.505,5.9,MANUAL,0,0,0.0,0.0,0.0,4.17,6.89,CENTER_DUAL,263.2,-56.8,1.0,,
19:08:14.576,6.4,MANUAL,0,0,0.0,0.0,0.0,4.17,6.89,CENTER_DUAL,263.2,-56.8,1.0,,
19:08:15.629,6.4,MANUAL,0,0,0.0,0.0,0.0,4.17,6.89,CENTER_DUAL,263.2,-56.8,1.0,,
19:08:16.705,6.4,MANUAL,0,0,0.0,0.0,0.0,4.17,6.89,CENTER_DUAL,263.2,-56.8,1.0,,
19:08:17.774,6.4,MANUAL,0,0,0.0,0.0,0.0,4.17,6.89,CENTER_DUAL,263.2,-56.8,1.0,,
19:08:18.882,6.3,MANUAL,0,0,0.0,0.0,0.0,4.17,6.89,CENTER_DUAL,263.2,-56.8,1.0,,
19:08:19.972,6.3,MANUAL,0,0,0.0,0.0,0.0,4.17,6.89,CENTER_DUAL,263.2,-56.8,1.0,,
19:08:21.055,6.3,MANUAL,0,0,0.0,0.0,0.0,4.17,6.89,CENTER_DUAL,263.2,-56.8,1.0,,
19:08:22.169,6.3,MANUAL,0,0,0.0,0.0,0.0,4.17,6.89,CENTER_DUAL,263.1,-56.9,1.0,,
19:08:23.272,5.9,MANUAL,0,0,0.0,0.0,0.0,4.17,6.89,CENTER_DUAL,263.1,-56.9,1.0,,
19:08:24.367,6.4,MANUAL,0,0,0.0,0.0,0.0,4.17,6.89,CENTER_DUAL,263.1,-56.9,1.0,,
19:08:25.421,6.4,MANUAL,0,0,0.0,0.0,0.0,4.17,6.89,CENTER_DUAL,263.1,-56.9,1.0,,
19:08:26.469,7.0,MANUAL,0,0,0.0,0.0,0.0,4.17,6.89,CENTER_DUAL,263.1,-56.9,1.0,,
19:08:27.536,6.3,MANUAL,0,0,0.0,0.0,0.0,4.17,6.89,CENTER_DUAL,263.0,-57.0,1.0,,
19:08:28.603,6.6,MANUAL,0,0,0.0,0.0,0.0,4.17,6.89,CENTER_DUAL,263.0,-57.0,1.0,,
19:08:29.699,6.4,MANUAL,0,0,0.0,0.0,0.0,4.17,6.89,CENTER_DUAL,263.0,-57.0,1.0,,
19:08:30.784,6.4,MANUAL,0,0,0.0,0.0,0.0,4.17,6.89,CENTER_DUAL,263.0,-57.0,1.0,,
19:08:31.935,5.8,MANUAL,0,0,0.0,0.0,0.0,4.17,6.89,CENTER_DUAL,263.0,-57.0,1.0,,
19:08:33.050,6.4,MANUAL,0,0,0.0,0.0,0.0,4.17,6.89,CENTER_DUAL,263.0,-57.0,1.0,,
19:08:34.112,7.1,MANUAL,0,0,0.0,0.0,0.0,4.17,6.89,CENTER_DUAL,263.0,-57.0,1.0,,
19:08:35.273,6.4,MANUAL,0,0,0.0,0.0,0.0,4.17,6.89,CENTER_DUAL,263.0,-57.0,1.0,,
19:08:36.348,6.4,MANUAL,0,0,0.0,0.0,0.0,4.17,6.89,CENTER_DUAL,263.0,-57.0,1.0,,
19:08:37.445,7.2,MANUAL,0,0,0.0,0.0,0.0,4.17,6.89,CENTER_DUAL,263.0,-57.0,1.0,,
19:08:38.485,6.5,MANUAL,0,0,0.0,0.0,0.0,4.17,6.89,CENTER_DUAL,262.9,-57.1,1.0,,
19:08:39.503,7.1,MANUAL,0,0,0.0,0.0,0.0,4.17,6.89,CENTER_DUAL,263.0,-57.0,1.0,,
19:08:40.553,6.5,MANUAL,0,0,0.0,0.0,0.0,4.17,6.89,CENTER_DUAL,262.9,-57.1,1.0,,
19:08:41.603,6.5,MANUAL,0,0,0.0,0.0,0.0,4.17,6.89,CENTER_DUAL,262.9,-57.1,1.0,,
19:08:42.653,7.1,MANUAL,0,0,0.0,0.0,0.0,4.17,6.89,CENTER_DUAL,262.9,-57.1,1.0,,
19:08:43.687,6.4,MANUAL,0,0,0.0,0.0,0.0,4.17,6.89,CENTER_DUAL,262.9,-57.1,1.0,,
19:08:44.743,6.3,MANUAL,0,0,0.0,0.0,0.0,4.17,6.89,CENTER_DUAL,262.9,-57.1,1.0,,
19:08:45.848,6.4,MANUAL,0,0,0.0,0.0,0.0,4.17,6.89,CENTER_DUAL,262.9,-57.1,1.0,,
19:08:46.909,6.3,MANUAL,0,0,0.0,0.0,0.0,4.17,6.89,CENTER_DUAL,262.9,-57.1,1.0,,
19:08:47.952,6.5,MANUAL,0,0,0.0,0.0,0.0,4.17,6.89,CENTER_DUAL,262.9,-57.1,1.0,,
19:08:49.038,6.4,MANUAL,0,0,0.0,0.0,0.0,4.17,6.89,CENTER_DUAL,262.9,-57.1,1.0,,
19:08:50.129,6.4,MANUAL,0,0,0.0,0.0,0.0,4.17,6.89,CENTER_DUAL,262.9,-57.1,1.0,,
19:08:51.180,7.1,MANUAL,0,0,0.0,0.0,0.0,4.17,6.89,CENTER_DUAL,262.9,-57.1,1.0,,
19:08:52.239,5.8,MANUAL,0,0,0.0,0.0,0.0,4.17,6.89,CENTER_DUAL,262.8,-57.2,1.0,,
19:08:53.290,6.4,MANUAL,0,0,0.0,0.0,0.0,4.17,6.89,CENTER_DUAL,262.8,-57.2,1.0,,
19:08:54.381,6.4,MANUAL,0,0,0.0,0.0,0.0,4.17,6.89,CENTER_DUAL,262.8,-57.2,1.0,,
19:08:55.463,6.3,MANUAL,0,0,0.0,0.0,0.0,4.17,6.89,CENTER_DUAL,262.8,-57.2,1.0,,
19:08:56.531,7.0,MANUAL,0,0,0.0,0.0,0.0,4.17,6.89,CENTER_DUAL,262.8,-57.2,1.0,,
19:08:57.580,7.0,MANUAL,0,0,0.0,0.0,0.0,4.17,6.89,CENTER_DUAL,262.7,-57.3,1.0,,
19:08:58.659,6.4,MANUAL,0,0,0.0,0.0,0.0,4.17,6.89,CENTER_DUAL,262.7,-57.3,1.0,,
19:08:59.727,6.3,MANUAL,0,0,0.0,0.0,0.0,4.17,6.89,CENTER_DUAL,262.7,-57.3,1.0,,
19:09:00.779,6.5,MANUAL,0,0,0.0,0.0,0.0,4.17,6.89,CENTER_DUAL,262.7,-57.3,1.0,,
19:09:01.825,6.4,MANUAL,0,0,0.0,0.0,0.0,4.17,6.89,CENTER_DUAL,262.7,-57.3,1.0,,
19:09:02.891,7.1,MANUAL,0,0,0.0,0.0,0.0,4.17,6.89,CENTER_DUAL,262.7,-57.3,1.0,,
19:09:03.980,6.5,MANUAL,0,0,0.0,0.0,0.0,4.17,6.89,CENTER_DUAL,262.7,-57.3,1.0,,
19:09:05.039,6.5,MANUAL,0,0,0.0,0.0,0.0,4.17,6.89,CENTER_DUAL,262.7,-57.3,1.0,,
19:09:06.097,7.1,MANUAL,0,0,0.0,0.0,0.0,4.17,6.89,CENTER_DUAL,262.6,-57.4,1.0,,
19:09:07.199,7.0,MANUAL,0,0,0.0,0.0,0.0,4.17,6.89,CENTER_DUAL,262.6,-57.4,1.0,,
19:09:08.246,6.3,MANUAL,0,0,0.0,0.0,0.0,4.17,6.89,CENTER_DUAL,262.6,-57.4,1.0,,
19:09:09.313,6.4,MANUAL,0,0,0.0,0.0,0.0,4.17,6.89,CENTER_DUAL,262.6,-57.4,1.0,,
19:09:10.376,6.4,MANUAL,0,0,0.0,0.0,0.0,4.17,6.89,CENTER_DUAL,262.6,-57.4,1.0,,
19:09:11.443,6.5,MANUAL,0,0,0.0,0.0,0.0,4.17,6.89,CENTER_DUAL,262.5,-57.5,1.0,,
19:09:12.503,7.1,MANUAL,0,0,0.0,0.0,0.0,4.17,6.89,CENTER_DUAL,262.5,-57.5,1.0,,
19:09:13.575,7.2,MANUAL,0,0,0.0,0.0,0.0,4.17,6.89,CENTER_DUAL,262.5,-57.5,1.0,,
19:09:14.647,7.1,MANUAL,0,0,0.0,0.0,0.0,4.17,6.89,CENTER_DUAL,262.5,-57.5,1.0,,
19:09:15.713,7.1,MANUAL,0,0,0.0,0.0,0.0,4.17,6.89,CENTER_DUAL,262.5,-57.5,1.0,,
19:09:16.796,6.4,MANUAL,0,0,0.0,0.0,0.0,4.17,6.89,CENTER_DUAL,262.5,-57.5,1.0,,
19:09:17.859,7.1,MANUAL,0,0,0.0,0.0,0.0,4.17,6.89,CENTER_DUAL,262.5,-57.5,1.0,,
19:09:18.940,6.4,MANUAL,0,0,0.0,0.0,0.0,4.17,6.89,CENTER_DUAL,262.4,-57.6,1.0,,
19:09:20.028,6.5,MANUAL,0,0,0.0,0.0,0.0,4.17,6.89,CENTER_DUAL,262.4,-57.6,1.0,,
19:09:21.114,5.8,MANUAL,0,0,0.0,0.0,0.0,4.17,6.89,CENTER_DUAL,262.4,-57.6,1.0,,
19:09:22.208,6.4,MANUAL,0,0,0.0,0.0,0.0,4.17,6.89,CENTER_DUAL,262.4,-57.6,1.0,,
19:09:23.284,6.4,MANUAL,0,0,0.0,0.0,0.0,4.17,6.89,CENTER_DUAL,262.4,-57.6,1.0,,
19:09:24.358,7.1,MANUAL,0,0,0.0,0.0,0.0,4.17,6.89,CENTER_DUAL,262.3,-57.7,1.0,,
19:09:25.419,7.0,MANUAL,0,0,0.0,0.0,0.0,4.17,6.89,CENTER_DUAL,262.3,-57.7,1.0,,
19:09:26.472,6.5,MANUAL,0,0,0.0,0.0,0.0,4.17,6.89,CENTER_DUAL,262.3,-57.7,1.0,,
19:09:27.575,6.4,MANUAL,0,0,0.0,0.0,0.0,4.17,6.89,CENTER_DUAL,262.3,-57.7,1.0,,
19:09:28.639,6.5,MANUAL,0,0,0.0,0.0,0.0,4.17,6.89,CENTER_DUAL,262.2,-57.8,1.0,,
19:09:29.661,6.3,MANUAL,0,0,0.0,0.0,0.0,4.17,6.89,CENTER_DUAL,262.2,-57.8,1.0,,
19:09:30.708,6.5,MANUAL,0,0,0.0,0.0,0.0,4.17,6.89,CENTER_DUAL,262.2,-57.8,1.0,,
19:09:31.767,7.0,MANUAL,0,0,0.0,0.0,0.0,4.17,6.89,CENTER_DUAL,262.1,-57.9,1.0,,
19:09:32.775,6.5,MANUAL,0,0,0.0,0.0,0.0,4.17,6.89,CENTER_DUAL,262.1,-57.9,1.0,,
19:09:33.777,7.2,MANUAL,0,0,0.0,0.0,0.0,4.17,6.89,CENTER_DUAL,262.1,-57.9,1.0,,
19:09:34.793,7.2,MANUAL,0,0,0.0,0.0,0.0,4.17,6.89,CENTER_DUAL,262.1,-57.9,1.0,,
19:09:35.794,7.1,MANUAL,0,0,0.0,0.0,0.0,4.17,6.89,CENTER_DUAL,262.1,-57.9,1.0,,
19:09:36.810,7.0,MANUAL,0,0,0.0,0.0,0.0,4.17,6.89,CENTER_DUAL,262.1,-57.9,1.0,,
19:09:37.842,7.1,MANUAL,0,0,0.0,0.0,0.0,4.17,6.89,CENTER_DUAL,262.0,-58.0,1.0,,
19:09:38.991,6.5,MANUAL,0,0,0.0,0.0,0.0,4.17,6.89,CENTER_DUAL,262.0,-58.0,1.0,,
19:09:40.014,7.1,MANUAL,0,0,0.0,0.0,0.0,4.17,6.89,CENTER_DUAL,262.0,-58.0,1.0,,
19:09:41.168,6.4,MANUAL,0,0,0.0,0.0,0.0,4.17,6.89,CENTER_DUAL,262.0,-58.0,1.0,,
19:09:42.178,5.8,MANUAL,0,0,0.0,0.0,0.0,4.17,6.89,CENTER_DUAL,261.9,-58.1,1.0,,
19:09:43.253,6.4,MANUAL,0,0,0.0,0.0,0.0,4.17,6.89,CENTER_DUAL,261.9,-58.1,1.0,,
19:09:44.308,6.4,MANUAL,0,0,0.0,0.0,0.0,4.17,6.89,CENTER_DUAL,261.9,-58.1,1.0,,
19:09:45.362,6.4,MANUAL,0,0,0.0,0.0,0.0,4.17,6.89,CENTER_DUAL,261.9,-58.1,1.0,,
19:09:46.452,6.4,MANUAL,0,0,0.0,0.0,0.0,4.17,6.89,CENTER_DUAL,261.9,-58.1,1.0,,
19:09:47.516,6.5,MANUAL,0,0,0.0,0.0,0.0,4.17,6.89,CENTER_DUAL,261.9,-58.1,1.0,,
19:09:48.555,6.6,MANUAL,0,0,0.0,0.0,0.0,4.17,6.89,CENTER_DUAL,261.8,-58.2,1.0,,
19:09:49.576,6.5,MANUAL,0,0,0.0,0.0,0.0,4.17,6.89,CENTER_DUAL,261.9,-58.1,1.0,,
19:09:50.578,7.1,MANUAL,0,0,0.0,0.0,0.0,4.17,6.89,CENTER_DUAL,261.9,-58.1,1.0,,
19:09:51.650,6.4,MANUAL,0,0,0.0,0.0,0.0,4.17,6.89,CENTER_DUAL,261.8,-58.2,1.0,,
19:09:52.704,7.1,MANUAL,0,0,0.0,0.0,0.0,4.17,6.89,CENTER_DUAL,261.8,-58.2,1.0,,
19:09:53.768,6.4,MANUAL,0,0,0.0,0.0,0.0,4.17,6.89,CENTER_DUAL,261.8,-58.2,1.0,,
19:09:54.832,7.1,MANUAL,0,0,0.0,0.0,0.0,4.17,6.89,CENTER_DUAL,261.8,-58.2,1.0,,
19:09:55.934,6.5,MANUAL,0,0,0.0,0.0,0.0,4.17,6.89,CENTER_DUAL,261.8,-58.2,1.0,,
19:09:56.993,6.3,MANUAL,0,0,0.0,0.0,0.0,4.17,6.89,CENTER_DUAL,261.7,-58.3,1.0,,
19:09:58.029,7.0,MANUAL,0,0,0.0,0.0,0.0,4.17,6.89,CENTER_DUAL,261.7,-58.3,1.0,,
19:09:59.046,6.4,MANUAL,0,0,0.0,0.0,0.0,4.17,6.89,CENTER_DUAL,261.7,-58.3,1.0,,
19:10:00.104,7.1,MANUAL,0,0,0.0,0.0,0.0,4.17,6.89,CENTER_DUAL,261.6,-58.4,1.0,,
19:10:01.154,6.4,MANUAL,0,0,0.0,0.0,0.0,4.17,6.89,CENTER_DUAL,261.6,-58.4,1.0,,
19:10:02.218,7.1,MANUAL,0,0,0.0,0.0,0.0,4.17,6.89,CENTER_DUAL,261.6,-58.4,1.0,,
19:10:03.263,6.5,MANUAL,0,0,0.0,0.0,0.0,4.17,6.89,CENTER_DUAL,261.6,-58.4,1.0,,
19:10:04.318,7.1,MANUAL,0,0,0.0,0.0,0.0,4.17,6.89,CENTER_DUAL,261.6,-58.4,1.0,,
19:10:05.386,6.4,MANUAL,0,0,0.0,0.0,0.0,4.17,6.89,CENTER_DUAL,261.5,-58.5,1.0,,
19:10:06.433,6.5,MANUAL,0,0,0.0,0.0,0.0,4.17,6.89,CENTER_DUAL,261.5,-58.5,1.0,,
19:10:07.486,5.8,MANUAL,0,0,0.0,0.0,0.0,4.17,6.89,CENTER_DUAL,261.5,-58.5,1.0,,
19:10:08.528,6.4,MANUAL,0,0,0.0,0.0,0.0,4.17,6.89,CENTER_DUAL,261.5,-58.5,1.0,,
19:10:09.590,6.3,MANUAL,0,0,0.0,0.0,0.0,4.17,6.89,CENTER_DUAL,261.5,-58.5,1.0,,
19:10:10.678,6.6,MANUAL,0,0,0.0,0.0,0.0,4.17,6.89,CENTER_DUAL,261.4,-58.6,1.0,,
19:10:11.715,7.1,MANUAL,0,0,0.0,0.0,0.0,4.17,6.89,CENTER_DUAL,261.4,-58.6,1.0,,
19:10:12.785,6.4,MANUAL,0,0,0.0,0.0,0.0,4.17,6.89,CENTER_DUAL,261.4,-58.6,1.0,,
19:10:13.820,6.4,MANUAL,0,0,0.0,0.0,0.0,4.17,6.89,CENTER_DUAL,261.4,-58.6,1.0,,
19:10:14.920,6.4,MANUAL,0,0,0.0,0.0,0.0,4.17,6.89,CENTER_DUAL,261.3,-58.7,1.0,,
19:10:16.015,5.8,MANUAL,0,0,0.0,0.0,0.0,4.17,6.89,CENTER_DUAL,261.3,-58.7,1.0,,
19:10:17.092,6.4,MANUAL,0,0,0.0,0.0,0.0,4.17,6.89,CENTER_DUAL,261.3,-58.7,1.0,,
19:10:18.186,6.4,MANUAL,0,0,0.0,0.0,0.0,4.17,6.89,CENTER_DUAL,261.3,-58.7,1.0,,
19:10:19.296,6.6,MANUAL,0,0,0.0,0.0,0.0,4.17,6.89,CENTER_DUAL,261.3,-58.7,1.0,,
19:10:20.362,6.4,MANUAL,0,0,0.0,0.0,0.0,4.17,6.89,CENTER_DUAL,261.3,-58.7,1.0,,
19:10:21.477,6.4,MANUAL,0,0,0.0,0.0,0.0,4.17,6.89,CENTER_DUAL,261.2,-58.8,1.0,,
19:10:22.586,5.9,MANUAL,0,0,0.0,0.0,0.0,4.17,6.89,CENTER_DUAL,261.2,-58.8,1.0,,
19:10:23.670,6.3,MANUAL,0,0,0.0,0.0,0.0,4.17,6.89,CENTER_DUAL,261.2,-58.8,1.0,,
19:10:24.788,6.4,MANUAL,0,0,0.0,0.0,0.0,4.17,6.89,CENTER_DUAL,261.2,-58.8,1.0,,
19:10:25.873,6.3,MANUAL,0,0,0.0,0.0,0.0,4.17,6.89,CENTER_DUAL,261.1,-58.9,1.0,,
19:10:26.952,6.5,MANUAL,0,0,0.0,0.0,0.0,4.17,6.89,CENTER_DUAL,261.1,-58.9,1.0,,
19:10:28.039,6.4,MANUAL,0,0,0.0,0.0,0.0,4.17,6.89,CENTER_DUAL,261.0,-59.0,1.0,,
19:10:29.104,7.2,MANUAL,0,0,0.0,0.0,0.0,4.17,6.89,CENTER_DUAL,261.0,-59.0,1.0,,
19:10:30.135,6.5,MANUAL,0,0,0.0,0.0,0.0,4.17,6.89,CENTER_DUAL,261.0,-59.0,1.0,,
19:10:31.221,6.5,MANUAL,0,0,0.0,0.0,0.0,4.17,6.89,CENTER_DUAL,261.0,-59.0,1.0,,
19:10:32.314,6.4,MANUAL,0,0,0.0,0.0,0.0,4.17,6.89,CENTER_DUAL,261.0,-59.0,1.0,,
19:10:33.341,6.4,MANUAL,0,0,0.0,0.0,0.0,4.17,6.89,CENTER_DUAL,260.9,-59.1,1.0,,
19:10:34.427,6.4,MANUAL,0,0,0.0,0.0,0.0,4.17,6.89,CENTER_DUAL,260.9,-59.1,1.0,,
19:10:35.447,6.3,MANUAL,0,0,0.0,0.0,0.0,4.17,6.89,CENTER_DUAL,260.9,-59.1,1.0,,
19:10:36.525,7.3,MANUAL,0,0,0.0,0.0,0.0,4.17,6.89,CENTER_DUAL,260.9,-59.1,1.0,,
19:10:37.542,6.5,MANUAL,0,0,0.0,0.0,0.0,4.17,6.89,CENTER_DUAL,260.9,-59.1,1.0,,
19:10:38.620,6.4,MANUAL,0,0,0.0,0.0,0.0,4.17,6.89,CENTER_DUAL,260.9,-59.1,1.0,,
19:10:39.681,6.4,MANUAL,0,0,0.0,0.0,0.0,4.17,6.89,CENTER_DUAL,260.9,-59.1,1.0,,
19:10:40.764,6.4,MANUAL,0,0,0.0,0.0,0.0,4.17,6.89,CENTER_DUAL,260.9,-59.1,1.0,,
19:10:41.814,6.6,MANUAL,0,0,0.0,0.0,0.0,4.17,6.89,CENTER_DUAL,260.8,-59.2,1.0,,
19:10:42.910,6.4,MANUAL,0,0,0.0,0.0,0.0,4.17,6.89,CENTER_DUAL,260.8,-59.2,1.0,,
19:10:44.000,5.9,MANUAL,0,0,0.0,0.0,0.0,4.17,6.89,CENTER_DUAL,260.8,-59.2,1.0,,
19:10:45.114,6.5,MANUAL,0,0,0.0,0.0,0.0,4.17,6.89,CENTER_DUAL,260.8,-59.2,1.0,,
19:10:46.221,5.8,MANUAL,0,0,0.0,0.0,0.0,4.17,6.89,CENTER_DUAL,260.8,-59.2,1.0,,
19:10:47.328,6.4,MANUAL,0,0,0.0,0.0,0.0,4.17,6.89,CENTER_DUAL,260.8,-59.2,1.0,,
19:10:48.431,7.0,MANUAL,0,0,0.0,0.0,0.0,4.17,6.89,CENTER_DUAL,260.7,-59.3,1.0,,
19:10:49.539,6.4,MANUAL,0,0,0.0,0.0,0.0,4.17,6.89,CENTER_DUAL,260.7,-59.3,1.0,,
19:10:50.644,6.3,MANUAL,0,0,0.0,0.0,0.0,4.17,6.89,CENTER_DUAL,260.7,-59.3,1.0,,
19:10:51.744,5.8,MANUAL,0,0,0.0,0.0,0.0,4.17,6.89,CENTER_DUAL,260.7,-59.3,1.0,,
19:10:52.809,7.1,MANUAL,0,0,0.0,0.0,0.0,4.17,6.89,CENTER_DUAL,260.6,-59.4,1.0,,
19:10:53.914,6.4,MANUAL,0,0,0.0,0.0,0.0,4.17,6.89,CENTER_DUAL,260.6,-59.4,1.0,,
19:10:55.013,6.3,MANUAL,0,0,0.0,0.0,0.0,4.17,6.89,CENTER_DUAL,260.6,-59.4,1.0,,
19:10:56.096,6.5,MANUAL,0,0,0.0,0.0,0.0,4.17,6.89,CENTER_DUAL,260.5,-59.5,1.0,,
19:10:57.174,6.4,MANUAL,0,0,0.0,0.0,0.0,4.17,6.89,CENTER_DUAL,260.5,-59.5,1.0,,
19:10:58.264,6.3,MANUAL,0,0,0.0,0.0,0.0,4.17,6.89,CENTER_DUAL,260.5,-59.5,1.0,,
19:10:59.370,6.4,MANUAL,0,0,0.0,0.0,0.0,4.17,6.89,CENTER_DUAL,260.4,-59.6,1.0,,
19:11:00.433,6.4,MANUAL,0,0,0.0,0.0,0.0,4.17,6.89,CENTER_DUAL,260.4,-59.6,1.0,,
19:11:01.586,6.4,MANUAL,0,0,0.0,0.0,0.0,4.17,6.89,CENTER_DUAL,260.4,-59.6,1.0,,
19:11:02.695,5.9,MANUAL,0,0,0.0,0.0,0.0,4.17,6.89,CENTER_DUAL,260.4,-59.6,1.0,,
19:11:03.757,6.3,MANUAL,0,0,0.0,0.0,0.0,4.17,6.89,CENTER_DUAL,260.4,-59.6,1.0,,
19:11:04.783,7.0,MANUAL,0,0,0.0,0.0,0.0,4.17,6.89,CENTER_DUAL,260.4,-59.6,1.0,,
19:11:05.817,7.2,MANUAL,0,0,0.0,0.0,0.0,4.17,6.89,CENTER_DUAL,260.3,-59.7,1.0,,
19:11:06.856,6.4,MANUAL,0,0,0.0,0.0,0.0,4.17,6.89,CENTER_DUAL,260.3,-59.7,1.0,,
19:11:07.923,6.4,MANUAL,0,0,0.0,0.0,0.0,4.17,6.89,CENTER_DUAL,260.3,-59.7,1.0,,
19:11:09.041,6.4,MANUAL,0,0,0.0,0.0,0.0,4.17,6.89,CENTER_DUAL,260.2,-59.8,1.0,,
19:11:10.141,6.4,MANUAL,0,0,0.0,0.0,0.0,4.17,6.89,CENTER_DUAL,260.3,-59.7,1.0,,
19:11:11.200,6.5,MANUAL,0,0,0.0,0.0,0.0,4.17,6.89,CENTER_DUAL,260.2,-59.8,1.0,,
19:11:12.292,6.4,MANUAL,0,0,0.0,0.0,0.0,4.17,6.89,CENTER_DUAL,260.2,-59.8,1.0,,
19:11:13.432,5.8,MANUAL,0,0,0.0,0.0,0.0,4.17,6.89,CENTER_DUAL,260.2,-59.8,1.0,,
19:11:14.498,6.4,MANUAL,0,0,0.0,0.0,0.0,4.17,6.89,CENTER_DUAL,260.2,-59.8,1.0,,
19:11:15.565,6.4,MANUAL,0,0,0.0,0.0,0.0,4.17,6.89,CENTER_DUAL,260.2,-59.8,1.0,,
19:11:16.669,6.4,MANUAL,0,0,0.0,0.0,0.0,4.17,6.89,CENTER_DUAL,260.2,-59.8,1.0,,
19:11:17.757,6.4,MANUAL,0,0,0.0,0.0,0.0,4.17,6.89,CENTER_DUAL,260.1,-59.9,1.0,,
19:11:18.842,6.4,MANUAL,0,0,0.0,0.0,0.0,4.17,6.89,CENTER_DUAL,260.1,-59.9,1.0,,
19:11:19.886,7.0,MANUAL,0,0,0.0,0.0,0.0,4.17,6.89,CENTER_DUAL,260.1,-59.9,1.0,,
19:11:20.937,6.4,MANUAL,0,0,0.0,0.0,0.0,4.17,6.89,CENTER_DUAL,260.0,-60.0,1.0,,
19:11:22.030,6.5,MANUAL,0,0,0.0,0.0,0.0,4.17,6.89,CENTER_DUAL,260.2,-59.8,1.0,,
19:11:23.116,6.4,MANUAL,0,0,0.0,0.0,0.0,4.17,6.89,CENTER_DUAL,260.3,-59.7,1.0,,
19:11:24.193,6.4,MANUAL,0,0,0.0,0.0,0.0,4.17,6.89,CENTER_DUAL,260.4,-59.6,1.0,,
19:11:25.299,6.4,MANUAL,0,0,0.0,0.0,0.0,4.17,6.89,CENTER_DUAL,260.4,-59.6,1.0,,
19:11:26.397,6.5,MANUAL,0,0,0.0,0.0,0.0,4.17,6.89,CENTER_DUAL,260.4,-59.6,1.0,,
19:11:27.496,6.4,MANUAL,0,0,0.0,0.0,0.0,4.17,6.89,CENTER_DUAL,260.5,-59.5,1.0,,
19:11:28.593,6.4,MANUAL,0,0,0.0,0.0,0.0,4.17,6.89,CENTER_DUAL,260.5,-59.5,1.0,,
19:11:29.736,5.9,MANUAL,0,0,0.0,0.0,0.0,4.17,6.89,CENTER_DUAL,260.5,-59.5,1.0,,
19:11:30.813,6.4,MANUAL,0,0,0.0,0.0,0.0,4.17,6.89,CENTER_DUAL,260.5,-59.5,1.0,,
19:11:31.881,6.4,MANUAL,0,0,0.0,0.0,0.0,4.17,6.89,CENTER_DUAL,260.5,-59.5,1.0,,
19:11:32.949,5.9,MANUAL,0,0,0.0,0.0,0.0,4.17,6.89,CENTER_DUAL,260.4,-59.6,1.0,,
19:11:33.997,7.1,MANUAL,0,0,0.0,0.0,0.0,4.17,6.89,CENTER_DUAL,260.4,-59.6,1.0,,
19:11:35.026,5.8,MANUAL,0,0,0.0,0.0,0.0,4.17,6.89,CENTER_DUAL,260.4,-59.6,1.0,,
19:11:36.081,7.1,MANUAL,0,0,0.0,0.0,0.0,4.17,6.89,CENTER_DUAL,260.3,-59.7,1.0,,
19:11:37.137,5.9,MANUAL,0,0,0.0,0.0,0.0,4.17,6.89,CENTER_DUAL,260.3,-59.7,1.0,,
19:11:38.196,6.5,MANUAL,0,0,0.0,0.0,0.0,4.17,6.89,CENTER_DUAL,260.3,-59.7,1.0,,
19:11:39.264,6.4,MANUAL,0,0,0.0,0.0,0.0,4.17,6.89,CENTER_DUAL,260.2,-59.8,1.0,,
19:11:40.331,6.4,MANUAL,0,0,0.0,0.0,0.0,4.17,6.89,CENTER_DUAL,260.2,-59.8,1.0,,
19:11:41.352,7.1,MANUAL,0,0,0.0,0.0,0.0,4.17,6.89,CENTER_DUAL,260.2,-59.8,1.0,,
19:11:42.436,6.4,MANUAL,0,0,0.0,0.0,0.0,4.17,6.89,CENTER_DUAL,260.2,-59.8,1.0,,
19:11:43.481,7.1,MANUAL,0,0,0.0,0.0,0.0,4.17,6.89,CENTER_DUAL,260.2,-59.8,1.0,,
19:11:44.519,6.5,MANUAL,0,0,0.0,0.0,0.0,4.17,6.89,CENTER_DUAL,260.1,-59.9,1.0,,
19:11:45.544,7.1,MANUAL,0,0,0.0,0.0,0.0,4.17,6.89,CENTER_DUAL,260.1,-59.9,1.0,,
19:11:46.637,6.5,MANUAL,0,0,0.0,0.0,0.0,4.17,6.89,CENTER_DUAL,260.1,-59.9,1.0,,
19:11:47.728,6.3,MANUAL,0,0,0.0,0.0,0.0,4.17,6.89,CENTER_DUAL,260.0,-60.0,1.0,,
19:11:48.797,6.4,MANUAL,0,0,0.0,0.0,0.0,4.17,6.89,CENTER_DUAL,260.0,-60.0,1.0,,
19:11:49.838,6.5,MANUAL,0,0,0.0,0.0,0.0,4.17,6.89,CENTER_DUAL,260.0,-60.0,1.0,,
19:11:50.881,6.4,MANUAL,0,0,0.0,0.0,0.0,4.17,6.89,CENTER_DUAL,259.9,-60.1,1.0,,
19:11:51.945,7.1,MANUAL,0,0,0.0,0.0,0.0,4.17,6.89,CENTER_DUAL,259.9,-60.1,1.0,,
19:11:53.023,6.4,MANUAL,0,0,0.0,0.0,0.0,4.17,6.89,CENTER_DUAL,259.9,-60.1,1.0,,
19:11:54.108,6.4,MANUAL,0,0,0.0,0.0,0.0,4.17,6.89,CENTER_DUAL,259.9,-60.1,1.0,,
19:11:55.165,7.2,MANUAL,0,0,0.0,0.0,0.0,4.17,6.89,CENTER_DUAL,259.8,-60.2,1.0,,
19:11:56.278,6.4,MANUAL,0,0,0.0,0.0,0.0,4.17,6.89,CENTER_DUAL,259.8,-60.2,1.0,,
19:11:57.311,7.1,MANUAL,0,0,0.0,0.0,0.0,4.17,6.89,CENTER_DUAL,259.8,-60.2,1.0,,
19:11:58.376,7.1,MANUAL,0,0,0.0,0.0,0.0,4.17,6.89,CENTER_DUAL,259.8,-60.2,1.0,,
19:11:59.424,6.4,MANUAL,0,0,0.0,0.0,0.0,4.17,6.89,CENTER_DUAL,259.8,-60.2,1.0,,
19:12:00.522,6.4,MANUAL,0,0,0.0,0.0,0.0,4.17,6.89,CENTER_DUAL,259.8,-60.2,1.0,,
19:12:01.536,7.1,MANUAL,0,0,0.0,0.0,0.0,4.17,6.89,CENTER_DUAL,259.7,-60.3,1.0,,
19:12:02.609,6.4,MANUAL,0,0,0.0,0.0,0.0,4.17,6.89,CENTER_DUAL,259.7,-60.3,1.0,,
19:12:03.681,6.3,MANUAL,0,0,0.0,0.0,0.0,4.17,6.89,CENTER_DUAL,259.7,-60.3,1.0,,
19:12:04.821,7.1,MANUAL,0,0,0.0,0.0,0.0,4.17,6.89,CENTER_DUAL,259.7,-60.3,1.0,,
19:12:05.921,6.4,MANUAL,0,0,0.0,0.0,0.0,4.17,6.89,CENTER_DUAL,259.7,-60.3,1.0,,
19:12:06.979,7.2,MANUAL,0,0,0.0,0.0,0.0,4.17,6.89,CENTER_DUAL,259.6,-60.4,1.0,,
19:12:08.030,6.4,MANUAL,0,0,0.0,0.0,0.0,4.17,6.89,CENTER_DUAL,259.6,-60.4,1.0,,
19:12:09.118,6.4,MANUAL,0,0,0.0,0.0,0.0,4.17,6.89,CENTER_DUAL,259.5,-60.5,1.0,,
19:12:10.153,7.1,MANUAL,0,0,0.0,0.0,0.0,4.17,6.89,CENTER_DUAL,259.5,-60.5,1.0,,
19:12:11.221,6.4,MANUAL,0,0,0.0,0.0,0.0,4.17,6.89,CENTER_DUAL,259.5,-60.5,1.0,,
19:12:12.286,6.4,MANUAL,0,0,0.0,0.0,0.0,4.17,6.89,CENTER_DUAL,259.5,-60.5,1.0,,
19:12:13.336,6.4,MANUAL,0,0,0.0,0.0,0.0,4.17,6.89,CENTER_DUAL,259.5,-60.5,1.0,,
19:12:14.437,6.3,MANUAL,0,0,0.0,0.0,0.0,4.17,6.89,CENTER_DUAL,259.5,-60.5,1.0,,
19:12:15.508,7.2,MANUAL,0,0,0.0,0.0,0.0,4.17,6.89,CENTER_DUAL,259.4,-60.6,1.0,,
19:12:16.583,6.5,MANUAL,0,0,0.0,0.0,0.0,4.17,6.89,CENTER_DUAL,259.4,-60.6,1.0,,
19:12:17.686,6.4,MANUAL,0,0,0.0,0.0,0.0,4.17,6.89,CENTER_DUAL,259.4,-60.6,1.0,,
19:12:18.751,6.5,MANUAL,0,0,0.0,0.0,0.0,4.17,6.89,CENTER_DUAL,259.4,-60.6,1.0,,
19:12:19.837,6.4,MANUAL,0,0,0.0,0.0,0.0,4.17,6.89,CENTER_DUAL,259.3,-60.7,1.0,,
19:12:20.913,6.4,MANUAL,0,0,0.0,0.0,0.0,4.17,6.89,CENTER_DUAL,259.3,-60.7,1.0,,
19:12:21.995,6.5,MANUAL,0,0,0.0,0.0,0.0,4.17,6.89,CENTER_DUAL,259.3,-60.7,1.0,,
19:12:23.029,7.1,MANUAL,0,0,0.0,0.0,0.0,4.17,6.89,CENTER_DUAL,259.3,-60.7,1.0,,
19:12:24.100,6.4,MANUAL,0,0,0.0,0.0,0.0,4.17,6.89,CENTER_DUAL,259.2,-60.8,1.0,,
19:12:25.115,7.1,MANUAL,0,0,0.0,0.0,0.0,4.17,6.89,CENTER_DUAL,259.2,-60.8,1.0,,
19:12:26.188,6.4,MANUAL,0,0,0.0,0.0,0.0,4.17,6.89,CENTER_DUAL,259.2,-60.8,1.0,,
19:12:27.298,6.5,MANUAL,0,0,0.0,0.0,0.0,4.17,6.89,CENTER_DUAL,259.2,-60.8,1.0,,
19:12:28.335,7.1,MANUAL,0,0,0.0,0.0,0.0,4.17,6.89,CENTER_DUAL,259.2,-60.8,1.0,,
19:12:29.445,6.4,MANUAL,0,0,0.0,0.0,0.0,4.17,6.89,CENTER_DUAL,259.1,-60.9,1.0,,
19:12:30.519,6.4,MANUAL,0,0,0.0,0.0,0.0,4.17,6.89,CENTER_DUAL,259.1,-60.9,1.0,,
19:12:31.614,6.4,MANUAL,0,0,0.0,0.0,0.0,4.17,6.89,CENTER_DUAL,259.1,-60.9,1.0,,
19:12:32.676,7.1,MANUAL,0,0,0.0,0.0,0.0,4.17,6.89,CENTER_DUAL,259.1,-60.9,1.0,,
19:12:33.787,5.9,MANUAL,0,0,0.0,0.0,0.0,4.17,6.89,CENTER_DUAL,259.1,-60.9,1.0,,
19:12:34.861,6.4,MANUAL,0,0,0.0,0.0,0.0,4.17,6.89,CENTER_DUAL,259.0,-61.0,1.0,,
19:12:35.959,6.4,MANUAL,0,0,0.0,0.0,0.0,4.17,6.89,CENTER_DUAL,259.1,-60.9,1.0,,
19:12:37.064,6.4,MANUAL,0,0,0.0,0.0,0.0,4.17,6.89,CENTER_DUAL,259.0,-61.0,1.0,,
19:12:38.180,5.8,MANUAL,0,0,0.0,0.0,0.0,4.17,6.89,CENTER_DUAL,259.0,-61.0,1.0,,
19:12:39.273,5.8,MANUAL,0,0,0.0,0.0,0.0,4.17,6.89,CENTER_DUAL,259.1,-60.9,1.0,,
19:12:40.386,6.4,MANUAL,0,0,0.0,0.0,0.0,4.17,6.89,CENTER_DUAL,259.0,-61.0,1.0,,
19:12:41.481,6.4,MANUAL,0,0,0.0,0.0,0.0,4.17,6.89,CENTER_DUAL,259.0,-61.0,1.0,,
19:12:42.582,5.8,MANUAL,0,0,0.0,0.0,0.0,4.17,6.89,CENTER_DUAL,259.0,-61.0,1.0,,
19:12:43.683,6.5,MANUAL,0,0,0.0,0.0,0.0,4.17,6.89,CENTER_DUAL,259.0,-61.0,1.0,,
19:12:44.820,6.4,MANUAL,0,0,0.0,0.0,0.0,4.17,6.89,CENTER_DUAL,259.0,-61.0,1.0,,
19:12:45.936,6.4,MANUAL,0,0,0.0,0.0,0.0,4.17,6.89,CENTER_DUAL,258.9,-61.1,1.0,,
19:12:47.072,6.4,MANUAL,0,0,0.0,0.0,0.0,4.17,6.89,CENTER_DUAL,258.9,-61.1,1.0,,
19:12:48.104,6.5,MANUAL,0,0,0.0,0.0,0.0,4.17,6.89,CENTER_DUAL,258.9,-61.1,1.0,,
19:12:49.164,6.5,MANUAL,0,0,0.0,0.0,0.0,4.17,6.89,CENTER_DUAL,258.9,-61.1,1.0,,
19:12:50.215,6.4,MANUAL,0,0,0.0,0.0,0.0,4.17,6.89,CENTER_DUAL,258.9,-61.1,1.0,,
19:12:51.279,7.1,MANUAL,0,0,0.0,0.0,0.0,4.17,6.89,CENTER_DUAL,258.9,-61.1,1.0,,
19:12:52.357,6.5,MANUAL,0,0,0.0,0.0,0.0,4.17,6.89,CENTER_DUAL,258.8,-61.2,1.0,,
19:12:53.411,7.0,MANUAL,0,0,0.0,0.0,0.0,4.17,6.89,CENTER_DUAL,258.8,-61.2,1.0,,
19:12:54.436,6.4,MANUAL,0,0,0.0,0.0,0.0,4.17,6.89,CENTER_DUAL,258.8,-61.2,1.0,,
19:12:55.505,6.3,MANUAL,0,0,0.0,0.0,0.0,4.17,6.89,CENTER_DUAL,258.8,-61.2,1.0,,
19:12:56.597,6.4,MANUAL,0,0,0.0,0.0,0.0,4.17,6.89,CENTER_DUAL,258.8,-61.2,1.0,,
19:12:57.648,7.0,MANUAL,0,0,0.0,0.0,0.0,4.17,6.89,CENTER_DUAL,258.8,-61.2,1.0,,
19:12:58.702,6.5,MANUAL,0,0,0.0,0.0,0.0,4.17,6.89,CENTER_DUAL,258.8,-61.2,1.0,,
19:12:59.728,7.2,MANUAL,0,0,0.0,0.0,0.0,4.17,6.89,CENTER_DUAL,258.8,-61.2,1.0,,
19:13:00.867,7.1,MANUAL,0,0,0.0,0.0,0.0,4.17,6.89,CENTER_DUAL,258.7,-61.3,1.0,,
19:13:01.868,6.9,MANUAL,0,0,0.0,0.0,0.0,4.17,6.89,CENTER_DUAL,258.7,-61.3,1.0,,
19:13:02.936,6.4,MANUAL,0,0,0.0,0.0,0.0,4.17,6.89,CENTER_DUAL,258.7,-61.3,1.0,,
19:13:03.946,7.2,MANUAL,0,0,0.0,0.0,0.0,4.17,6.89,CENTER_DUAL,258.7,-61.3,1.0,,
19:13:04.989,6.4,MANUAL,0,0,0.0,0.0,0.0,4.17,6.89,CENTER_DUAL,258.6,-61.4,1.0,,
19:13:06.029,7.3,MANUAL,0,0,0.0,0.0,0.0,4.17,6.89,CENTER_DUAL,258.6,-61.4,1.0,,
19:13:07.106,6.5,MANUAL,0,0,0.0,0.0,0.0,4.17,6.89,CENTER_DUAL,258.7,-61.3,1.0,,
19:13:08.156,6.4,MANUAL,0,0,0.0,0.0,0.0,4.17,6.89,CENTER_DUAL,258.6,-61.4,1.0,,
19:13:09.233,6.4,MANUAL,0,0,0.0,0.0,0.0,4.17,6.89,CENTER_DUAL,258.6,-61.4,1.0,,
19:13:10.289,7.1,MANUAL,0,0,0.0,0.0,0.0,4.17,6.89,CENTER_DUAL,258.6,-61.4,1.0,,
19:13:11.350,7.1,MANUAL,0,0,0.0,0.0,0.0,4.17,6.89,CENTER_DUAL,258.6,-61.4,1.0,,
19:13:12.427,6.4,MANUAL,0,0,0.0,0.0,0.0,4.17,6.89,CENTER_DUAL,258.5,-61.5,1.0,,
19:13:13.529,6.4,MANUAL,0,0,0.0,0.0,0.0,4.17,6.89,CENTER_DUAL,258.5,-61.5,1.0,,
19:13:14.558,7.2,MANUAL,0,0,0.0,0.0,0.0,4.17,6.89,CENTER_DUAL,258.5,-61.5,1.0,,
19:13:15.631,6.3,MANUAL,0,0,0.0,0.0,0.0,4.17,6.89,CENTER_DUAL,258.5,-61.5,1.0,,
19:13:16.689,6.4,MANUAL,0,0,0.0,0.0,0.0,4.17,6.89,CENTER_DUAL,258.5,-61.5,1.0,,
19:13:17.801,6.4,MANUAL,0,0,0.0,0.0,0.0,4.17,6.89,CENTER_DUAL,258.5,-61.5,1.0,,
19:13:18.877,6.3,MANUAL,0,0,0.0,0.0,0.0,4.17,6.89,CENTER_DUAL,258.5,-61.5,1.0,,
19:13:19.910,6.4,MANUAL,0,0,0.0,0.0,0.0,4.17,6.89,CENTER_DUAL,258.5,-61.5,1.0,,
19:13:20.991,6.3,MANUAL,0,0,0.0,0.0,0.0,4.17,6.89,CENTER_DUAL,258.4,-61.6,1.0,,
19:13:22.050,6.4,MANUAL,0,0,0.0,0.0,0.0,4.17,6.89,CENTER_DUAL,258.4,-61.6,1.0,,
19:13:23.123,6.5,MANUAL,0,0,0.0,0.0,0.0,4.17,6.89,CENTER_DUAL,258.4,-61.6,1.0,,
19:13:24.198,6.4,MANUAL,0,0,0.0,0.0,0.0,4.17,6.89,CENTER_DUAL,258.4,-61.6,1.0,,
19:13:25.264,6.4,MANUAL,0,0,0.0,0.0,0.0,4.17,6.89,CENTER_DUAL,258.4,-61.6,1.0,,
19:13:26.357,7.1,MANUAL,0,0,0.0,0.0,0.0,4.17,6.89,CENTER_DUAL,258.4,-61.6,1.0,,
19:13:27.414,7.1,MANUAL,0,0,0.0,0.0,0.0,4.17,6.89,CENTER_DUAL,258.4,-61.6,1.0,,
19:13:28.493,6.4,MANUAL,0,0,0.0,0.0,0.0,4.17,6.89,CENTER_DUAL,258.4,-61.6,1.0,,
19:13:29.558,6.5,MANUAL,0,0,0.0,0.0,0.0,4.17,6.89,CENTER_DUAL,258.3,-61.7,1.0,,
19:13:30.594,7.1,MANUAL,0,0,0.0,0.0,0.0,4.17,6.89,CENTER_DUAL,258.3,-61.7,1.0,,
19:13:31.631,7.1,MANUAL,0,0,0.0,0.0,0.0,4.17,6.89,CENTER_DUAL,258.3,-61.7,1.0,,
19:13:32.696,6.4,MANUAL,0,0,0.0,0.0,0.0,4.17,6.89,CENTER_DUAL,258.3,-61.7,1.0,,
19:13:33.744,6.4,MANUAL,0,0,0.0,0.0,0.0,4.17,6.89,CENTER_DUAL,258.3,-61.7,1.0,,
19:13:34.802,6.4,MANUAL,0,0,0.0,0.0,0.0,4.17,6.89,CENTER_DUAL,258.4,-61.6,1.0,,
19:13:35.819,7.1,MANUAL,0,0,0.0,0.0,0.0,4.17,6.89,CENTER_DUAL,258.5,-61.5,1.0,,
19:13:36.863,6.5,MANUAL,0,0,0.0,0.0,0.0,4.17,6.89,CENTER_DUAL,258.5,-61.5,1.0,,
19:13:37.929,6.4,MANUAL,0,0,0.0,0.0,0.0,4.17,6.89,CENTER_DUAL,258.6,-61.4,1.0,,
19:13:39.034,6.4,MANUAL,0,0,0.0,0.0,0.0,4.17,6.89,CENTER_DUAL,258.6,-61.4,1.0,,
19:13:40.169,7.2,MANUAL,0,0,0.0,0.0,0.0,4.17,6.89,CENTER_DUAL,258.6,-61.4,1.0,,
19:13:41.267,6.5,MANUAL,0,0,0.0,0.0,0.0,4.17,6.89,CENTER_DUAL,258.6,-61.4,1.0,,
19:13:42.325,6.4,MANUAL,0,0,0.0,0.0,0.0,4.17,6.89,CENTER_DUAL,258.6,-61.4,1.0,,
19:13:43.403,6.4,MANUAL,0,0,0.0,0.0,0.0,4.17,6.89,CENTER_DUAL,258.5,-61.5,1.0,,
19:13:44.442,6.5,MANUAL,0,0,0.0,0.0,0.0,4.17,6.89,CENTER_DUAL,258.5,-61.5,1.0,,
19:13:45.537,6.4,MANUAL,0,0,0.0,0.0,0.0,4.17,6.89,CENTER_DUAL,258.5,-61.5,1.0,,
19:13:46.588,6.4,MANUAL,0,0,0.0,0.0,0.0,4.17,6.89,CENTER_DUAL,258.5,-61.5,1.0,,
19:13:47.739,7.1,MANUAL,0,0,0.0,0.0,0.0,4.17,6.89,CENTER_DUAL,258.5,-61.5,1.0,,
19:13:48.790,7.2,MANUAL,0,0,0.0,0.0,0.0,4.17,6.89,CENTER_DUAL,258.5,-61.5,1.0,,
19:13:49.840,7.1,MANUAL,0,0,0.0,0.0,0.0,4.17,6.89,CENTER_DUAL,258.4,-61.6,1.0,,
19:13:50.894,6.5,MANUAL,0,0,0.0,0.0,0.0,4.17,6.89,CENTER_DUAL,258.4,-61.6,1.0,,
19:13:51.932,7.1,MANUAL,0,0,0.0,0.0,0.0,4.17,6.89,CENTER_DUAL,258.3,-61.7,1.0,,
19:13:53.006,7.0,MANUAL,0,0,0.0,0.0,0.0,4.17,6.89,CENTER_DUAL,258.3,-61.7,1.0,,
19:13:54.053,6.5,MANUAL,0,0,0.0,0.0,0.0,4.17,6.89,CENTER_DUAL,258.3,-61.7,1.0,,
19:13:55.146,6.4,MANUAL,0,0,0.0,0.0,0.0,4.17,6.89,CENTER_DUAL,258.3,-61.7,1.0,,
19:13:56.195,7.1,MANUAL,0,0,0.0,0.0,0.0,4.17,6.89,CENTER_DUAL,258.3,-61.7,1.0,,
19:13:57.243,7.0,MANUAL,0,0,0.0,0.0,0.0,4.17,6.89,CENTER_DUAL,258.3,-61.7,1.0,,
19:13:58.296,7.1,MANUAL,0,0,0.0,0.0,0.0,4.17,6.89,CENTER_DUAL,258.2,-61.8,1.0,,
19:13:59.386,6.4,MANUAL,0,0,0.0,0.0,0.0,4.17,6.89,CENTER_DUAL,258.2,-61.8,1.0,,
19:14:00.524,7.2,MANUAL,0,0,0.0,0.0,0.0,4.17,6.89,CENTER_DUAL,258.2,-61.8,1.0,,
19:14:01.596,6.5,MANUAL,0,0,0.0,0.0,0.0,4.17,6.89,CENTER_DUAL,258.1,-61.9,1.0,,
19:14:02.654,7.1,MANUAL,0,0,0.0,0.0,0.0,4.17,6.89,CENTER_DUAL,258.1,-61.9,1.0,,
19:14:03.719,7.0,MANUAL,0,0,0.0,0.0,0.0,4.17,6.89,CENTER_DUAL,258.0,-62.0,1.0,,
19:14:04.792,6.4,MANUAL,0,0,0.0,0.0,0.0,4.17,6.89,CENTER_DUAL,258.0,-62.0,1.0,,
19:14:05.826,7.1,MANUAL,0,0,0.0,0.0,0.0,4.17,6.89,CENTER_DUAL,258.0,-62.0,1.0,,
19:14:06.878,6.5,MANUAL,0,0,0.0,0.0,0.0,4.17,6.89,CENTER_DUAL,258.0,-62.0,1.0,,
19:14:07.949,7.2,MANUAL,0,0,0.0,0.0,0.0,4.17,6.89,CENTER_DUAL,258.0,-62.0,1.0,,
19:14:09.091,6.4,MANUAL,0,0,0.0,0.0,0.0,4.17,6.89,CENTER_DUAL,257.9,-62.1,1.0,,
19:14:10.134,7.1,MANUAL,0,0,0.0,0.0,0.0,4.17,6.89,CENTER_DUAL,257.9,-62.1,1.0,,
19:14:11.158,7.1,MANUAL,0,0,0.0,0.0,0.0,4.17,6.89,CENTER_DUAL,257.9,-62.1,1.0,,
19:14:12.212,6.4,MANUAL,0,0,0.0,0.0,0.0,4.17,6.89,CENTER_DUAL,257.9,-62.1,1.0,,
19:14:13.347,7.1,MANUAL,0,0,0.0,0.0,0.0,4.17,6.89,CENTER_DUAL,257.8,-62.2,1.0,,
19:14:14.490,6.4,MANUAL,0,0,0.0,0.0,0.0,4.17,6.89,CENTER_DUAL,257.8,-62.2,1.0,,
19:14:15.530,7.0,MANUAL,0,0,0.0,0.0,0.0,4.17,6.89,CENTER_DUAL,257.8,-62.2,1.0,,
19:14:16.554,7.1,MANUAL,0,0,0.0,0.0,0.0,4.17,6.89,CENTER_DUAL,257.8,-62.2,1.0,,
19:14:17.606,6.4,MANUAL,0,0,0.0,0.0,0.0,4.17,6.89,CENTER_DUAL,257.9,-62.1,1.0,,
19:14:18.641,6.4,MANUAL,0,0,0.0,0.0,0.0,4.17,6.89,CENTER_DUAL,258.0,-62.0,1.0,,
19:14:19.689,6.5,MANUAL,0,0,0.0,0.0,0.0,4.17,6.89,CENTER_DUAL,258.1,-61.9,1.0,,
19:14:20.759,6.4,MANUAL,0,0,0.0,0.0,0.0,4.17,6.89,CENTER_DUAL,258.1,-61.9,1.0,,
19:14:21.783,6.4,MANUAL,0,0,0.0,0.0,0.0,4.17,6.89,CENTER_DUAL,258.2,-61.8,1.0,,
19:14:22.840,7.1,MANUAL,0,0,0.0,0.0,0.0,4.17,6.89,CENTER_DUAL,258.2,-61.8,1.0,,
19:14:23.876,6.4,MANUAL,0,0,0.0,0.0,0.0,4.17,6.89,CENTER_DUAL,258.2,-61.8,1.0,,
19:14:24.928,7.0,MANUAL,0,0,0.0,0.0,0.0,4.17,6.89,CENTER_DUAL,258.2,-61.8,1.0,,
19:14:25.938,7.0,MANUAL,0,0,0.0,0.0,0.0,4.17,6.89,CENTER_DUAL,258.2,-61.8,1.0,,
19:14:27.081,7.1,MANUAL,0,0,0.0,0.0,0.0,4.17,6.89,CENTER_DUAL,258.2,-61.8,1.0,,
19:14:28.178,6.3,MANUAL,0,0,0.0,0.0,0.0,4.17,6.89,CENTER_DUAL,258.2,-61.8,1.0,,
19:14:29.239,6.5,MANUAL,0,0,0.0,0.0,0.0,4.17,6.89,CENTER_DUAL,258.2,-61.8,1.0,,
19:14:30.291,7.0,MANUAL,0,0,0.0,0.0,0.0,4.17,6.89,CENTER_DUAL,258.1,-61.9,1.0,,
19:14:31.300,6.4,MANUAL,0,0,0.0,0.0,0.0,4.17,6.89,CENTER_DUAL,258.1,-61.9,1.0,,
19:14:32.356,6.4,MANUAL,0,0,0.0,0.0,0.0,4.17,6.89,CENTER_DUAL,258.1,-61.9,1.0,,
19:14:33.427,7.1,MANUAL,0,0,0.0,0.0,0.0,4.17,6.89,CENTER_DUAL,258.0,-62.0,1.0,,
19:14:34.481,7.0,MANUAL,0,0,0.0,0.0,0.0,4.17,6.89,CENTER_DUAL,258.0,-62.0,1.0,,
19:14:35.510,7.1,MANUAL,0,0,0.0,0.0,0.0,4.17,6.89,CENTER_DUAL,258.0,-62.0,1.0,,
19:14:36.583,6.4,MANUAL,0,0,0.0,0.0,0.0,4.17,6.89,CENTER_DUAL,258.0,-62.0,1.0,,
19:14:37.618,7.0,MANUAL,0,0,0.0,0.0,0.0,4.17,6.89,CENTER_DUAL,258.0,-62.0,1.0,,
19:14:38.631,7.1,MANUAL,0,0,0.0,0.0,0.0,4.17,6.89,CENTER_DUAL,258.0,-62.0,1.0,,
19:14:39.674,6.3,MANUAL,0,0,0.0,0.0,0.0,4.17,6.89,CENTER_DUAL,258.0,-62.0,1.0,,
19:14:40.707,7.2,MANUAL,0,0,0.0,0.0,0.0,4.17,6.89,CENTER_DUAL,258.0,-62.0,1.0,,
19:14:41.731,7.1,MANUAL,0,0,0.0,0.0,0.0,4.17,6.89,CENTER_DUAL,258.0,-62.0,1.0,,
19:14:42.788,6.4,MANUAL,0,0,0.0,0.0,0.0,4.17,6.89,CENTER_DUAL,258.0,-62.0,1.0,,
19:14:43.807,7.1,MANUAL,0,0,0.0,0.0,0.0,4.17,6.89,CENTER_DUAL,257.9,-62.1,1.0,,
19:14:44.839,7.1,MANUAL,0,0,0.0,0.0,0.0,4.17,6.89,CENTER_DUAL,257.9,-62.1,1.0,,
19:14:45.962,7.2,MANUAL,0,0,0.0,0.0,0.0,4.17,6.89,CENTER_DUAL,257.9,-62.1,1.0,,
19:14:46.984,7.0,MANUAL,0,0,0.0,0.0,0.0,4.17,6.89,CENTER_DUAL,257.9,-62.1,1.0,,
19:14:47.992,7.1,MANUAL,0,0,0.0,0.0,0.0,4.17,6.89,CENTER_DUAL,257.9,-62.1,1.0,,
19:14:49.050,7.1,MANUAL,0,0,0.0,0.0,0.0,4.17,6.89,CENTER_DUAL,257.9,-62.1,1.0,,
19:14:50.107,7.1,MANUAL,0,0,0.0,0.0,0.0,4.17,6.89,CENTER_DUAL,257.9,-62.1,1.0,,
19:14:51.132,6.5,MANUAL,0,0,0.0,0.0,0.0,4.17,6.89,CENTER_DUAL,257.8,-62.2,1.0,,
19:14:52.259,7.0,MANUAL,0,0,0.0,0.0,0.0,4.17,6.89,CENTER_DUAL,257.8,-62.2,1.0,,
19:14:53.311,6.4,MANUAL,0,0,0.0,0.0,0.0,4.17,6.89,CENTER_DUAL,257.8,-62.2,1.0,,
19:14:54.338,7.2,MANUAL,0,0,0.0,0.0,0.0,4.17,6.89,CENTER_DUAL,257.8,-62.2,1.0,,
19:14:55.357,7.1,MANUAL,0,0,0.0,0.0,0.0,4.17,6.89,CENTER_DUAL,257.8,-62.2,1.0,,
19:14:56.361,7.2,MANUAL,0,0,0.0,0.0,0.0,4.17,6.89,CENTER_DUAL,257.8,-62.2,1.0,,
19:14:57.367,6.5,MANUAL,0,0,0.0,0.0,0.0,4.17,6.89,CENTER_DUAL,257.8,-62.2,1.0,,
19:14:58.499,7.1,MANUAL,0,0,0.0,0.0,0.0,4.17,6.89,CENTER_DUAL,257.8,-62.2,1.0,,
19:14:59.628,7.2,MANUAL,0,0,0.0,0.0,0.0,4.17,6.89,CENTER_DUAL,257.8,-62.2,1.0,,
19:15:00.757,7.1,MANUAL,0,0,0.0,0.0,0.0,4.17,6.89,CENTER_DUAL,257.7,-62.3,1.0,,
19:15:01.891,7.1,MANUAL,0,0,0.0,0.0,0.0,4.17,6.89,CENTER_DUAL,257.7,-62.3,1.0,,
19:15:02.936,7.1,MANUAL,0,0,0.0,0.0,0.0,4.17,6.89,CENTER_DUAL,257.7,-62.3,1.0,,
19:15:03.943,7.1,MANUAL,0,0,0.0,0.0,0.0,4.17,6.89,CENTER_DUAL,257.7,-62.3,1.0,,
19:15:04.960,7.2,MANUAL,0,0,0.0,0.0,0.0,4.17,6.89,CENTER_DUAL,257.7,-62.3,1.0,,
19:15:06.016,6.4,MANUAL,0,0,0.0,0.0,0.0,4.17,6.89,CENTER_DUAL,257.7,-62.3,1.0,,
19:15:07.028,6.4,MANUAL,0,0,0.0,0.0,0.0,4.17,6.89,CENTER_DUAL,257.7,-62.3,1.0,,
19:15:08.065,7.0,MANUAL,0,0,0.0,0.0,0.0,4.17,6.89,CENTER_DUAL,257.7,-62.3,1.0,,
19:15:09.085,7.0,MANUAL,0,0,0.0,0.0,0.0,4.17,6.89,CENTER_DUAL,257.7,-62.3,1.0,,
19:15:10.097,7.1,MANUAL,0,0,0.0,0.0,0.0,4.17,6.89,CENTER_DUAL,257.7,-62.3,1.0,,
19:15:11.113,6.5,MANUAL,0,0,0.0,0.0,0.0,4.17,6.89,CENTER_DUAL,257.7,-62.3,1.0,,
19:15:12.119,7.0,MANUAL,0,0,0.0,0.0,0.0,4.17,6.89,CENTER_DUAL,257.7,-62.3,1.0,,
19:15:13.190,6.4,MANUAL,0,0,0.0,0.0,0.0,4.17,6.89,CENTER_DUAL,257.7,-62.3,1.0,,
19:15:14.221,6.4,MANUAL,0,0,0.0,0.0,0.0,4.17,6.89,CENTER_DUAL,257.7,-62.3,1.0,,
19:15:15.240,7.0,MANUAL,0,0,0.0,0.0,0.0,4.17,6.89,CENTER_DUAL,257.6,-62.4,1.0,,
19:15:16.252,7.1,MANUAL,0,0,0.0,0.0,0.0,4.17,6.89,CENTER_DUAL,257.7,-62.3,1.0,,
19:15:17.309,7.2,MANUAL,0,0,0.0,0.0,0.0,4.17,6.89,CENTER_DUAL,257.7,-62.3,1.0,,
19:15:18.309,7.1,MANUAL,0,0,0.0,0.0,0.0,4.17,6.89,CENTER_DUAL,257.7,-62.3,1.0,,
19:15:19.432,7.0,MANUAL,0,0,0.0,0.0,0.0,4.17,6.89,CENTER_DUAL,257.7,-62.3,1.0,,
19:15:20.559,7.1,MANUAL,0,0,0.0,0.0,0.0,4.17,6.89,CENTER_DUAL,257.6,-62.4,1.0,,
19:15:21.686,7.0,MANUAL,0,0,0.0,0.0,0.0,4.17,6.89,CENTER_DUAL,257.6,-62.4,1.0,,
19:15:22.808,7.1,MANUAL,0,0,0.0,0.0,0.0,4.17,6.89,CENTER_DUAL,257.6,-62.4,1.0,,
19:15:23.928,7.2,MANUAL,0,0,0.0,0.0,0.0,4.17,6.89,CENTER_DUAL,257.6,-62.4,1.0,,
19:15:25.054,7.1,MANUAL,0,0,0.0,0.0,0.0,4.17,6.89,CENTER_DUAL,257.6,-62.4,1.0,,
19:15:26.178,7.1,MANUAL,0,0,0.0,0.0,0.0,4.17,6.89,CENTER_DUAL,257.6,-62.4,1.0,,
19:15:27.195,6.5,MANUAL,0,0,0.0,0.0,0.0,4.17,6.89,CENTER_DUAL,257.6,-62.4,1.0,,
19:15:28.201,7.2,MANUAL,0,0,0.0,0.0,0.0,4.17,6.89,CENTER_DUAL,257.6,-62.4,1.0,,
19:15:29.220,7.1,MANUAL,0,0,0.0,0.0,0.0,4.17,6.89,CENTER_DUAL,257.6,-62.4,1.0,,
19:15:30.250,6.5,MANUAL,0,0,0.0,0.0,0.0,4.17,6.89,CENTER_DUAL,257.6,-62.4,1.0,,
19:15:31.261,7.1,MANUAL,0,0,0.0,0.0,0.0,4.17,6.89,CENTER_DUAL,257.6,-62.4,1.0,,
19:15:32.268,6.4,MANUAL,0,0,0.0,0.0,0.0,4.17,6.89,CENTER_DUAL,257.7,-62.3,1.0,,
19:15:33.287,7.1,MANUAL,0,0,0.0,0.0,0.0,4.17,6.89,CENTER_DUAL,257.7,-62.3,1.0,,
19:15:34.408,7.2,MANUAL,0,0,0.0,0.0,0.0,4.17,6.89,CENTER_DUAL,257.7,-62.3,1.0,,
19:15:35.427,6.4,MANUAL,0,0,0.0,0.0,0.0,4.17,6.89,CENTER_DUAL,257.7,-62.3,1.0,,
19:15:36.545,7.1,MANUAL,0,0,0.0,0.0,0.0,4.17,6.89,CENTER_DUAL,257.7,-62.3,1.0,,
19:15:37.690,7.1,MANUAL,0,0,0.0,0.0,0.0,4.17,6.89,CENTER_DUAL,257.7,-62.3,1.0,,
19:15:38.819,7.1,MANUAL,0,0,0.0,0.0,0.0,4.17,6.89,CENTER_DUAL,257.7,-62.3,1.0,,
19:15:39.825,7.1,MANUAL,0,0,0.0,0.0,0.0,4.17,6.89,CENTER_DUAL,257.7,-62.3,1.0,,
19:15:40.840,7.0,MANUAL,0,0,0.0,0.0,0.0,4.17,6.89,CENTER_DUAL,257.7,-62.3,1.0,,
19:15:41.868,6.5,MANUAL,0,0,0.0,0.0,0.0,4.17,6.89,CENTER_DUAL,257.7,-62.3,1.0,,
19:15:42.869,7.0,MANUAL,0,0,0.0,0.0,0.0,4.17,6.89,CENTER_DUAL,257.6,-62.4,1.0,,
19:15:43.995,7.2,MANUAL,0,0,0.0,0.0,0.0,4.17,6.89,CENTER_DUAL,257.6,-62.4,1.0,,
19:15:45.117,7.1,MANUAL,0,0,0.0,0.0,0.0,4.17,6.89,CENTER_DUAL,257.5,-62.5,1.0,,
19:15:46.119,7.1,MANUAL,0,0,0.0,0.0,0.0,4.17,6.89,CENTER_DUAL,257.6,-62.4,1.0,,
19:15:47.245,7.1,MANUAL,0,0,0.0,0.0,0.0,4.17,6.89,CENTER_DUAL,257.6,-62.4,1.0,,
19:15:48.387,7.1,MANUAL,0,0,0.0,0.0,0.0,4.17,6.89,CENTER_DUAL,257.7,-62.3,1.0,,
19:15:49.394,7.1,MANUAL,0,0,0.0,0.0,0.0,4.17,6.89,CENTER_DUAL,257.7,-62.3,1.0,,
19:15:50.541,7.1,MANUAL,0,0,0.0,0.0,0.0,4.17,6.89,CENTER_DUAL,257.7,-62.3,1.0,,
19:15:51.545,6.4,MANUAL,0,0,0.0,0.0,0.0,4.17,6.89,CENTER_DUAL,257.7,-62.3,1.0,,
19:15:52.563,7.1,MANUAL,0,0,0.0,0.0,0.0,4.17,6.89,CENTER_DUAL,257.7,-62.3,1.0,,
19:15:53.625,6.5,MANUAL,0,0,0.0,0.0,0.0,4.17,6.89,CENTER_DUAL,257.6,-62.4,1.0,,
19:15:54.662,7.1,MANUAL,0,0,0.0,0.0,0.0,4.17,6.89,CENTER_DUAL,257.6,-62.4,1.0,,
19:15:55.732,6.4,MANUAL,0,0,0.0,0.0,0.0,4.17,6.89,CENTER_DUAL,257.6,-62.4,1.0,,
19:15:56.766,6.4,MANUAL,0,0,0.0,0.0,0.0,4.17,6.89,CENTER_DUAL,257.6,-62.4,1.0,,
19:15:57.848,6.4,MANUAL,0,0,0.0,0.0,0.0,4.17,6.89,CENTER_DUAL,257.6,-62.4,1.0,,
19:15:58.926,6.5,MANUAL,0,0,0.0,0.0,0.0,4.17,6.89,CENTER_DUAL,257.6,-62.4,1.0,,
19:16:00.014,6.3,MANUAL,0,0,0.0,0.0,0.0,4.17,6.89,CENTER_DUAL,257.5,-62.5,1.0,,
19:16:01.022,7.2,MANUAL,0,0,0.0,0.0,0.0,4.17,6.89,CENTER_DUAL,257.5,-62.5,1.0,,
19:16:02.087,6.3,MANUAL,0,0,0.0,0.0,0.0,4.17,6.89,CENTER_DUAL,257.5,-62.5,1.0,,
19:16:03.172,6.4,MANUAL,0,0,0.0,0.0,0.0,4.17,6.89,CENTER_DUAL,257.5,-62.5,1.0,,
19:16:04.226,5.9,MANUAL,0,0,0.0,0.0,0.0,4.17,6.89,CENTER_DUAL,257.4,-62.6,1.0,,
19:16:05.251,6.4,MANUAL,0,0,0.0,0.0,0.0,4.17,6.89,CENTER_DUAL,257.5,-62.5,1.0,,
19:16:06.314,6.5,MANUAL,0,0,0.0,0.0,0.0,4.17,6.89,CENTER_DUAL,257.4,-62.6,1.0,,
19:16:07.381,7.1,MANUAL,0,0,0.0,0.0,0.0,4.17,6.89,CENTER_DUAL,257.4,-62.6,1.0,,
19:16:08.436,6.4,MANUAL,0,0,0.0,0.0,0.0,4.17,6.89,CENTER_DUAL,257.4,-62.6,1.0,,
19:16:09.495,7.0,MANUAL,0,0,0.0,0.0,0.0,4.17,6.89,CENTER_DUAL,257.4,-62.6,1.0,,
19:16:10.552,7.0,MANUAL,0,0,0.0,0.0,0.0,4.17,6.89,CENTER_DUAL,257.4,-62.6,1.0,,
19:16:11.609,7.2,MANUAL,0,0,0.0,0.0,0.0,4.17,6.89,CENTER_DUAL,257.4,-62.6,1.0,,
19:16:12.672,7.1,MANUAL,0,0,0.0,0.0,0.0,4.17,6.89,CENTER_DUAL,257.4,-62.6,1.0,,
19:16:13.840,6.4,MANUAL,0,0,0.0,0.0,0.0,4.17,6.89,CENTER_DUAL,257.4,-62.6,1.0,,
19:16:14.872,7.1,MANUAL,0,0,0.0,0.0,0.0,4.17,6.89,CENTER_DUAL,257.3,-62.7,1.0,,
19:16:15.957,6.5,MANUAL,0,0,0.0,0.0,0.0,4.17,6.89,CENTER_DUAL,257.3,-62.7,1.0,,
19:16:17.009,6.4,MANUAL,0,0,0.0,0.0,0.0,4.17,6.89,CENTER_DUAL,257.3,-62.7,1.0,,
19:16:18.147,6.4,MANUAL,0,0,0.0,0.0,0.0,4.17,6.89,CENTER_DUAL,257.3,-62.7,1.0,,
19:16:19.196,6.5,MANUAL,0,0,0.0,0.0,0.0,4.17,6.89,CENTER_DUAL,257.3,-62.7,1.0,,
19:16:20.245,7.2,MANUAL,0,0,0.0,0.0,0.0,4.17,6.89,CENTER_DUAL,257.2,-62.8,1.0,,
19:16:21.245,7.2,MANUAL,0,0,0.0,0.0,0.0,4.17,6.89,CENTER_DUAL,257.2,-62.8,1.0,,
19:16:22.394,6.4,MANUAL,0,0,0.0,0.0,0.0,4.17,6.89,CENTER_DUAL,257.2,-62.8,1.0,,
19:16:23.426,7.1,MANUAL,0,0,0.0,0.0,0.0,4.17,6.89,CENTER_DUAL,257.3,-62.7,1.0,,
19:16:24.455,7.2,MANUAL,0,0,0.0,0.0,0.0,4.17,6.89,CENTER_DUAL,257.3,-62.7,1.0,,
19:16:25.524,6.5,MANUAL,0,0,0.0,0.0,0.0,4.17,6.89,CENTER_DUAL,257.3,-62.7,1.0,,
19:16:26.605,6.4,MANUAL,0,0,0.0,0.0,0.0,4.17,6.89,CENTER_DUAL,257.3,-62.7,1.0,,
19:16:27.639,6.3,MANUAL,0,0,0.0,0.0,0.0,4.17,6.89,CENTER_DUAL,257.2,-62.8,1.0,,
19:16:28.750,6.3,MANUAL,0,0,0.0,0.0,0.0,4.17,6.89,CENTER_DUAL,257.2,-62.8,1.0,,
19:16:29.848,6.4,MANUAL,0,0,0.0,0.0,0.0,4.17,6.89,CENTER_DUAL,257.1,-62.9,1.0,,
19:16:30.893,7.1,MANUAL,0,0,0.0,0.0,0.0,4.17,6.89,CENTER_DUAL,257.2,-62.8,1.0,,
19:16:32.035,7.0,MANUAL,0,0,0.0,0.0,0.0,4.17,6.89,CENTER_DUAL,257.2,-62.8,1.0,,
19:16:33.046,7.1,MANUAL,0,0,0.0,0.0,0.0,4.17,6.89,CENTER_DUAL,257.2,-62.8,1.0,,
19:16:34.105,6.4,MANUAL,0,0,0.0,0.0,0.0,4.17,6.89,CENTER_DUAL,257.3,-62.7,1.0,,
19:16:35.140,7.0,MANUAL,0,0,0.0,0.0,0.0,4.17,6.89,CENTER_DUAL,257.3,-62.7,1.0,,
19:16:36.278,7.0,MANUAL,0,0,0.0,0.0,0.0,4.17,6.89,CENTER_DUAL,257.4,-62.6,1.0,,
19:16:37.330,6.4,MANUAL,0,0,0.0,0.0,0.0,4.17,6.89,CENTER_DUAL,257.4,-62.6,1.0,,
19:16:38.390,6.4,MANUAL,0,0,0.0,0.0,0.0,4.17,6.89,CENTER_DUAL,257.4,-62.6,1.0,,
19:16:39.415,7.2,MANUAL,0,0,0.0,0.0,0.0,4.17,6.89,CENTER_DUAL,257.4,-62.6,1.0,,
19:16:40.461,6.4,MANUAL,0,0,0.0,0.0,0.0,4.17,6.89,CENTER_DUAL,257.4,-62.6,1.0,,
19:16:41.534,6.5,MANUAL,0,0,0.0,0.0,0.0,4.17,6.89,CENTER_DUAL,257.4,-62.6,1.0,,
19:16:42.609,6.4,MANUAL,0,0,0.0,0.0,0.0,4.17,6.89,CENTER_DUAL,257.4,-62.6,1.0,,
19:16:43.629,6.4,MANUAL,0,0,0.0,0.0,0.0,4.17,6.89,CENTER_DUAL,257.4,-62.6,1.0,,
19:16:44.691,7.1,MANUAL,0,0,0.0,0.0,0.0,4.17,6.89,CENTER_DUAL,257.4,-62.6,1.0,,
19:16:45.820,7.1,MANUAL,0,0,0.0,0.0,0.0,4.17,6.89,CENTER_DUAL,257.4,-62.6,1.0,,
19:16:46.861,6.5,MANUAL,0,0,0.0,0.0,0.0,4.17,6.89,CENTER_DUAL,257.4,-62.6,1.0,,
19:16:47.995,7.1,MANUAL,0,0,0.0,0.0,0.0,4.17,6.89,CENTER_DUAL,257.4,-62.6,1.0,,
19:16:49.043,7.1,MANUAL,0,0,0.0,0.0,0.0,4.17,6.89,CENTER_DUAL,257.4,-62.6,1.0,,
19:16:50.061,7.2,MANUAL,0,0,0.0,0.0,0.0,4.17,6.89,CENTER_DUAL,257.4,-62.6,1.0,,
19:16:51.119,7.0,MANUAL,0,0,0.0,0.0,0.0,4.17,6.89,CENTER_DUAL,257.4,-62.6,1.0,,
19:16:52.150,7.1,MANUAL,0,0,0.0,0.0,0.0,4.17,6.89,CENTER_DUAL,257.4,-62.6,1.0,,
19:16:53.174,6.4,MANUAL,0,0,0.0,0.0,0.0,4.17,6.89,CENTER_DUAL,257.3,-62.7,1.0,,
19:16:54.319,6.4,MANUAL,0,0,0.0,0.0,0.0,4.17,6.89,CENTER_DUAL,257.4,-62.6,1.0,,
19:16:55.386,6.4,MANUAL,0,0,0.0,0.0,0.0,4.17,6.89,CENTER_DUAL,257.4,-62.6,1.0,,
19:16:56.447,7.2,MANUAL,0,0,0.0,0.0,0.0,4.17,6.89,CENTER_DUAL,257.4,-62.6,1.0,,
19:16:57.504,6.3,MANUAL,0,0,0.0,0.0,0.0,4.17,6.89,CENTER_DUAL,257.4,-62.6,1.0,,
19:16:58.521,6.5,MANUAL,0,0,0.0,0.0,0.0,4.17,6.89,CENTER_DUAL,257.4,-62.6,1.0,,
19:16:59.556,6.4,MANUAL,0,0,0.0,0.0,0.0,4.17,6.89,CENTER_DUAL,257.5,-62.5,1.0,,
19:17:00.699,7.1,MANUAL,0,0,0.0,0.0,0.0,4.17,6.89,CENTER_DUAL,257.5,-62.5,1.0,,
19:17:01.719,7.1,MANUAL,0,0,0.0,0.0,0.0,4.17,6.89,CENTER_DUAL,257.5,-62.5,1.0,,
19:17:02.857,7.1,MANUAL,0,0,0.0,0.0,0.0,4.17,6.89,CENTER_DUAL,257.5,-62.5,1.0,,
19:17:03.893,7.2,MANUAL,0,0,0.0,0.0,0.0,4.17,6.89,CENTER_DUAL,257.5,-62.5,1.0,,
19:17:04.925,7.1,MANUAL,0,0,0.0,0.0,0.0,4.17,6.89,CENTER_DUAL,257.5,-62.5,1.0,,
19:17:06.069,6.4,MANUAL,0,0,0.0,0.0,0.0,4.17,6.89,CENTER_DUAL,257.4,-62.6,1.0,,
19:17:07.142,7.0,MANUAL,0,0,0.0,0.0,0.0,4.17,6.89,CENTER_DUAL,257.4,-62.6,1.0,,
19:17:08.179,6.4,MANUAL,0,0,0.0,0.0,0.0,4.17,6.89,CENTER_DUAL,257.4,-62.6,1.0,,
19:17:09.255,7.1,MANUAL,0,0,0.0,0.0,0.0,4.17,6.89,CENTER_DUAL,257.4,-62.6,1.0,,
19:17:10.279,6.5,MANUAL,0,0,0.0,0.0,0.0,4.17,6.89,CENTER_DUAL,257.4,-62.6,1.0,,
19:17:11.374,7.1,MANUAL,0,0,0.0,0.0,0.0,4.17,6.89,CENTER_DUAL,257.3,-62.7,1.0,,
19:17:12.431,7.1,MANUAL,0,0,0.0,0.0,0.0,4.17,6.89,CENTER_DUAL,257.4,-62.6,1.0,,
19:17:13.446,7.1,MANUAL,0,0,0.0,0.0,0.0,4.17,6.89,CENTER_DUAL,257.5,-62.5,1.0,,
19:17:14.486,6.3,MANUAL,0,0,0.0,0.0,0.0,4.17,6.89,CENTER_DUAL,257.5,-62.5,1.0,,
19:17:15.558,6.4,MANUAL,0,0,0.0,0.0,0.0,4.17,6.89,CENTER_DUAL,257.5,-62.5,1.0,,
19:17:16.600,7.1,MANUAL,0,0,0.0,0.0,0.0,4.17,6.89,CENTER_DUAL,257.6,-62.4,1.0,,
19:17:17.698,6.4,MANUAL,0,0,0.0,0.0,0.0,4.17,6.89,CENTER_DUAL,257.6,-62.4,1.0,,
19:17:18.738,5.9,MANUAL,0,0,0.0,0.0,0.0,4.17,6.89,CENTER_DUAL,257.6,-62.4,1.0,,
19:17:19.860,6.4,MANUAL,0,0,0.0,0.0,0.0,4.17,6.89,CENTER_DUAL,257.7,-62.3,1.0,,
19:17:20.868,5.3,MANUAL,0,0,0.0,0.0,0.0,4.17,6.89,CENTER_DUAL,257.7,-62.3,1.0,,
19:17:21.962,5.8,MANUAL,0,0,0.0,0.0,0.0,4.17,6.89,CENTER_DUAL,257.7,-62.3,1.0,,
19:17:23.021,6.4,MANUAL,0,0,0.0,0.0,0.0,4.17,6.89,CENTER_DUAL,257.7,-62.3,1.0,,
19:17:24.155,7.2,MANUAL,0,0,0.0,0.0,0.0,4.17,6.89,CENTER_DUAL,257.7,-62.3,1.0,,
19:17:25.172,7.0,MANUAL,0,0,0.0,0.0,0.0,4.17,6.89,CENTER_DUAL,257.8,-62.2,1.0,,
19:17:26.308,7.1,MANUAL,0,0,0.0,0.0,0.0,4.17,6.89,CENTER_DUAL,257.9,-62.1,1.0,,
19:17:27.383,6.4,MANUAL,0,0,0.0,0.0,0.0,4.17,6.89,CENTER_DUAL,257.9,-62.1,1.0,,
19:17:28.418,6.4,MANUAL,0,0,0.0,0.0,0.0,4.17,6.89,CENTER_DUAL,257.9,-62.1,1.0,,
19:17:29.512,6.3,MANUAL,0,0,0.0,0.0,0.0,4.17,6.89,CENTER_DUAL,257.9,-62.1,1.0,,
19:17:30.581,6.4,MANUAL,0,0,0.0,0.0,0.0,4.17,6.89,CENTER_DUAL,257.9,-62.1,1.0,,
19:17:31.639,6.5,MANUAL,0,0,0.0,0.0,0.0,4.17,6.89,CENTER_DUAL,257.9,-62.1,1.0,,
19:17:32.667,6.9,MANUAL,0,0,0.0,0.0,0.0,4.17,6.89,CENTER_DUAL,257.9,-62.1,1.0,,
19:17:33.796,7.1,MANUAL,0,0,0.0,0.0,0.0,4.17,6.89,CENTER_DUAL,257.9,-62.1,1.0,,
19:17:34.804,7.1,MANUAL,0,0,0.0,0.0,0.0,4.17,6.89,CENTER_DUAL,257.8,-62.2,1.0,,
19:17:35.831,7.1,MANUAL,0,0,0.0,0.0,0.0,4.17,6.89,CENTER_DUAL,257.8,-62.2,1.0,,
19:17:36.885,6.5,MANUAL,0,0,0.0,0.0,0.0,4.17,6.89,CENTER_DUAL,257.8,-62.2,1.0,,
19:17:37.897,6.5,MANUAL,0,0,0.0,0.0,0.0,4.17,6.89,CENTER_DUAL,257.8,-62.2,1.0,,
19:17:38.952,7.1,MANUAL,0,0,0.0,0.0,0.0,4.17,6.89,CENTER_DUAL,257.7,-62.3,1.0,,
19:17:40.005,6.4,MANUAL,0,0,0.0,0.0,0.0,4.17,6.89,CENTER_DUAL,257.7,-62.3,1.0,,
19:17:41.055,6.4,MANUAL,0,0,0.0,0.0,0.0,4.17,6.89,CENTER_DUAL,257.7,-62.3,1.0,,
19:17:42.106,6.4,MANUAL,0,0,0.0,0.0,0.0,4.17,6.89,CENTER_DUAL,257.6,-62.4,1.0,,
19:17:43.139,6.4,MANUAL,0,0,0.0,0.0,0.0,4.17,6.89,CENTER_DUAL,257.4,-62.6,1.0,,
19:17:44.146,7.1,MANUAL,0,0,0.0,0.0,0.0,4.17,6.89,CENTER_DUAL,256.6,-63.4,1.0,,
19:17:45.304,7.0,MANUAL,0,0,0.0,0.0,0.0,4.17,6.89,CENTER_DUAL,294.8,-25.2,1.0,,
19:17:46.385,6.4,MANUAL,0,0,0.0,0.0,0.0,4.17,6.89,CENTER_DUAL,290.8,-29.2,1.0,,
19:17:47.408,7.0,MANUAL,0,0,0.0,0.0,0.0,4.17,6.89,CENTER_DUAL,262.2,-57.8,1.0,,
19:17:48.436,7.1,MANUAL,0,0,0.0,0.0,0.0,4.17,6.89,CENTER_DUAL,255.9,-64.1,1.0,,
19:17:49.438,7.1,MANUAL,0,0,0.0,0.0,0.0,4.17,6.89,CENTER_DUAL,252.9,-67.1,1.0,,
19:17:50.446,6.6,MANUAL,0,0,0.0,0.0,0.0,4.17,6.89,CENTER_DUAL,251.3,-68.7,1.0,,
19:17:51.594,7.3,MANUAL,0,0,0.0,0.0,0.0,4.17,6.89,CENTER_DUAL,249.9,-70.1,1.0,,
19:17:52.604,7.0,MANUAL,0,0,0.0,0.0,0.0,4.17,6.89,CENTER_DUAL,248.9,-71.1,1.0,,
19:17:53.745,7.2,MANUAL,0,0,0.0,0.0,0.0,4.17,6.89,CENTER_DUAL,248.1,-71.9,1.0,,
19:17:54.886,7.1,MANUAL,0,0,0.0,0.0,0.0,4.17,6.89,CENTER_DUAL,247.6,-72.4,1.0,,
19:17:55.891,7.1,MANUAL,0,0,0.0,0.0,0.0,4.17,6.89,CENTER_DUAL,247.3,-72.7,1.0,,
19:17:56.901,6.4,MANUAL,0,0,0.0,0.0,0.0,4.17,6.89,CENTER_DUAL,247.0,-73.0,1.0,,
19:17:57.935,6.4,MANUAL,0,0,0.0,0.0,0.0,4.17,6.89,CENTER_DUAL,246.8,-73.2,1.0,,
19:17:58.947,7.1,MANUAL,0,0,0.0,0.0,0.0,4.17,6.89,CENTER_DUAL,246.7,-73.3,1.0,,
19:18:00.081,6.4,MANUAL,0,0,0.0,0.0,0.0,4.17,6.89,CENTER_DUAL,246.7,-73.3,1.0,,
19:18:01.218,7.1,MANUAL,0,0,0.0,0.0,0.0,4.17,6.89,CENTER_DUAL,246.6,-73.4,1.0,,
19:18:02.333,7.3,MANUAL,0,0,0.0,0.0,0.0,4.17,6.89,CENTER_DUAL,246.6,-73.4,1.0,,
19:18:03.454,7.2,MANUAL,0,0,0.0,0.0,0.0,4.17,6.89,CENTER_DUAL,246.6,-73.4,1.0,,
19:18:04.461,7.1,MANUAL,0,0,0.0,0.0,0.0,4.17,6.89,CENTER_DUAL,246.6,-73.4,1.0,,
19:18:05.481,7.1,MANUAL,0,0,0.0,0.0,0.0,4.17,6.89,CENTER_DUAL,246.6,-73.4,1.0,,
19:18:06.619,7.2,MANUAL,0,0,0.0,0.0,0.0,4.17,6.89,CENTER_DUAL,246.7,-73.3,1.0,,
19:18:07.762,7.1,MANUAL,0,0,0.0,0.0,0.0,4.17,6.89,CENTER_DUAL,246.7,-73.3,1.0,,
19:18:08.895,7.1,MANUAL,0,0,0.0,0.0,0.0,4.17,6.89,CENTER_DUAL,246.6,-73.4,1.0,,
19:18:10.019,7.1,MANUAL,0,0,0.0,0.0,0.0,4.17,6.89,CENTER_DUAL,241.2,-78.8,1.0,,
19:18:11.147,6.3,MANUAL,0,0,0.0,0.0,0.0,4.17,6.89,CENTER_DUAL,273.8,-46.2,1.0,,
19:18:12.990,0.8,MANUAL,0,0,0.0,0.0,0.0,4.17,6.89,CENTER_DUAL,285.8,-34.2,1.0,,
19:18:13.994,7.1,MANUAL,0,0,0.0,0.0,0.0,4.17,6.89,CENTER_DUAL,289.1,-30.9,1.0,,
19:18:15.057,7.1,MANUAL,0,0,0.0,0.0,0.0,4.17,6.89,CENTER_DUAL,283.2,-36.8,1.0,,
19:18:16.156,9.2,MANUAL,0,0,0.0,0.0,0.0,4.17,6.89,CENTER_DUAL,269.1,-50.9,1.0,,
19:18:17.175,5.9,MANUAL,0,0,0.0,0.0,0.0,4.17,6.89,CENTER_DUAL,259.6,-60.4,1.0,,
19:18:18.193,5.7,MANUAL,0,0,0.0,0.0,0.0,4.17,6.89,CENTER_DUAL,255.9,-64.1,1.0,,
19:18:19.359,4.6,MANUAL,0,0,0.0,0.0,0.0,4.17,6.89,CENTER_DUAL,261.4,-58.6,1.0,,
19:18:20.395,4.6,MANUAL,0,0,0.0,0.0,0.0,4.17,6.89,CENTER_DUAL,303.3,-16.7,1.0,,
19:18:21.559,3.8,MANUAL,0,0,0.0,0.0,0.0,4.17,6.89,CENTER_DUAL,321.5,1.5,1.0,,
19:18:22.667,4.3,MANUAL,0,0,0.0,0.0,0.0,4.17,6.89,CENTER_DUAL,343.3,23.3,1.0,,
19:18:23.799,4.6,MANUAL,0,0,0.0,0.0,0.0,4.17,6.89,CENTER_DUAL,348.5,28.5,1.0,,
19:18:24.919,4.9,MANUAL,0,0,0.0,0.0,0.0,4.17,6.89,CENTER_DUAL,358.5,38.5,1.0,,
19:18:26.077,6.4,MANUAL,0,0,0.0,0.0,0.0,4.17,6.89,CENTER_DUAL,367.8,47.8,1.0,,
19:18:27.198,6.4,MANUAL,0,0,0.0,0.0,0.0,4.17,6.89,CENTER_DUAL,358.3,38.3,1.0,,
19:18:28.221,7.0,MANUAL,0,0,0.0,0.0,0.0,4.17,6.89,CENTER_DUAL,355.7,35.7,1.0,,
19:18:29.225,4.8,MANUAL,0,0,0.0,0.0,0.0,4.17,6.89,CENTER_DUAL,356.4,36.4,1.0,,
19:18:30.256,5.8,MANUAL,0,0,0.0,0.0,0.0,4.17,6.89,CENTER_DUAL,365.5,45.5,1.0,,
19:18:31.275,5.8,MANUAL,0,0,0.0,0.0,0.0,4.17,6.89,CENTER_DUAL,372.1,52.1,1.0,,
19:18:32.410,5.9,MANUAL,0,0,0.0,0.0,0.0,4.17,6.89,CENTER_DUAL,367.8,47.8,1.0,,
19:18:33.547,5.8,MANUAL,0,0,0.0,0.0,0.0,4.17,6.89,CENTER_DUAL,363.9,43.9,1.0,,
19:18:34.656,5.0,MANUAL,0,0,0.0,0.0,0.0,4.17,6.89,CENTER_DUAL,363.7,43.7,1.0,,
19:18:35.734,5.9,MANUAL,0,0,0.0,0.0,0.0,4.17,6.89,CENTER_DUAL,313.9,-6.1,1.0,,
19:18:36.743,5.8,MANUAL,0,0,0.0,0.0,0.0,4.17,6.89,CENTER_DUAL,341.0,21.0,1.0,,
19:18:37.858,4.9,MANUAL,0,0,0.0,0.0,0.0,4.17,6.89,CENTER_DUAL,337.6,17.6,1.0,,
19:18:38.938,5.8,MANUAL,0,0,0.0,0.0,0.0,4.17,6.89,CENTER_DUAL,325.0,5.0,1.0,,
19:18:39.958,12.9,MANUAL,0,0,0.0,0.0,0.0,4.17,6.89,,320.0,0.0,0.0,,
19:18:41.063,13.0,MANUAL,0,0,0.0,0.0,0.0,4.17,6.89,CENTER_DUAL,322.9,2.9,1.0,,
19:18:42.116,5.6,MANUAL,0,0,0.0,0.0,0.0,4.17,6.89,CENTER_DUAL,373.3,53.3,1.0,,
19:18:43.276,5.0,MANUAL,0,0,0.0,0.0,0.0,4.17,6.89,CENTER_DUAL,365.1,45.1,1.0,,
19:18:44.388,5.3,MANUAL,0,0,0.0,0.0,0.0,4.17,6.89,CENTER_DUAL,390.8,70.8,1.0,,
19:18:45.476,5.4,MANUAL,0,0,0.0,0.0,0.0,4.17,6.89,CENTER_DUAL,369.8,49.8,1.0,,
19:18:46.676,4.8,MANUAL,0,0,0.0,0.0,0.0,4.17,6.89,LEFT_LANE_ONLY,380.2,60.2,0.5,,
19:18:47.706,5.0,MANUAL,0,0,0.0,0.0,0.0,4.17,6.89,LEFT_LANE_ONLY,304.5,-15.5,0.5,,
19:18:48.828,4.6,MANUAL,0,0,0.0,0.0,0.0,4.17,6.89,CENTER_DUAL,272.5,-47.5,1.0,,
19:18:49.991,4.0,MANUAL,0,0,0.0,0.0,0.0,4.17,6.89,CENTER_DUAL,263.5,-56.5,1.0,,
19:18:51.202,4.6,MANUAL,0,0,0.0,0.0,0.0,4.17,6.89,CENTER_DUAL,246.3,-73.7,1.0,,
19:18:52.433,3.8,MANUAL,0,0,0.0,0.0,0.0,4.17,6.89,CENTER_DUAL,227.0,-93.0,1.0,,
19:18:53.520,3.1,MANUAL,0,0,0.0,0.0,0.0,4.17,6.89,CENTER_DUAL,224.0,-96.0,1.0,,
19:18:54.587,5.3,MANUAL,0,0,0.0,0.0,0.0,4.17,6.89,CENTER_DUAL,224.3,-95.7,1.0,,
19:18:55.667,4.5,MANUAL,0,0,0.0,0.0,0.0,4.17,6.89,CENTER_DUAL,226.8,-93.2,1.0,,
19:18:56.777,4.8,MANUAL,0,0,0.0,0.0,0.0,4.17,6.89,CENTER_DUAL,238.1,-81.9,1.0,,
19:18:57.947,5.3,MANUAL,0,0,0.0,0.0,0.0,4.17,6.89,CENTER_DUAL,243.4,-76.6,1.0,,
19:18:59.092,5.3,MANUAL,0,0,0.0,0.0,0.0,4.17,6.89,CENTER_DUAL,261.3,-58.7,1.0,,
19:19:00.127,4.9,MANUAL,0,0,0.0,0.0,0.0,4.17,6.89,CENTER_DUAL,297.1,-22.9,1.0,,
19:19:01.296,5.3,MANUAL,0,0,0.0,0.0,0.0,4.17,6.89,CENTER_DUAL,312.3,-7.7,1.0,,
19:19:02.344,4.5,MANUAL,0,0,0.0,0.0,0.0,4.17,6.89,CENTER_DUAL,321.5,1.5,1.0,,
19:19:03.406,4.9,MANUAL,0,0,0.0,0.0,0.0,4.17,6.89,CENTER_DUAL,325.4,5.4,1.0,,
19:19:04.572,5.3,MANUAL,0,0,0.0,0.0,0.0,4.17,6.89,CENTER_DUAL,325.3,5.3,1.0,,
19:19:05.772,5.0,MANUAL,0,0,0.0,0.0,0.0,4.17,6.89,CENTER_DUAL,324.5,4.5,1.0,,
19:19:06.914,5.4,MANUAL,0,0,0.0,0.0,0.0,4.17,6.89,CENTER_DUAL,309.4,-10.6,1.0,,
19:19:08.071,5.0,MANUAL,0,0,0.0,0.0,0.0,4.17,6.89,CENTER_DUAL,307.3,-12.7,1.0,,
19:19:09.094,4.9,MANUAL,0,0,0.0,0.0,0.0,4.17,6.89,CENTER_DUAL,309.5,-10.5,1.0,,
19:19:10.213,5.3,MANUAL,0,0,0.0,0.0,0.0,4.17,6.89,CENTER_DUAL,301.3,-18.7,1.0,,
19:19:11.331,5.3,MANUAL,0,0,0.0,0.0,0.0,4.17,6.89,CENTER_DUAL,300.4,-19.6,1.0,,
19:19:12.437,5.8,MANUAL,0,0,0.0,0.0,0.0,4.17,6.89,CENTER_DUAL,295.6,-24.4,1.0,,
19:19:13.564,5.3,MANUAL,0,0,0.0,0.0,0.0,4.17,6.89,CENTER_DUAL,294.7,-25.3,1.0,,
19:19:14.734,4.9,MANUAL,0,0,0.0,0.0,0.0,4.17,6.89,CENTER_DUAL,306.8,-13.2,1.0,,
19:19:15.742,5.3,MANUAL,0,0,0.0,0.0,0.0,4.17,6.89,CENTER_DUAL,310.7,-9.3,1.0,,
19:19:16.878,5.4,MANUAL,0,0,0.0,0.0,0.0,4.17,6.89,CENTER_DUAL,293.8,-26.2,1.0,,
19:19:18.077,4.9,MANUAL,0,0,0.0,0.0,0.0,4.17,6.89,CENTER_DUAL,312.7,-7.3,1.0,,
19:19:19.269,4.9,MANUAL,0,0,0.0,0.0,0.0,4.17,6.89,CENTER_DUAL,294.4,-25.6,1.0,,
19:19:20.435,5.3,MANUAL,0,0,0.0,0.0,0.0,4.17,6.89,CENTER_DUAL,276.0,-44.0,1.0,,
19:19:21.564,5.3,MANUAL,0,0,0.0,0.0,0.0,4.17,6.89,CENTER_DUAL,350.1,30.1,1.0,,
19:19:22.728,5.0,MANUAL,0,0,0.0,0.0,0.0,4.17,6.89,CENTER_DUAL,357.8,37.8,1.0,,
19:19:23.854,5.4,MANUAL,0,0,0.0,0.0,0.0,4.17,6.89,CENTER_DUAL,360.5,40.5,1.0,,
19:19:25.043,5.0,MANUAL,0,0,0.0,0.0,0.0,4.17,6.89,CENTER_DUAL,368.4,48.4,1.0,,
19:19:26.079,4.9,MANUAL,0,0,0.0,0.0,0.0,4.17,6.89,CENTER_DUAL,382.0,62.0,1.0,,
19:19:27.179,4.6,MANUAL,0,0,0.0,0.0,0.0,4.17,6.89,CENTER_DUAL,384.3,64.3,1.0,,
19:19:28.208,4.9,MANUAL,0,0,0.0,0.0,0.0,4.17,6.89,CENTER_DUAL,375.8,55.8,1.0,,
19:19:29.239,5.0,MANUAL,0,0,0.0,0.0,0.0,4.17,6.89,CENTER_DUAL,351.7,31.7,1.0,,
19:19:30.389,5.3,MANUAL,0,0,0.0,0.0,0.0,4.17,6.89,CENTER_DUAL,350.7,30.7,1.0,,
19:19:31.448,5.8,MANUAL,0,0,0.0,0.0,0.0,4.17,6.89,CENTER_DUAL,349.8,29.8,1.0,,
19:19:32.616,5.0,MANUAL,0,0,0.0,0.0,0.0,4.17,6.89,CENTER_DUAL,349.0,29.0,1.0,,
19:19:33.730,5.1,MANUAL,0,0,0.0,0.0,0.0,4.17,6.89,CENTER_DUAL,348.5,28.5,1.0,,
19:19:34.917,5.4,MANUAL,0,0,0.0,0.0,0.0,4.17,6.89,CENTER_DUAL,348.1,28.1,1.0,,
19:19:36.037,4.5,MANUAL,0,0,0.0,0.0,0.0,4.17,6.89,CENTER_DUAL,347.9,27.9,1.0,,
19:19:37.205,4.9,MANUAL,0,0,0.0,0.0,0.0,4.17,6.89,CENTER_DUAL,347.6,27.6,1.0,,
19:19:38.238,4.6,MANUAL,0,0,0.0,0.0,0.0,4.17,6.89,CENTER_DUAL,347.4,27.4,1.0,,
19:19:39.452,4.5,MANUAL,0,0,0.0,0.0,0.0,4.17,6.89,CENTER_DUAL,347.3,27.3,1.0,,
19:19:40.675,4.0,MANUAL,0,0,0.0,0.0,0.0,4.17,6.89,CENTER_DUAL,347.2,27.2,1.0,,
19:19:41.715,4.3,MANUAL,0,0,0.0,0.0,0.0,4.17,6.89,CENTER_DUAL,347.2,27.2,1.0,,
19:19:42.913,4.0,MANUAL,0,0,0.0,0.0,0.0,4.17,6.89,CENTER_DUAL,347.1,27.1,1.0,,
19:19:44.106,4.2,MANUAL,0,0,0.0,0.0,0.0,4.17,6.89,CENTER_DUAL,350.7,30.7,1.0,,
19:19:45.168,3.2,MANUAL,0,0,0.0,0.0,0.0,4.17,6.89,CENTER_DUAL,362.3,42.3,1.0,,
19:19:46.261,3.8,MANUAL,0,0,0.0,0.0,0.0,4.17,6.89,CENTER_DUAL,376.4,56.4,1.0,,
19:19:47.535,3.5,MANUAL,0,0,0.0,0.0,0.0,4.17,6.89,CENTER_DUAL,381.6,61.6,1.0,,
19:19:48.685,3.3,MANUAL,0,0,0.0,0.0,0.0,4.17,6.89,CENTER_DUAL,383.8,63.8,1.0,,
19:19:49.855,3.2,MANUAL,0,0,0.0,0.0,0.0,4.17,6.89,CENTER_DUAL,384.3,64.3,1.0,,
19:19:51.059,4.2,MANUAL,0,0,0.0,0.0,0.0,4.17,6.89,CENTER_DUAL,384.6,64.6,1.0,,
19:19:52.266,4.3,MANUAL,0,0,0.0,0.0,0.0,4.17,6.89,CENTER_DUAL,361.7,41.7,1.0,,
19:19:53.420,4.6,MANUAL,0,0,0.0,0.0,0.0,4.17,6.89,CENTER_DUAL,360.7,40.7,1.0,,
19:19:54.587,4.6,MANUAL,0,0,0.0,0.0,0.0,4.17,6.89,CENTER_DUAL,358.1,38.1,1.0,,
19:19:55.774,4.0,MANUAL,0,0,0.0,0.0,0.0,4.17,6.89,CENTER_DUAL,357.0,37.0,1.0,,
19:19:56.992,4.3,MANUAL,0,0,0.0,0.0,0.0,4.17,6.89,CENTER_DUAL,354.6,34.6,1.0,,
19:19:58.143,4.4,MANUAL,0,0,0.0,0.0,0.0,4.17,6.89,CENTER_DUAL,350.7,30.7,1.0,,
19:19:59.331,4.3,MANUAL,0,0,0.0,0.0,0.0,4.17,6.89,CENTER_DUAL,348.2,28.2,1.0,,
19:20:00.537,4.0,MANUAL,0,0,0.0,0.0,0.0,4.17,6.89,CENTER_DUAL,347.5,27.5,1.0,,
19:20:01.601,4.6,MANUAL,0,0,0.0,0.0,0.0,4.17,6.89,CENTER_DUAL,343.7,23.7,1.0,,
19:20:02.689,4.6,MANUAL,0,0,0.0,0.0,0.0,4.17,6.89,CENTER_DUAL,343.2,23.2,1.0,,
19:20:03.740,5.3,MANUAL,0,0,0.0,0.0,0.0,4.17,6.89,CENTER_DUAL,343.0,23.0,1.0,,
19:20:04.961,5.0,MANUAL,0,0,0.0,0.0,0.0,4.17,6.89,CENTER_DUAL,349.4,29.4,1.0,,
19:20:06.065,4.3,MANUAL,0,0,0.0,0.0,0.0,4.17,6.89,CENTER_DUAL,356.4,36.4,1.0,,
19:20:07.260,4.6,MANUAL,0,0,0.0,0.0,0.0,4.17,6.89,CENTER_DUAL,357.4,37.4,1.0,,
19:20:08.292,4.0,MANUAL,0,0,0.0,0.0,0.0,4.17,6.89,CENTER_DUAL,358.2,38.2,1.0,,
19:20:09.367,5.0,MANUAL,0,0,0.0,0.0,0.0,4.17,6.89,CENTER_DUAL,358.8,38.8,1.0,,
19:20:10.472,4.3,MANUAL,0,0,0.0,0.0,0.0,4.17,6.89,CENTER_DUAL,359.1,39.1,1.0,,
19:20:11.544,4.6,MANUAL,0,0,0.0,0.0,0.0,4.17,6.89,CENTER_DUAL,358.8,38.8,1.0,,
19:20:12.675,4.5,MANUAL,0,0,0.0,0.0,0.0,4.17,6.89,CENTER_DUAL,353.0,33.0,1.0,,
19:20:13.786,4.6,MANUAL,0,0,0.0,0.0,0.0,4.17,6.89,CENTER_DUAL,350.7,30.7,1.0,,
19:20:14.914,4.5,MANUAL,0,0,0.0,0.0,0.0,4.17,6.89,CENTER_DUAL,330.8,10.8,1.0,,
19:20:16.009,4.7,MANUAL,0,0,0.0,0.0,0.0,4.17,6.89,CENTER_DUAL,291.3,-28.7,1.0,,
19:20:17.182,4.0,MANUAL,0,0,0.0,0.0,0.0,4.17,6.89,CENTER_DUAL,309.8,-10.2,1.0,,
19:20:18.321,4.5,MANUAL,0,0,0.0,0.0,0.0,4.17,6.89,CENTER_DUAL,325.5,5.5,1.0,,
19:20:19.403,4.9,MANUAL,0,0,0.0,0.0,0.0,4.17,6.89,CENTER_DUAL,341.1,21.1,1.0,,
19:20:20.480,4.3,MANUAL,0,0,0.0,0.0,0.0,4.17,6.89,CENTER_DUAL,345.1,25.1,1.0,,
19:20:21.596,4.3,MANUAL,0,0,0.0,0.0,0.0,4.17,6.89,CENTER_DUAL,346.0,26.0,1.0,,
19:20:22.774,4.0,MANUAL,0,0,0.0,0.0,0.0,4.17,6.89,CENTER_DUAL,347.1,27.1,1.0,,
19:20:23.909,4.3,MANUAL,0,0,0.0,0.0,0.0,4.17,6.89,CENTER_DUAL,348.2,28.2,1.0,,
19:20:25.020,4.5,MANUAL,0,0,0.0,0.0,0.0,4.17,6.89,CENTER_DUAL,348.7,28.7,1.0,,
19:20:26.158,4.3,MANUAL,0,0,0.0,0.0,0.0,4.17,6.89,CENTER_DUAL,348.9,28.9,1.0,,
19:20:27.309,4.6,MANUAL,0,0,0.0,0.0,0.0,4.17,6.89,CENTER_DUAL,349.1,29.1,1.0,,
19:20:28.379,4.5,MANUAL,0,0,0.0,0.0,0.0,4.17,6.89,CENTER_DUAL,349.6,29.6,1.0,,
19:20:29.535,4.2,MANUAL,0,0,0.0,0.0,0.0,4.17,6.89,CENTER_DUAL,346.5,26.5,1.0,,
19:20:30.712,4.3,MANUAL,0,0,0.0,0.0,0.0,4.17,6.89,CENTER_DUAL,340.7,20.7,1.0,,
19:20:31.920,4.6,MANUAL,0,0,0.0,0.0,0.0,4.17,6.89,CENTER_DUAL,341.6,21.6,1.0,,
19:20:32.948,4.9,MANUAL,0,0,0.0,0.0,0.0,4.17,6.89,CENTER_DUAL,342.8,22.8,1.0,,
19:20:34.010,5.0,MANUAL,0,0,0.0,0.0,0.0,4.17,6.89,CENTER_DUAL,343.9,23.9,1.0,,
19:20:35.158,5.3,MANUAL,0,0,0.0,0.0,0.0,4.17,6.89,CENTER_DUAL,345.0,25.0,1.0,,
19:20:36.311,5.7,MANUAL,0,0,0.0,0.0,0.0,4.17,6.89,CENTER_DUAL,346.0,26.0,1.0,,
19:20:37.320,4.9,MANUAL,0,0,0.0,0.0,0.0,4.17,6.89,CENTER_DUAL,346.7,26.7,1.0,,
19:20:38.507,4.9,MANUAL,0,0,0.0,0.0,0.0,4.17,6.89,CENTER_DUAL,347.2,27.2,1.0,,
19:20:39.694,4.9,MANUAL,0,0,0.0,0.0,0.0,4.17,6.89,CENTER_DUAL,347.5,27.5,1.0,,
19:20:40.835,5.2,MANUAL,0,0,0.0,0.0,0.0,4.17,6.89,CENTER_DUAL,347.8,27.8,1.0,,
19:20:41.854,5.3,MANUAL,0,0,0.0,0.0,0.0,4.17,6.89,CENTER_DUAL,348.2,28.2,1.0,,
19:20:43.024,5.4,MANUAL,0,0,0.0,0.0,0.0,4.17,6.89,CENTER_DUAL,348.6,28.6,1.0,,
19:20:44.066,4.9,MANUAL,0,0,0.0,0.0,0.0,4.17,6.89,CENTER_DUAL,349.0,29.0,1.0,,
19:20:45.235,5.3,MANUAL,0,0,0.0,0.0,0.0,4.17,6.89,CENTER_DUAL,349.6,29.6,1.0,,
19:20:46.248,4.9,MANUAL,0,0,0.0,0.0,0.0,4.17,6.89,CENTER_DUAL,350.1,30.1,1.0,,
19:20:47.413,4.9,MANUAL,0,0,0.0,0.0,0.0,4.17,6.89,CENTER_DUAL,350.8,30.8,1.0,,
19:20:48.427,4.9,MANUAL,0,0,0.0,0.0,0.0,4.17,6.89,CENTER_DUAL,351.2,31.2,1.0,,
19:20:49.572,5.3,MANUAL,0,0,0.0,0.0,0.0,4.17,6.89,CENTER_DUAL,351.5,31.5,1.0,,
19:20:50.791,4.5,MANUAL,0,0,0.0,0.0,0.0,4.17,6.89,CENTER_DUAL,351.9,31.9,1.0,,
19:20:51.923,4.9,MANUAL,0,0,0.0,0.0,0.0,4.17,6.89,CENTER_DUAL,352.2,32.2,1.0,,
19:20:52.931,4.9,MANUAL,0,0,0.0,0.0,0.0,4.17,6.89,CENTER_DUAL,352.4,32.4,1.0,,
19:20:54.029,4.3,MANUAL,0,0,0.0,0.0,0.0,4.17,6.89,CENTER_DUAL,352.7,32.7,1.0,,
19:20:55.187,4.3,MANUAL,0,0,0.0,0.0,0.0,4.17,6.89,CENTER_DUAL,352.8,32.8,1.0,,
19:20:56.282,5.3,MANUAL,0,0,0.0,0.0,0.0,4.17,6.89,CENTER_DUAL,353.0,33.0,1.0,,
19:20:57.397,4.5,MANUAL,0,0,0.0,0.0,0.0,4.17,6.89,CENTER_DUAL,353.1,33.1,1.0,,
19:20:58.572,4.3,MANUAL,0,0,0.0,0.0,0.0,4.17,6.89,CENTER_DUAL,353.2,33.2,1.0,,
19:20:59.750,4.0,MANUAL,0,0,0.0,0.0,0.0,4.17,6.89,CENTER_DUAL,353.4,33.4,1.0,,
19:21:00.940,3.8,MANUAL,0,0,0.0,0.0,0.0,4.17,6.89,CENTER_DUAL,353.4,33.4,1.0,,
19:21:02.056,4.6,MANUAL,0,0,0.0,0.0,0.0,4.17,6.89,CENTER_DUAL,345.1,25.1,1.0,,
19:21:03.207,4.0,MANUAL,0,0,0.0,0.0,0.0,4.17,6.89,CENTER_DUAL,340.9,20.9,1.0,,
19:21:04.245,5.3,MANUAL,0,0,0.0,0.0,0.0,4.17,6.89,CENTER_DUAL,345.6,25.6,1.0,,
19:21:05.408,4.3,MANUAL,0,0,0.0,0.0,0.0,4.17,6.89,CENTER_DUAL,341.2,21.2,1.0,,
19:21:06.504,5.0,MANUAL,0,0,0.0,0.0,0.0,4.17,6.89,CENTER_DUAL,350.8,30.8,1.0,,
19:21:07.676,4.3,MANUAL,0,0,0.0,0.0,0.0,4.17,6.89,CENTER_DUAL,351.7,31.7,1.0,,
19:21:08.821,4.3,MANUAL,0,0,0.0,0.0,0.0,4.17,6.89,CENTER_DUAL,351.1,31.1,1.0,,
19:21:09.916,5.0,MANUAL,0,0,0.0,0.0,0.0,4.17,6.89,CENTER_DUAL,351.2,31.2,1.0,,
19:21:11.021,4.3,MANUAL,0,0,0.0,0.0,0.0,4.17,6.89,CENTER_DUAL,351.5,31.5,1.0,,
19:21:12.170,4.0,MANUAL,0,0,0.0,0.0,0.0,4.17,6.89,CENTER_DUAL,361.6,41.6,1.0,,
19:21:13.346,4.3,MANUAL,0,0,0.0,0.0,0.0,4.17,6.89,CENTER_DUAL,366.8,46.8,1.0,,
19:21:14.522,5.4,MANUAL,0,0,0.0,0.0,0.0,4.17,6.89,CENTER_DUAL,362.4,42.4,1.0,,
19:21:15.666,5.3,MANUAL,0,0,0.0,0.0,0.0,4.17,6.89,CENTER_DUAL,361.5,41.5,1.0,,
19:21:16.806,5.4,MANUAL,0,0,0.0,0.0,0.0,4.17,6.89,CENTER_DUAL,360.9,40.9,1.0,,
19:21:18.010,4.9,MANUAL,0,0,0.0,0.0,0.0,4.17,6.89,CENTER_DUAL,382.2,62.2,1.0,,
19:21:19.030,5.0,MANUAL,0,0,0.0,0.0,0.0,4.17,6.89,CENTER_DUAL,381.7,61.7,1.0,,
19:21:20.249,4.9,MANUAL,0,0,0.0,0.0,0.0,4.17,6.89,CENTER_DUAL,375.7,55.7,1.0,,
19:21:21.396,4.0,MANUAL,0,0,0.0,0.0,0.0,4.17,6.89,CENTER_DUAL,393.3,73.3,1.0,,
19:21:22.568,4.2,MANUAL,0,0,0.0,0.0,0.0,4.17,6.89,CENTER_DUAL,397.8,77.8,1.0,,
19:21:23.682,4.6,MANUAL,0,0,0.0,0.0,0.0,4.17,6.89,CENTER_DUAL,398.7,78.7,1.0,,
19:21:24.791,4.9,MANUAL,0,0,0.0,0.0,0.0,4.17,6.89,CENTER_DUAL,399.5,79.5,1.0,,
19:21:25.919,4.9,MANUAL,0,0,0.0,0.0,0.0,4.17,6.89,CENTER_DUAL,400.1,80.1,1.0,,
19:21:27.030,4.3,MANUAL,0,0,0.0,0.0,0.0,4.17,6.89,CENTER_DUAL,400.8,80.8,1.0,,
19:21:28.153,4.3,MANUAL,0,0,0.0,0.0,0.0,4.17,6.89,CENTER_DUAL,401.6,81.6,1.0,,
19:21:29.313,4.3,MANUAL,0,0,0.0,0.0,0.0,4.17,6.89,CENTER_DUAL,402.2,82.2,1.0,,
19:21:30.389,4.6,MANUAL,0,0,0.0,0.0,0.0,4.17,6.89,CENTER_DUAL,402.5,82.5,1.0,,
19:21:31.485,4.6,MANUAL,0,0,0.0,0.0,0.0,4.17,6.89,CENTER_DUAL,385.3,65.3,1.0,,
19:21:32.523,4.6,MANUAL,0,0,0.0,0.0,0.0,4.17,6.89,CENTER_DUAL,381.0,61.0,1.0,,
19:21:33.638,4.2,MANUAL,0,0,0.0,0.0,0.0,4.17,6.89,CENTER_DUAL,380.0,60.0,1.0,,
19:21:34.666,4.6,MANUAL,0,0,0.0,0.0,0.0,4.17,6.89,CENTER_DUAL,379.5,59.5,1.0,,
19:21:35.865,5.0,MANUAL,0,0,0.0,0.0,0.0,4.17,6.89,CENTER_DUAL,378.6,58.6,1.0,,
19:21:37.043,5.3,MANUAL,0,0,0.0,0.0,0.0,4.17,6.89,CENTER_DUAL,377.9,57.9,1.0,,
19:21:38.201,5.3,MANUAL,0,0,0.0,0.0,0.0,4.17,6.89,CENTER_DUAL,351.7,31.7,1.0,,
19:21:39.310,5.4,MANUAL,0,0,0.0,0.0,0.0,4.17,6.89,CENTER_DUAL,305.1,-14.9,1.0,,
19:21:40.437,5.3,MANUAL,0,0,0.0,0.0,0.0,4.17,6.89,CENTER_DUAL,314.8,-5.2,1.0,,
19:21:41.555,5.4,MANUAL,0,0,0.0,0.0,0.0,4.17,6.89,CENTER_DUAL,371.6,51.6,1.0,,
19:21:42.628,4.3,MANUAL,0,0,0.0,0.0,0.0,4.17,6.89,CENTER_DUAL,351.1,31.1,1.0,,
19:21:43.633,4.6,MANUAL,0,0,0.0,0.0,0.0,4.17,6.89,CENTER_DUAL,359.2,39.2,1.0,,
19:21:44.797,5.4,MANUAL,0,0,0.0,0.0,0.0,4.17,6.89,CENTER_DUAL,389.5,69.5,1.0,,
19:21:45.806,4.9,MANUAL,0,0,0.0,0.0,0.0,4.17,6.89,CENTER_DUAL,406.1,86.1,1.0,,
19:21:46.812,4.9,MANUAL,0,0,0.0,0.0,0.0,4.17,6.89,CENTER_DUAL,408.7,88.7,1.0,,
19:21:47.975,5.3,MANUAL,0,0,0.0,0.0,0.0,4.17,6.89,CENTER_DUAL,399.7,79.7,1.0,,
19:21:49.172,5.0,MANUAL,0,0,0.0,0.0,0.0,4.17,6.89,CENTER_DUAL,364.6,44.6,1.0,,
19:21:50.306,5.3,MANUAL,0,0,0.0,0.0,0.0,4.17,6.89,CENTER_DUAL,347.6,27.6,1.0,,
19:21:51.419,5.3,MANUAL,0,0,0.0,0.0,0.0,4.17,6.89,CENTER_DUAL,348.2,28.2,1.0,,
19:21:52.575,5.3,MANUAL,0,0,0.0,0.0,0.0,4.17,6.89,CENTER_DUAL,358.6,38.6,1.0,,
19:21:53.747,5.4,MANUAL,0,0,0.0,0.0,0.0,4.17,6.89,CENTER_DUAL,396.5,76.5,1.0,,
19:21:54.915,5.3,MANUAL,0,0,0.0,0.0,0.0,4.17,6.89,CENTER_DUAL,411.0,91.0,1.0,,
19:21:55.934,5.0,MANUAL,0,0,0.0,0.0,0.0,4.17,6.89,CENTER_DUAL,411.9,91.9,1.0,,
19:21:57.130,4.9,MANUAL,0,0,0.0,0.0,0.0,4.17,6.89,CENTER_DUAL,412.3,92.3,1.0,,
19:21:58.140,5.0,MANUAL,0,0,0.0,0.0,0.0,4.17,6.89,CENTER_DUAL,412.1,92.1,1.0,,
19:21:59.337,5.0,MANUAL,0,0,0.0,0.0,0.0,4.17,6.89,CENTER_DUAL,411.5,91.5,1.0,,
19:22:00.513,5.0,MANUAL,0,0,0.0,0.0,0.0,4.17,6.89,CENTER_DUAL,411.1,91.1,1.0,,
19:22:01.703,5.3,MANUAL,0,0,0.0,0.0,0.0,4.17,6.89,CENTER_DUAL,410.6,90.6,1.0,,
19:22:02.901,4.9,MANUAL,0,0,0.0,0.0,0.0,4.17,6.89,CENTER_DUAL,410.1,90.1,1.0,,
19:22:04.098,4.9,MANUAL,0,0,0.0,0.0,0.0,4.17,6.89,CENTER_DUAL,409.9,89.9,1.0,,
19:22:05.117,5.0,MANUAL,0,0,0.0,0.0,0.0,4.17,6.89,CENTER_DUAL,409.7,89.7,1.0,,
19:22:06.140,4.9,MANUAL,0,0,0.0,0.0,0.0,4.17,6.89,CENTER_DUAL,409.4,89.4,1.0,,
19:22:07.158,4.9,MANUAL,0,0,0.0,0.0,0.0,4.17,6.89,CENTER_DUAL,408.9,88.9,1.0,,
19:22:08.173,5.0,MANUAL,0,0,0.0,0.0,0.0,4.17,6.89,CENTER_DUAL,408.4,88.4,1.0,,
19:22:09.220,5.0,MANUAL,0,0,0.0,0.0,0.0,4.17,6.89,CENTER_DUAL,407.9,87.9,1.0,,
19:22:10.388,5.3,MANUAL,0,0,0.0,0.0,0.0,4.17,6.89,CENTER_DUAL,379.0,59.0,1.0,,
19:22:11.513,5.3,MANUAL,0,0,0.0,0.0,0.0,4.17,6.89,CENTER_DUAL,377.8,57.8,1.0,,
19:22:12.681,4.6,MANUAL,0,0,0.0,0.0,0.0,4.17,6.89,CENTER_DUAL,376.8,56.8,1.0,,
19:22:13.778,5.0,MANUAL,0,0,0.0,0.0,0.0,4.17,6.89,CENTER_DUAL,376.3,56.3,1.0,,
19:22:14.930,5.3,MANUAL,0,0,0.0,0.0,0.0,4.17,6.89,CENTER_DUAL,376.2,56.2,1.0,,
19:22:16.046,5.3,MANUAL,0,0,0.0,0.0,0.0,4.17,6.89,CENTER_DUAL,376.3,56.3,1.0,,
19:22:17.068,4.3,MANUAL,0,0,0.0,0.0,0.0,4.17,6.89,CENTER_DUAL,376.6,56.6,1.0,,
19:22:18.116,4.9,MANUAL,0,0,0.0,0.0,0.0,4.17,6.89,CENTER_DUAL,383.9,63.9,1.0,,
19:22:19.211,5.8,MANUAL,0,0,0.0,0.0,0.0,4.17,6.89,CENTER_DUAL,394.7,74.7,1.0,,
19:22:20.369,6.5,MANUAL,0,0,0.0,0.0,0.0,4.17,6.89,CENTER_DUAL,397.4,77.4,1.0,,
19:22:21.386,5.9,MANUAL,0,0,0.0,0.0,0.0,4.17,6.89,CENTER_DUAL,397.3,77.3,1.0,,
19:22:22.568,5.0,MANUAL,0,0,0.0,0.0,0.0,4.17,6.89,CENTER_DUAL,389.5,69.5,1.0,,
19:22:23.639,3.4,MANUAL,0,0,0.0,0.0,0.0,4.17,6.89,CENTER_DUAL,381.7,61.7,1.0,,
19:22:24.702,4.6,MANUAL,0,0,0.0,0.0,0.0,4.17,6.89,CENTER_DUAL,383.9,63.9,1.0,,
19:22:25.757,4.6,MANUAL,0,0,0.0,0.0,0.0,4.17,6.89,CENTER_DUAL,401.2,81.2,1.0,,
19:22:26.765,5.0,MANUAL,0,0,0.0,0.0,0.0,4.17,6.89,RIGHT_LANE_ONLY,409.1,89.1,0.5,,
19:22:27.873,5.4,MANUAL,0,0,0.0,0.0,0.0,4.17,6.89,CENTER_DUAL,319.0,-1.0,1.0,,
19:22:29.043,4.9,MANUAL,0,0,0.0,0.0,0.0,4.17,6.89,CENTER_DUAL,334.3,14.3,1.0,,
19:22:30.215,5.0,MANUAL,0,0,0.0,0.0,0.0,4.17,6.89,CENTER_DUAL,334.1,14.1,1.0,,
19:22:31.387,4.9,MANUAL,0,0,0.0,0.0,0.0,4.17,6.89,CENTER_DUAL,355.9,35.9,1.0,,
19:22:32.593,4.0,MANUAL,0,0,0.0,0.0,0.0,4.17,6.89,CENTER_DUAL,366.7,46.7,1.0,,
19:22:33.610,5.0,MANUAL,0,0,0.0,0.0,0.0,4.17,6.89,CENTER_DUAL,384.0,64.0,1.0,,
19:22:34.690,4.9,MANUAL,0,0,0.0,0.0,0.0,4.17,6.89,CENTER_DUAL,397.4,77.4,1.0,,
19:22:35.739,4.6,MANUAL,0,0,0.0,0.0,0.0,4.17,6.89,CENTER_DUAL,423.9,103.9,1.0,,
19:22:36.740,5.4,MANUAL,0,0,0.0,0.0,0.0,4.17,6.89,CENTER_DUAL,405.0,85.0,1.0,,
19:22:37.854,4.0,MANUAL,0,0,0.0,0.0,0.0,4.17,6.89,CENTER_DUAL,407.0,87.0,1.0,,
19:22:38.984,4.6,MANUAL,0,0,0.0,0.0,0.0,4.17,6.89,RIGHT_LANE_ONLY,215.9,-104.1,0.5,,
19:22:40.057,4.6,MANUAL,0,0,0.0,0.0,0.0,4.17,6.89,CENTER_DUAL,372.9,52.9,1.0,,
19:22:41.145,4.9,MANUAL,0,0,0.0,0.0,0.0,4.17,6.89,CENTER_DUAL,391.8,71.8,1.0,,
19:22:42.161,4.9,MANUAL,0,0,0.0,0.0,0.0,4.17,6.89,CENTER_DUAL,382.6,62.6,1.0,,
19:22:43.292,4.3,MANUAL,0,0,0.0,0.0,0.0,4.17,6.89,RIGHT_LANE_ONLY,137.8,-182.2,0.5,,
19:22:44.319,4.9,MANUAL,0,0,0.0,0.0,0.0,4.17,6.89,CENTER_DUAL,389.4,69.4,1.0,,
19:22:45.515,4.6,MANUAL,0,0,0.0,0.0,0.0,4.17,6.89,CENTER_DUAL,406.6,86.6,1.0,,
19:22:46.610,4.3,MANUAL,0,0,0.0,0.0,0.0,4.17,6.89,CENTER_DUAL,419.9,99.9,1.0,,
19:22:47.632,5.8,MANUAL,0,0,0.0,0.0,0.0,4.17,6.89,CENTER_DUAL,350.0,30.0,1.0,,
19:22:48.652,6.3,MANUAL,0,0,0.0,0.0,0.0,4.17,6.89,CENTER_DUAL,325.7,5.7,1.0,,
19:22:49.722,5.9,MANUAL,0,0,0.0,0.0,0.0,4.17,6.89,RIGHT_LANE_ONLY,318.7,-1.3,0.5,,
19:22:50.832,5.4,MANUAL,0,0,0.0,0.0,0.0,4.17,6.89,CENTER_DUAL,361.7,41.7,1.0,,
19:22:51.971,5.3,MANUAL,0,0,0.0,0.0,0.0,4.17,6.89,CENTER_DUAL,338.6,18.6,1.0,,
19:22:53.055,5.8,MANUAL,0,0,0.0,0.0,0.0,4.17,6.89,CENTER_DUAL,292.6,-27.4,1.0,,
19:22:54.211,5.3,MANUAL,0,0,0.0,0.0,0.0,4.17,6.89,CENTER_DUAL,267.3,-52.7,1.0,,
19:22:55.346,5.3,MANUAL,0,0,0.0,0.0,0.0,4.17,6.89,CENTER_DUAL,263.3,-56.7,1.0,,
19:22:56.478,5.4,MANUAL,0,0,0.0,0.0,0.0,4.17,6.89,CENTER_DUAL,254.0,-66.0,1.0,,
19:22:57.607,5.4,MANUAL,0,0,0.0,0.0,0.0,4.17,6.89,CENTER_DUAL,257.0,-63.0,1.0,,
19:22:58.730,5.3,MANUAL,0,0,0.0,0.0,0.0,4.17,6.89,CENTER_DUAL,244.6,-75.4,1.0,,
19:22:59.860,5.4,MANUAL,0,0,0.0,0.0,0.0,4.17,6.89,CENTER_DUAL,256.1,-63.9,1.0,,
19:23:00.998,5.8,MANUAL,0,0,0.0,0.0,0.0,4.17,6.89,CENTER_DUAL,261.8,-58.2,1.0,,
19:23:02.085,5.9,MANUAL,0,0,0.0,0.0,0.0,4.17,6.89,CENTER_DUAL,237.5,-82.5,1.0,,
19:23:03.135,5.8,MANUAL,0,0,0.0,0.0,0.0,4.17,6.89,CENTER_DUAL,255.3,-64.7,1.0,,
19:23:04.185,6.4,MANUAL,0,0,0.0,0.0,0.0,4.17,6.89,CENTER_DUAL,235.6,-84.4,1.0,,
19:23:05.223,5.8,MANUAL,0,0,0.0,0.0,0.0,4.17,6.89,CENTER_DUAL,240.8,-79.2,1.0,,
19:23:06.300,5.9,MANUAL,0,0,0.0,0.0,0.0,4.17,6.89,CENTER_DUAL,240.4,-79.6,1.0,,
19:23:07.364,5.4,MANUAL,0,0,0.0,0.0,0.0,4.17,6.89,CENTER_DUAL,248.4,-71.6,1.0,,
19:23:08.455,5.4,MANUAL,0,0,0.0,0.0,0.0,4.17,6.89,CENTER_DUAL,252.7,-67.3,1.0,,
19:23:09.610,5.3,MANUAL,0,0,0.0,0.0,0.0,4.17,6.89,CENTER_DUAL,246.7,-73.3,1.0,,
19:23:10.641,5.8,MANUAL,0,0,0.0,0.0,0.0,4.17,6.89,CENTER_DUAL,249.4,-70.6,1.0,,
19:23:11.691,5.8,MANUAL,0,0,0.0,0.0,0.0,4.17,6.89,CENTER_DUAL,253.9,-66.1,1.0,,
19:23:12.764,5.3,MANUAL,0,0,0.0,0.0,0.0,4.17,6.89,CENTER_DUAL,254.6,-65.4,1.0,,
19:23:13.877,5.0,MANUAL,0,0,0.0,0.0,0.0,4.17,6.89,CENTER_DUAL,295.3,-24.7,1.0,,
19:23:14.909,5.9,MANUAL,0,0,0.0,0.0,0.0,4.17,6.89,CENTER_DUAL,340.4,20.4,1.0,,
19:23:16.068,4.9,MANUAL,0,0,0.0,0.0,0.0,4.17,6.89,CENTER_DUAL,285.1,-34.9,1.0,,
19:23:17.240,4.9,MANUAL,0,0,0.0,0.0,0.0,4.17,6.89,LEFT_LANE_ONLY,379.1,59.1,0.5,,
19:23:18.250,5.3,MANUAL,0,0,0.0,0.0,0.0,4.17,6.89,LEFT_LANE_ONLY,390.1,70.1,0.5,,
19:23:19.456,4.6,MANUAL,0,0,0.0,0.0,0.0,4.17,6.89,LEFT_LANE_ONLY,391.7,71.7,0.5,,
19:23:20.628,3.7,MANUAL,0,0,0.0,0.0,0.0,4.17,6.89,RIGHT_LANE_ONLY,122.2,-197.8,0.5,,
19:23:21.714,5.0,MANUAL,0,0,0.0,0.0,0.0,4.17,6.89,CENTER_DUAL,169.9,-150.1,1.0,,
19:23:22.776,4.9,MANUAL,0,0,0.0,0.0,0.0,4.17,6.89,CENTER_DUAL,172.3,-147.7,1.0,,
19:23:23.826,5.0,MANUAL,0,0,0.0,0.0,0.0,4.17,6.89,CENTER_DUAL,173.2,-146.8,1.0,,
19:23:24.889,5.8,MANUAL,0,0,0.0,0.0,0.0,4.17,6.89,CENTER_DUAL,173.4,-146.6,1.0,,
19:23:25.999,6.5,MANUAL,0,0,0.0,0.0,0.0,4.17,6.89,RIGHT_LANE_ONLY,289.7,-30.3,0.5,,
19:23:27.107,7.1,MANUAL,0,0,0.0,0.0,0.0,4.17,6.89,CENTER_DUAL,316.0,-4.0,1.0,,
19:23:28.250,5.9,MANUAL,0,0,0.0,0.0,0.0,4.17,6.89,RIGHT_LANE_ONLY,261.9,-58.1,0.5,,
19:23:29.277,7.1,MANUAL,0,0,0.0,0.0,0.0,4.17,6.89,CENTER_DUAL,341.9,21.9,1.0,,
19:23:30.305,7.1,MANUAL,0,0,0.0,0.0,0.0,4.17,6.89,CENTER_DUAL,323.6,3.6,1.0,,
19:23:31.441,7.2,MANUAL,0,0,0.0,0.0,0.0,4.17,6.89,CENTER_DUAL,327.2,7.2,1.0,,
19:23:32.506,6.5,MANUAL,0,0,0.0,0.0,0.0,4.17,6.89,CENTER_DUAL,387.2,67.2,1.0,,
19:23:33.549,7.2,MANUAL,0,0,0.0,0.0,0.0,4.17,6.89,CENTER_DUAL,387.3,67.3,1.0,,
19:23:34.664,6.0,MANUAL,0,0,0.0,0.0,0.0,4.17,6.89,CENTER_DUAL,395.8,75.8,1.0,,
19:23:35.787,5.9,MANUAL,0,0,0.0,0.0,0.0,4.17,6.89,CENTER_DUAL,408.5,88.5,1.0,,
19:23:36.867,6.4,MANUAL,0,0,0.0,0.0,0.0,4.17,6.89,CENTER_DUAL,419.6,99.6,1.0,,
19:23:37.908,6.3,MANUAL,0,0,0.0,0.0,0.0,4.17,6.89,CENTER_DUAL,435.4,115.4,1.0,,
19:23:38.984,6.3,MANUAL,0,0,0.0,0.0,0.0,4.17,6.89,CENTER_DUAL,429.7,109.7,1.0,,
19:23:40.122,5.9,MANUAL,0,0,0.0,0.0,0.0,4.17,6.89,CENTER_DUAL,425.9,105.9,1.0,,
19:23:41.205,6.4,MANUAL,0,0,0.0,0.0,0.0,4.17,6.89,CENTER_DUAL,447.3,127.3,1.0,,
19:23:42.394,6.6,MANUAL,0,0,0.0,0.0,0.0,4.17,6.89,CENTER_DUAL,450.9,130.9,1.0,,
19:23:43.467,4.6,MANUAL,0,0,0.0,0.0,0.0,4.17,6.89,CENTER_DUAL,443.5,123.5,1.0,,
19:23:44.474,4.9,MANUAL,0,0,0.0,0.0,0.0,4.17,6.89,CENTER_DUAL,396.3,76.3,1.0,,
19:23:45.586,5.4,MANUAL,0,0,0.0,0.0,0.0,4.17,6.89,CENTER_DUAL,363.2,43.2,1.0,,
19:23:46.637,4.9,MANUAL,0,0,0.0,0.0,0.0,4.17,6.89,CENTER_DUAL,328.9,8.9,1.0,,
19:23:47.728,6.1,MANUAL,0,0,0.0,0.0,0.0,4.17,6.89,RIGHT_LANE_ONLY,238.8,-81.2,0.5,,
19:23:48.817,6.4,MANUAL,0,0,0.0,0.0,0.0,4.17,6.89,LEFT_LANE_ONLY,250.1,-69.9,0.5,,
19:23:50.009,5.4,MANUAL,0,0,0.0,0.0,0.0,4.17,6.89,CENTER_DUAL,393.5,73.5,1.0,,
19:23:51.151,5.0,MANUAL,0,0,0.0,0.0,0.0,4.17,6.89,CENTER_DUAL,412.7,92.7,1.0,,
19:23:52.170,5.0,MANUAL,0,0,0.0,0.0,0.0,4.17,6.89,CENTER_DUAL,416.7,96.7,1.0,,
19:23:53.174,5.3,MANUAL,0,0,0.0,0.0,0.0,4.17,6.89,CENTER_DUAL,431.0,111.0,1.0,,
19:23:54.236,4.9,MANUAL,0,0,0.0,0.0,0.0,4.17,6.89,CENTER_DUAL,444.5,124.5,1.0,,
19:23:55.250,4.9,MANUAL,0,0,0.0,0.0,0.0,4.17,6.89,CENTER_DUAL,433.6,113.6,1.0,,
19:23:56.267,5.0,MANUAL,0,0,0.0,0.0,0.0,4.17,6.89,CENTER_DUAL,430.8,110.8,1.0,,
19:23:57.413,5.3,MANUAL,0,0,0.0,0.0,0.0,4.17,6.89,CENTER_DUAL,430.2,110.2,1.0,,
19:23:58.575,5.0,MANUAL,0,0,0.0,0.0,0.0,4.17,6.89,CENTER_DUAL,430.0,110.0,1.0,,
19:23:59.586,6.4,MANUAL,0,0,0.0,0.0,0.0,4.17,6.89,CENTER_DUAL,429.8,109.8,1.0,,
19:24:00.643,5.3,MANUAL,0,0,0.0,0.0,0.0,4.17,6.89,CENTER_DUAL,404.2,84.2,1.0,,
19:24:01.676,6.2,MANUAL,0,0,0.0,0.0,0.0,4.17,6.89,CENTER_DUAL,339.4,19.4,1.0,,
19:24:02.733,5.5,MANUAL,0,0,0.0,0.0,0.0,4.17,6.89,CENTER_DUAL,351.9,31.9,1.0,,
19:24:03.814,5.4,MANUAL,0,0,0.0,0.0,0.0,4.17,6.89,CENTER_DUAL,374.7,54.7,1.0,,
19:24:04.928,5.3,MANUAL,0,0,0.0,0.0,0.0,4.17,6.89,CENTER_DUAL,388.9,68.9,1.0,,
19:24:06.003,5.8,MANUAL,0,0,0.0,0.0,0.0,4.17,6.89,CENTER_DUAL,399.1,79.1,1.0,,
19:24:07.100,5.3,MANUAL,0,0,0.0,0.0,0.0,4.17,6.89,CENTER_DUAL,405.8,85.8,1.0,,
19:24:08.192,4.9,MANUAL,0,0,0.0,0.0,0.0,4.17,6.89,CENTER_DUAL,419.0,99.0,1.0,,
19:24:09.233,5.8,MANUAL,0,0,0.0,0.0,0.0,4.17,6.89,CENTER_DUAL,413.0,93.0,1.0,,
19:24:10.316,5.9,MANUAL,0,0,0.0,0.0,0.0,4.17,6.89,CENTER_DUAL,418.8,98.8,1.0,,
19:24:11.391,5.3,MANUAL,0,0,0.0,0.0,0.0,4.17,6.89,CENTER_DUAL,434.2,114.2,1.0,,
19:24:12.504,6.3,MANUAL,0,0,0.0,0.0,0.0,4.17,6.89,CENTER_DUAL,440.1,120.1,1.0,,
19:24:13.547,5.4,MANUAL,0,0,0.0,0.0,0.0,4.17,6.89,CENTER_DUAL,437.6,117.6,1.0,,
19:24:14.688,5.3,MANUAL,0,0,0.0,0.0,0.0,4.17,6.89,CENTER_DUAL,433.8,113.8,1.0,,
19:24:15.881,4.6,MANUAL,0,0,0.0,0.0,0.0,4.17,6.89,CENTER_DUAL,441.5,121.5,1.0,,
19:24:17.067,4.3,MANUAL,0,0,0.0,0.0,0.0,4.17,6.89,CENTER_DUAL,440.3,120.3,1.0,,
19:24:18.141,3.1,MANUAL,0,0,0.0,0.0,0.0,4.17,6.89,CENTER_DUAL,431.6,111.6,1.0,,
19:24:19.237,4.3,MANUAL,0,0,0.0,0.0,0.0,4.17,6.89,CENTER_DUAL,421.7,101.7,1.0,,
19:24:20.392,4.6,MANUAL,0,0,0.0,0.0,0.0,4.17,6.89,CENTER_DUAL,401.9,81.9,1.0,,
19:24:21.419,5.9,MANUAL,0,0,0.0,0.0,0.0,4.17,6.89,CENTER_DUAL,338.7,18.7,1.0,,
19:24:22.462,6.4,MANUAL,0,0,0.0,0.0,0.0,4.17,6.89,CENTER_DUAL,307.8,-12.2,1.0,,
19:24:23.545,5.7,MANUAL,0,0,0.0,0.0,0.0,4.17,6.89,CENTER_DUAL,302.1,-17.9,1.0,,
19:24:24.586,6.0,MANUAL,0,0,0.0,0.0,0.0,4.17,6.89,CENTER_DUAL,300.0,-20.0,1.0,,
19:24:25.742,4.6,MANUAL,0,0,0.0,0.0,0.0,4.17,6.89,RIGHT_LANE_ONLY,264.6,-55.4,0.5,,
19:24:26.959,4.6,MANUAL,0,0,0.0,0.0,0.0,4.17,6.89,RIGHT_LANE_ONLY,259.6,-60.4,0.5,,
19:24:27.985,5.0,MANUAL,0,0,0.0,0.0,0.0,4.17,6.89,RIGHT_LANE_ONLY,259.0,-61.0,0.5,,
19:24:29.049,5.0,MANUAL,0,0,0.0,0.0,0.0,4.17,6.89,RIGHT_LANE_ONLY,258.6,-61.4,0.5,,
19:24:30.063,4.5,MANUAL,0,0,0.0,0.0,0.0,4.17,6.89,RIGHT_LANE_ONLY,258.2,-61.8,0.5,,
19:24:31.178,13.0,MANUAL,0,0,0.0,0.0,0.0,4.17,6.89,RIGHT_LANE_ONLY,258.1,-61.9,0.5,,
19:24:32.201,12.7,MANUAL,0,0,0.0,0.0,0.0,4.17,6.89,,320.0,0.0,0.0,,
19:24:33.246,4.6,MANUAL,0,0,0.0,0.0,0.0,4.17,6.89,,320.0,0.0,0.0,,
19:24:34.405,4.3,MANUAL,0,0,0.0,0.0,0.0,4.17,6.89,RIGHT_LANE_ONLY,257.6,-62.4,0.5,,
19:24:35.408,5.3,MANUAL,0,0,0.0,0.0,0.0,4.17,6.89,RIGHT_LANE_ONLY,257.4,-62.6,0.5,,
19:24:36.583,4.9,MANUAL,0,0,0.0,0.0,0.0,4.17,6.89,RIGHT_LANE_ONLY,257.4,-62.6,0.5,,
19:24:37.648,4.3,MANUAL,0,0,0.0,0.0,0.0,4.17,6.89,RIGHT_LANE_ONLY,257.3,-62.7,0.5,,
19:24:38.697,4.5,MANUAL,0,0,0.0,0.0,0.0,4.17,6.89,RIGHT_LANE_ONLY,257.3,-62.7,0.5,,
19:24:39.705,4.5,MANUAL,0,0,0.0,0.0,0.0,4.17,6.89,RIGHT_LANE_ONLY,257.2,-62.8,0.5,,
19:24:40.790,4.6,MANUAL,0,0,0.0,0.0,0.0,4.17,6.89,RIGHT_LANE_ONLY,257.2,-62.8,0.5,,
19:24:41.793,4.9,MANUAL,0,0,0.0,0.0,0.0,4.17,6.89,RIGHT_LANE_ONLY,257.1,-62.9,0.5,,
19:24:42.818,6.3,MANUAL,0,0,0.0,0.0,0.0,4.17,6.89,RIGHT_LANE_ONLY,243.0,-77.0,0.5,,
19:24:43.869,5.0,MANUAL,0,0,0.0,0.0,0.0,4.17,6.89,,320.0,0.0,0.0,,
19:24:44.907,2.9,MANUAL,0,0,0.0,0.0,0.0,4.17,6.89,RIGHT_LANE_ONLY,241.2,-78.8,0.5,,
19:24:45.926,4.9,MANUAL,0,0,0.0,0.0,0.0,4.17,6.89,RIGHT_LANE_ONLY,240.9,-79.1,0.5,,
19:24:46.990,5.3,MANUAL,0,0,0.0,0.0,0.0,4.17,6.89,,320.0,0.0,0.0,,
19:24:48.054,4.9,MANUAL,0,0,0.0,0.0,0.0,4.17,6.89,,320.0,0.0,0.0,,
19:24:49.232,5.0,MANUAL,0,0,0.0,0.0,0.0,4.17,6.89,RIGHT_LANE_ONLY,241.9,-78.1,0.5,,
19:24:50.345,5.4,MANUAL,0,0,0.0,0.0,0.0,4.17,6.89,RIGHT_LANE_ONLY,241.7,-78.3,0.5,,
19:24:51.550,4.6,MANUAL,0,0,0.0,0.0,0.0,4.17,6.89,RIGHT_LANE_ONLY,251.1,-68.9,0.5,,
19:24:52.552,4.6,MANUAL,0,0,0.0,0.0,0.0,4.17,6.89,RIGHT_LANE_ONLY,251.9,-68.1,0.5,,
19:24:53.681,5.3,MANUAL,0,0,0.0,0.0,0.0,4.17,6.89,RIGHT_LANE_ONLY,252.7,-67.3,0.5,,
19:24:54.816,5.4,MANUAL,0,0,0.0,0.0,0.0,4.17,6.89,RIGHT_LANE_ONLY,253.3,-66.7,0.5,,
19:24:55.956,5.4,MANUAL,0,0,0.0,0.0,0.0,4.17,6.89,RIGHT_LANE_ONLY,253.7,-66.3,0.5,,
19:24:57.148,4.9,MANUAL,0,0,0.0,0.0,0.0,4.17,6.89,RIGHT_LANE_ONLY,254.0,-66.0,0.5,,
19:24:58.236,4.0,MANUAL,0,0,0.0,0.0,0.0,4.17,6.89,RIGHT_LANE_ONLY,254.3,-65.7,0.5,,
19:24:59.271,4.6,MANUAL,0,0,0.0,0.0,0.0,4.17,6.89,RIGHT_LANE_ONLY,254.4,-65.6,0.5,,
19:25:00.385,8.8,MANUAL,0,0,0.0,0.0,0.0,4.17,6.89,RIGHT_LANE_ONLY,254.6,-65.4,0.5,,
19:25:01.489,8.9,MANUAL,0,0,0.0,0.0,0.0,4.17,6.89,RIGHT_LANE_ONLY,254.7,-65.3,0.5,,
