timestamp,loop_hz,mode,speed_pwm,steer_deg,yaw_deg,roll_deg,pitch_deg,car_x,car_y,lane_anchor,target_x,lateral_err_px,lane_confidence,active_sign,yolo_labels
20:57:11.626,1.4,MANUAL,0,0,0.0,0.0,0.0,4.17,6.89,,320.0,0.0,0.0,,
20:57:12.640,11.1,MANUAL,0,0,0.0,0.0,0.0,4.17,6.89,CENTER_DUAL,173.3,-146.7,1.0,,
20:57:13.711,11.5,MANUAL,0,0,0.0,0.0,0.0,4.17,6.89,LEFT_LANE_ONLY,253.9,-66.1,0.5,,
20:57:14.779,11.7,MANUAL,0,0,0.0,0.0,0.0,4.17,6.89,CENTER_DUAL,241.1,-78.9,1.0,,
20:57:15.801,11.0,MANUAL,0,0,0.0,0.0,0.0,4.17,6.89,CENTER_DUAL,238.4,-81.6,1.0,,
20:57:16.809,9.5,MANUAL,0,0,0.0,0.0,0.0,4.17,6.89,CENTER_DUAL,241.3,-78.7,1.0,,
20:57:17.864,10.6,MANUAL,0,0,0.0,0.0,0.0,4.17,6.89,CENTER_DUAL,239.2,-80.8,1.0,,
20:57:18.879,10.9,MANUAL,0,0,0.0,0.0,0.0,4.17,6.89,CENTER_DUAL,209.7,-110.3,1.0,,
20:57:19.976,10.5,MANUAL,0,0,0.0,0.0,0.0,4.17,6.89,LEFT_LANE_ONLY,234.3,-85.7,0.5,,
20:57:21.047,9.2,MANUAL,0,0,0.0,0.0,0.0,4.17,6.89,CENTER_DUAL,233.1,-86.9,1.0,,
20:57:22.101,9.7,MANUAL,0,0,0.0,0.0,0.0,4.17,6.89,LEFT_LANE_ONLY,259.7,-60.3,0.5,,
20:57:23.242,6.1,MANUAL,0,0,0.0,0.0,0.0,4.17,6.89,LEFT_LANE_ONLY,262.6,-57.4,0.5,,
20:57:24.321,9.8,MANUAL,0,0,0.0,0.0,0.0,4.17,6.89,CENTER_DUAL,262.5,-57.5,1.0,,
20:57:25.343,9.4,MANUAL,0,0,0.0,0.0,0.0,4.17,6.89,LEFT_LANE_ONLY,253.2,-66.8,0.5,,
20:57:26.387,9.4,MANUAL,0,0,0.0,0.0,0.0,4.17,6.89,LEFT_LANE_ONLY,251.0,-69.0,0.5,,
20:57:27.392,10.5,MANUAL,0,0,0.0,0.0,0.0,4.17,6.89,LEFT_LANE_ONLY,243.0,-77.0,0.5,,
20:57:28.427,11.1,MANUAL,0,0,0.0,0.0,0.0,4.17,6.89,LEFT_LANE_ONLY,240.6,-79.4,0.5,,
20:57:29.481,10.5,MANUAL,0,0,0.0,0.0,0.0,4.17,6.89,LEFT_LANE_ONLY,244.8,-75.2,0.5,,
20:57:30.523,10.4,MANUAL,0,0,0.0,0.0,0.0,4.17,6.89,LEFT_LANE_ONLY,247.3,-72.7,0.5,,
20:57:31.585,10.2,MANUAL,0,0,0.0,0.0,0.0,4.17,6.89,LEFT_LANE_ONLY,251.1,-68.9,0.5,,
20:57:32.668,10.3,MANUAL,0,0,0.0,0.0,0.0,4.17,6.89,LEFT_LANE_ONLY,251.6,-68.4,0.5,,
20:57:33.670,9.5,MANUAL,0,0,0.0,0.0,0.0,4.17,6.89,LEFT_LANE_ONLY,252.2,-67.8,0.5,,
20:57:34.754,11.5,MANUAL,0,0,0.0,0.0,0.0,4.17,6.89,LEFT_LANE_ONLY,251.9,-68.1,0.5,,
20:57:35.757,10.1,MANUAL,0,0,0.0,0.0,0.0,4.17,6.89,LEFT_LANE_ONLY,248.9,-71.1,0.5,,
20:57:36.805,12.0,MANUAL,0,0,0.0,0.0,0.0,4.17,6.89,LEFT_LANE_ONLY,245.5,-74.5,0.5,,
20:57:37.852,11.1,MANUAL,0,0,0.0,0.0,0.0,4.17,6.89,LEFT_LANE_ONLY,245.1,-74.9,0.5,,
20:57:38.948,11.4,MANUAL,0,0,0.0,0.0,0.0,4.17,6.89,LEFT_LANE_ONLY,245.5,-74.5,0.5,,
20:57:39.955,10.8,MANUAL,0,0,0.0,0.0,0.0,4.17,6.89,LEFT_LANE_ONLY,243.9,-76.1,0.5,,
20:57:41.020,11.9,MANUAL,0,0,0.0,0.0,0.0,4.17,6.89,LEFT_LANE_ONLY,245.4,-74.6,0.5,,
20:57:42.059,12.5,MANUAL,0,0,0.0,0.0,0.0,4.17,6.89,LEFT_LANE_ONLY,248.0,-72.0,0.5,,
20:57:43.137,10.7,MANUAL,0,0,0.0,0.0,0.0,4.17,6.89,LEFT_LANE_ONLY,246.3,-73.7,0.5,,
20:57:44.204,9.1,MANUAL,0,0,0.0,0.0,0.0,4.17,6.89,LEFT_LANE_ONLY,248.0,-72.0,0.5,,
20:57:45.218,11.0,MANUAL,0,0,0.0,0.0,0.0,4.17,6.89,LEFT_LANE_ONLY,249.2,-70.8,0.5,,
20:57:46.319,11.7,MANUAL,0,0,0.0,0.0,0.0,4.17,6.89,LEFT_LANE_ONLY,249.7,-70.3,0.5,,
20:57:47.320,11.3,MANUAL,0,0,0.0,0.0,0.0,4.17,6.89,LEFT_LANE_ONLY,250.3,-69.7,0.5,,
20:57:48.321,11.5,MANUAL,0,0,0.0,0.0,0.0,4.17,6.89,LEFT_LANE_ONLY,250.4,-69.6,0.5,,
20:57:49.410,11.6,MANUAL,0,0,0.0,0.0,0.0,4.17,6.89,LEFT_LANE_ONLY,233.9,-86.1,0.5,,
20:57:50.423,10.7,MANUAL,0,0,0.0,0.0,0.0,4.17,6.89,LEFT_LANE_ONLY,232.7,-87.3,0.5,,
20:57:51.508,11.5,MANUAL,0,0,0.0,0.0,0.0,4.17,6.89,LEFT_LANE_ONLY,232.0,-88.0,0.5,,
20:57:52.517,11.0,MANUAL,0,0,0.0,0.0,0.0,4.17,6.89,LEFT_LANE_ONLY,231.6,-88.4,0.5,,
20:57:53.588,11.3,MANUAL,0,0,0.0,0.0,0.0,4.17,6.89,LEFT_LANE_ONLY,231.1,-88.9,0.5,,
20:57:54.674,10.5,MANUAL,0,0,0.0,0.0,0.0,4.17,6.89,LEFT_LANE_ONLY,230.6,-89.4,0.5,,
20:57:55.725,11.8,MANUAL,0,0,0.0,0.0,0.0,4.17,6.89,LEFT_LANE_ONLY,230.6,-89.4,0.5,,
20:57:56.728,11.7,MANUAL,0,0,0.0,0.0,0.0,4.17,6.89,LEFT_LANE_ONLY,230.8,-89.2,0.5,,
20:57:57.734,11.1,MANUAL,0,0,0.0,0.0,0.0,4.17,6.89,LEFT_LANE_ONLY,231.3,-88.7,0.5,,
20:57:58.783,10.1,MANUAL,0,0,0.0,0.0,0.0,4.17,6.89,LEFT_LANE_ONLY,236.5,-83.5,0.5,,
20:57:59.786,11.8,MANUAL,0,0,0.0,0.0,0.0,4.17,6.89,LEFT_LANE_ONLY,254.7,-65.3,0.5,,
20:58:00.815,9.9,MANUAL,0,0,0.0,0.0,0.0,4.17,6.89,LEFT_LANE_ONLY,257.9,-62.1,0.5,,
20:58:01.822,11.0,MANUAL,0,0,0.0,0.0,0.0,4.17,6.89,LEFT_LANE_ONLY,258.9,-61.1,0.5,,
20:58:02.889,10.3,MANUAL,0,0,0.0,0.0,0.0,4.17,6.89,LEFT_LANE_ONLY,253.0,-67.0,0.5,,
20:58:03.918,11.5,MANUAL,0,0,0.0,0.0,0.0,4.17,6.89,LEFT_LANE_ONLY,252.5,-67.5,0.5,,
20:58:04.936,12.3,MANUAL,0,0,0.0,0.0,0.0,4.17,6.89,LEFT_LANE_ONLY,250.0,-70.0,0.5,,
20:58:05.959,11.5,MANUAL,0,0,0.0,0.0,0.0,4.17,6.89,LEFT_LANE_ONLY,245.9,-74.1,0.5,,
20:58:07.003,11.5,MANUAL,0,0,0.0,0.0,0.0,4.17,6.89,LEFT_LANE_ONLY,248.7,-71.3,0.5,,
20:58:08.100,12.9,MANUAL,0,0,0.0,0.0,0.0,4.17,6.89,LEFT_LANE_ONLY,242.9,-77.1,0.5,,
20:58:09.105,11.4,MANUAL,0,0,0.0,0.0,0.0,4.17,6.89,LEFT_LANE_ONLY,244.3,-75.7,0.5,,
20:58:10.138,11.8,MANUAL,0,0,0.0,0.0,0.0,4.17,6.89,LEFT_LANE_ONLY,243.3,-76.7,0.5,,
20:58:11.168,11.1,MANUAL,0,0,0.0,0.0,0.0,4.17,6.89,LEFT_LANE_ONLY,241.9,-78.1,0.5,,
20:58:12.225,11.6,MANUAL,0,0,0.0,0.0,0.0,4.17,6.89,LEFT_LANE_ONLY,245.7,-74.3,0.5,,
20:58:13.266,12.0,MANUAL,0,0,0.0,0.0,0.0,4.17,6.89,LEFT_LANE_ONLY,251.8,-68.2,0.5,,
20:58:14.330,11.0,MANUAL,0,0,0.0,0.0,0.0,4.17,6.89,LEFT_LANE_ONLY,254.2,-65.8,0.5,,
20:58:15.354,11.8,MANUAL,0,0,0.0,0.0,0.0,4.17,6.89,LEFT_LANE_ONLY,256.0,-64.0,0.5,,
20:58:16.373,11.8,MANUAL,0,0,0.0,0.0,0.0,4.17,6.89,LEFT_LANE_ONLY,251.4,-68.6,0.5,,
20:58:17.400,10.8,MANUAL,0,0,0.0,0.0,0.0,4.17,6.89,LEFT_LANE_ONLY,251.8,-68.2,0.5,,
20:58:18.403,11.3,MANUAL,0,0,0.0,0.0,0.0,4.17,6.89,CENTER_DUAL,253.8,-66.2,1.0,,
20:58:19.470,10.6,MANUAL,0,0,0.0,0.0,0.0,4.17,6.89,CENTER_DUAL,259.0,-61.0,1.0,,
20:58:20.526,9.5,MANUAL,0,0,0.0,0.0,0.0,4.17,6.89,CENTER_DUAL,258.4,-61.6,1.0,,
20:58:21.556,11.2,MANUAL,0,0,0.0,0.0,0.0,4.17,6.89,LEFT_LANE_ONLY,272.5,-47.5,0.5,,
20:58:22.587,9.6,MANUAL,0,0,0.0,0.0,0.0,4.17,6.89,LEFT_LANE_ONLY,267.7,-52.3,0.5,,
20:58:23.628,10.7,MANUAL,0,0,0.0,0.0,0.0,4.17,6.89,LEFT_LANE_ONLY,258.7,-61.3,0.5,,
20:58:24.713,11.1,MANUAL,0,0,0.0,0.0,0.0,4.17,6.89,LEFT_LANE_ONLY,231.9,-88.1,0.5,,
20:58:25.748,9.7,MANUAL,0,0,0.0,0.0,0.0,4.17,6.89,RIGHT_LANE_ONLY,259.0,-61.0,0.5,,
20:58:26.815,9.9,MANUAL,0,0,0.0,0.0,0.0,4.17,6.89,RIGHT_LANE_ONLY,290.6,-29.4,0.5,,
20:58:27.824,9.9,MANUAL,0,0,0.0,0.0,0.0,4.17,6.89,RIGHT_LANE_ONLY,292.8,-27.2,0.5,,
20:58:28.916,8.8,MANUAL,0,0,0.0,0.0,0.0,4.17,6.89,RIGHT_LANE_ONLY,298.5,-21.5,0.5,,
20:58:30.003,10.7,MANUAL,0,0,0.0,0.0,0.0,4.17,6.89,CENTER_DUAL,278.7,-41.3,1.0,,
20:58:31.063,9.8,MANUAL,0,0,0.0,0.0,0.0,4.17,6.89,RIGHT_LANE_ONLY,184.3,-135.7,0.5,,
20:58:32.106,10.9,MANUAL,0,0,0.0,0.0,0.0,4.17,6.89,RIGHT_LANE_ONLY,305.8,-14.2,0.5,,
20:58:33.132,10.6,MANUAL,0,0,0.0,0.0,0.0,4.17,6.89,LEFT_LANE_ONLY,321.1,1.1,0.5,,
20:58:34.146,9.8,MANUAL,0,0,0.0,0.0,0.0,4.17,6.89,RIGHT_LANE_ONLY,305.7,-14.3,0.5,,
20:58:35.180,10.0,MANUAL,0,0,0.0,0.0,0.0,4.17,6.89,RIGHT_LANE_ONLY,314.1,-5.9,0.5,,
20:58:36.225,8.5,MANUAL,0,0,0.0,0.0,0.0,4.17,6.89,RIGHT_LANE_ONLY,314.6,-5.4,0.5,,
20:58:37.261,10.0,MANUAL,0,0,0.0,0.0,0.0,4.17,6.89,RIGHT_LANE_ONLY,314.7,-5.3,0.5,,
20:58:38.283,9.8,MANUAL,0,0,0.0,0.0,0.0,4.17,6.89,RIGHT_LANE_ONLY,313.8,-6.2,0.5,,
20:58:39.327,9.8,MANUAL,0,0,0.0,0.0,0.0,4.17,6.89,RIGHT_LANE_ONLY,313.7,-6.3,0.5,,
20:58:40.386,8.9,MANUAL,0,0,0.0,0.0,0.0,4.17,6.89,RIGHT_LANE_ONLY,314.2,-5.8,0.5,,
20:58:41.441,9.8,MANUAL,0,0,0.0,0.0,0.0,4.17,6.89,RIGHT_LANE_ONLY,314.1,-5.9,0.5,,
20:58:42.502,9.0,MANUAL,0,0,0.0,0.0,0.0,4.17,6.89,RIGHT_LANE_ONLY,314.0,-6.0,0.5,,
20:58:43.506,10.4,MANUAL,0,0,0.0,0.0,0.0,4.17,6.89,RIGHT_LANE_ONLY,313.6,-6.4,0.5,,
20:58:44.540,11.1,MANUAL,0,0,0.0,0.0,0.0,4.17,6.89,LEFT_LANE_ONLY,206.3,-113.7,0.5,,
20:58:45.560,9.8,MANUAL,0,0,0.0,0.0,0.0,4.17,6.89,RIGHT_LANE_ONLY,296.2,-23.8,0.5,,
20:58:46.562,10.1,MANUAL,0,0,0.0,0.0,0.0,4.17,6.89,RIGHT_LANE_ONLY,354.1,34.1,0.5,,
20:58:47.638,10.1,MANUAL,0,0,0.0,0.0,0.0,4.17,6.89,RIGHT_LANE_ONLY,356.0,36.0,0.5,,
20:58:48.693,10.6,MANUAL,0,0,0.0,0.0,0.0,4.17,6.89,RIGHT_LANE_ONLY,355.8,35.8,0.5,,
20:58:49.708,10.5,MANUAL,0,0,0.0,0.0,0.0,4.17,6.89,RIGHT_LANE_ONLY,355.1,35.1,0.5,,
20:58:50.742,11.4,MANUAL,0,0,0.0,0.0,0.0,4.17,6.89,RIGHT_LANE_ONLY,360.1,40.1,0.5,,
20:58:51.790,10.1,MANUAL,0,0,0.0,0.0,0.0,4.17,6.89,RIGHT_LANE_ONLY,442.1,122.1,0.5,,
20:58:52.813,11.8,MANUAL,0,0,0.0,0.0,0.0,4.17,6.89,RIGHT_LANE_ONLY,452.9,132.9,0.5,,
20:58:53.815,10.5,MANUAL,0,0,0.0,0.0,0.0,4.17,6.89,RIGHT_LANE_ONLY,441.9,121.9,0.5,,
20:58:54.903,11.1,MANUAL,0,0,0.0,0.0,0.0,4.17,6.89,RIGHT_LANE_ONLY,416.0,96.0,0.5,,
20:58:55.921,11.5,MANUAL,0,0,0.0,0.0,0.0,4.17,6.89,RIGHT_LANE_ONLY,445.4,125.4,0.5,,
20:58:56.944,10.9,MANUAL,0,0,0.0,0.0,0.0,4.17,6.89,RIGHT_LANE_ONLY,451.1,131.1,0.5,,
20:58:57.967,11.4,MANUAL,0,0,0.0,0.0,0.0,4.17,6.89,RIGHT_LANE_ONLY,430.0,110.0,0.5,,
20:58:58.977,11.7,MANUAL,0,0,0.0,0.0,0.0,4.17,6.89,RIGHT_LANE_ONLY,420.3,100.3,0.5,,
20:58:59.987,10.7,MANUAL,0,0,0.0,0.0,0.0,4.17,6.89,RIGHT_LANE_ONLY,448.0,128.0,0.5,,
20:59:01.033,11.9,MANUAL,0,0,0.0,0.0,0.0,4.17,6.89,RIGHT_LANE_ONLY,431.1,111.1,0.5,,
20:59:02.111,10.1,MANUAL,0,0,0.0,0.0,0.0,4.17,6.89,RIGHT_LANE_ONLY,449.0,129.0,0.5,,
20:59:03.175,11.0,MANUAL,0,0,0.0,0.0,0.0,4.17,6.89,RIGHT_LANE_ONLY,463.0,143.0,0.5,,
20:59:04.245,10.6,MANUAL,0,0,0.0,0.0,0.0,4.17,6.89,RIGHT_LANE_ONLY,443.6,123.6,0.5,,
20:59:05.262,11.0,MANUAL,0,0,0.0,0.0,0.0,4.17,6.89,RIGHT_LANE_ONLY,484.9,164.9,0.5,,
20:59:06.340,11.7,MANUAL,0,0,0.0,0.0,0.0,4.17,6.89,RIGHT_LANE_ONLY,484.6,164.6,0.5,,
20:59:07.343,10.0,MANUAL,0,0,0.0,0.0,0.0,4.17,6.89,RIGHT_LANE_ONLY,478.1,158.1,0.5,,
20:59:08.421,9.5,MANUAL,0,0,0.0,0.0,0.0,4.17,6.89,CENTER_DUAL,453.1,133.1,1.0,,
20:59:09.471,9.5,MANUAL,0,0,0.0,0.0,0.0,4.17,6.89,LEFT_LANE_ONLY,428.7,108.7,0.5,,
20:59:10.530,9.3,MANUAL,0,0,0.0,0.0,0.0,4.17,6.89,LEFT_LANE_ONLY,429.2,109.2,0.5,,
20:59:11.624,8.7,MANUAL,0,0,0.0,0.0,0.0,4.17,6.89,LEFT_LANE_ONLY,429.9,109.9,0.5,,
20:59:12.652,8.6,MANUAL,0,0,0.0,0.0,0.0,4.17,6.89,LEFT_LANE_ONLY,430.4,110.4,0.5,,
20:59:13.738,9.1,MANUAL,0,0,0.0,0.0,0.0,4.17,6.89,LEFT_LANE_ONLY,430.8,110.8,0.5,,
20:59:14.757,8.9,MANUAL,0,0,0.0,0.0,0.0,4.17,6.89,LEFT_LANE_ONLY,431.0,111.0,0.5,,
20:59:15.761,8.4,MANUAL,0,0,0.0,0.0,0.0,4.17,6.89,LEFT_LANE_ONLY,431.2,111.2,0.5,,
20:59:16.784,7.4,MANUAL,0,0,0.0,0.0,0.0,4.17,6.89,LEFT_LANE_ONLY,431.1,111.1,0.5,,
20:59:17.877,10.2,MANUAL,0,0,0.0,0.0,0.0,4.17,6.89,LEFT_LANE_ONLY,431.1,111.1,0.5,,
20:59:18.916,8.9,MANUAL,0,0,0.0,0.0,0.0,4.17,6.89,LEFT_LANE_ONLY,431.2,111.2,0.5,,
20:59:19.947,9.3,MANUAL,0,0,0.0,0.0,0.0,4.17,6.89,LEFT_LANE_ONLY,431.3,111.3,0.5,,
20:59:20.960,8.6,MANUAL,0,0,0.0,0.0,0.0,4.17,6.89,LEFT_LANE_ONLY,431.3,111.3,0.5,,
20:59:22.041,9.1,MANUAL,0,0,0.0,0.0,0.0,4.17,6.89,LEFT_LANE_ONLY,423.3,103.3,0.5,,
20:59:23.096,9.7,MANUAL,0,0,0.0,0.0,0.0,4.17,6.89,LEFT_LANE_ONLY,434.1,114.1,0.5,,
20:59:24.164,10.3,MANUAL,0,0,0.0,0.0,0.0,4.17,6.89,LEFT_LANE_ONLY,437.6,117.6,0.5,,
20:59:25.192,9.1,MANUAL,0,0,0.0,0.0,0.0,4.17,6.89,LEFT_LANE_ONLY,439.4,119.4,0.5,,
20:59:26.231,9.6,MANUAL,0,0,0.0,0.0,0.0,4.17,6.89,LEFT_LANE_ONLY,440.9,120.9,0.5,,
20:59:27.254,10.3,MANUAL,0,0,0.0,0.0,0.0,4.17,6.89,LEFT_LANE_ONLY,441.4,121.4,0.5,,
20:59:28.266,10.6,MANUAL,0,0,0.0,0.0,0.0,4.17,6.89,LEFT_LANE_ONLY,438.4,118.4,0.5,,
20:59:29.344,10.2,MANUAL,0,0,0.0,0.0,0.0,4.17,6.89,LEFT_LANE_ONLY,434.3,114.3,0.5,,
20:59:30.349,11.2,MANUAL,0,0,0.0,0.0,0.0,4.17,6.89,LEFT_LANE_ONLY,416.5,96.5,0.5,,
20:59:31.426,11.1,MANUAL,0,0,0.0,0.0,0.0,4.17,6.89,LEFT_LANE_ONLY,416.2,96.2,0.5,,
20:59:32.467,11.4,MANUAL,0,0,0.0,0.0,0.0,4.17,6.89,LEFT_LANE_ONLY,417.3,97.3,0.5,,
20:59:33.492,12.1,MANUAL,0,0,0.0,0.0,0.0,4.17,6.89,LEFT_LANE_ONLY,418.4,98.4,0.5,,
20:59:34.523,12.4,MANUAL,0,0,0.0,0.0,0.0,4.17,6.89,LEFT_LANE_ONLY,418.9,98.9,0.5,,
20:59:35.543,11.6,MANUAL,0,0,0.0,0.0,0.0,4.17,6.89,LEFT_LANE_ONLY,419.2,99.2,0.5,,
20:59:36.588,11.7,MANUAL,0,0,0.0,0.0,0.0,4.17,6.89,LEFT_LANE_ONLY,419.3,99.3,0.5,,
20:59:37.633,11.3,MANUAL,0,0,0.0,0.0,0.0,4.17,6.89,LEFT_LANE_ONLY,419.6,99.6,0.5,,
20:59:38.692,11.5,MANUAL,0,0,0.0,0.0,0.0,4.17,6.89,LEFT_LANE_ONLY,419.8,99.8,0.5,,
20:59:39.769,11.2,MANUAL,0,0,0.0,0.0,0.0,4.17,6.89,LEFT_LANE_ONLY,419.8,99.8,0.5,,
20:59:40.810,11.6,MANUAL,0,0,0.0,0.0,0.0,4.17,6.89,LEFT_LANE_ONLY,419.7,99.7,0.5,,
20:59:41.856,11.8,MANUAL,0,0,0.0,0.0,0.0,4.17,6.89,LEFT_LANE_ONLY,419.6,99.6,0.5,,
20:59:42.948,11.4,MANUAL,0,0,0.0,0.0,0.0,4.17,6.89,LEFT_LANE_ONLY,419.6,99.6,0.5,,
20:59:44.009,11.4,MANUAL,0,0,0.0,0.0,0.0,4.17,6.89,LEFT_LANE_ONLY,419.6,99.6,0.5,,
20:59:45.055,11.2,MANUAL,0,0,0.0,0.0,0.0,4.17,6.89,LEFT_LANE_ONLY,419.6,99.6,0.5,,
20:59:46.089,12.0,MANUAL,0,0,0.0,0.0,0.0,4.17,6.89,LEFT_LANE_ONLY,419.6,99.6,0.5,,
20:59:47.121,12.2,MANUAL,0,0,0.0,0.0,0.0,4.17,6.89,LEFT_LANE_ONLY,419.6,99.6,0.5,,
20:59:48.160,12.2,MANUAL,0,0,0.0,0.0,0.0,4.17,6.89,LEFT_LANE_ONLY,419.7,99.7,0.5,,
20:59:49.227,10.7,MANUAL,0,0,0.0,0.0,0.0,4.17,6.89,LEFT_LANE_ONLY,419.6,99.6,0.5,,
20:59:50.289,11.7,MANUAL,0,0,0.0,0.0,0.0,4.17,6.89,LEFT_LANE_ONLY,420.1,100.1,0.5,,
20:59:51.346,11.5,MANUAL,0,0,0.0,0.0,0.0,4.17,6.89,LEFT_LANE_ONLY,420.7,100.7,0.5,,
20:59:52.361,12.5,MANUAL,0,0,0.0,0.0,0.0,4.17,6.89,LEFT_LANE_ONLY,419.9,99.9,0.5,,
20:59:53.396,11.5,MANUAL,0,0,0.0,0.0,0.0,4.17,6.89,LEFT_LANE_ONLY,419.9,99.9,0.5,,
20:59:54.425,12.3,MANUAL,0,0,0.0,0.0,0.0,4.17,6.89,LEFT_LANE_ONLY,420.0,100.0,0.5,,
20:59:55.454,12.0,MANUAL,0,0,0.0,0.0,0.0,4.17,6.89,LEFT_LANE_ONLY,419.9,99.9,0.5,,
20:59:56.461,12.6,MANUAL,0,0,0.0,0.0,0.0,4.17,6.89,LEFT_LANE_ONLY,419.9,99.9,0.5,,
20:59:57.508,12.0,MANUAL,0,0,0.0,0.0,0.0,4.17,6.89,LEFT_LANE_ONLY,419.8,99.8,0.5,,
20:59:58.586,11.2,MANUAL,0,0,0.0,0.0,0.0,4.17,6.89,LEFT_LANE_ONLY,419.8,99.8,0.5,,
20:59:59.629,12.9,MANUAL,0,0,0.0,0.0,0.0,4.17,6.89,LEFT_LANE_ONLY,419.8,99.8,0.5,,
21:00:00.716,10.5,MANUAL,0,0,0.0,0.0,0.0,4.17,6.89,LEFT_LANE_ONLY,420.0,100.0,0.5,,
21:00:01.765,11.2,MANUAL,0,0,0.0,0.0,0.0,4.17,6.89,LEFT_LANE_ONLY,420.1,100.1,0.5,,
21:00:02.817,11.1,MANUAL,0,0,0.0,0.0,0.0,4.17,6.89,LEFT_LANE_ONLY,420.2,100.2,0.5,,
21:00:03.869,11.7,MANUAL,0,0,0.0,0.0,0.0,4.17,6.89,LEFT_LANE_ONLY,420.3,100.3,0.5,,
21:00:04.909,11.8,MANUAL,0,0,0.0,0.0,0.0,4.17,6.89,LEFT_LANE_ONLY,420.4,100.4,0.5,,
21:00:05.932,11.2,MANUAL,0,0,0.0,0.0,0.0,4.17,6.89,LEFT_LANE_ONLY,420.4,100.4,0.5,,
21:00:06.946,11.9,MANUAL,0,0,0.0,0.0,0.0,4.17,6.89,LEFT_LANE_ONLY,420.3,100.3,0.5,,
21:00:07.972,10.8,MANUAL,0,0,0.0,0.0,0.0,4.17,6.89,LEFT_LANE_ONLY,420.3,100.3,0.5,,
21:00:09.002,11.8,MANUAL,0,0,0.0,0.0,0.0,4.17,6.89,LEFT_LANE_ONLY,420.3,100.3,0.5,,
21:00:10.044,11.1,MANUAL,0,0,0.0,0.0,0.0,4.17,6.89,LEFT_LANE_ONLY,420.4,100.4,0.5,,
21:00:11.082,11.9,MANUAL,0,0,0.0,0.0,0.0,4.17,6.89,LEFT_LANE_ONLY,420.5,100.5,0.5,,
21:00:12.127,11.4,MANUAL,0,0,0.0,0.0,0.0,4.17,6.89,LEFT_LANE_ONLY,414.9,94.9,0.5,,
21:00:13.172,10.0,MANUAL,0,0,0.0,0.0,0.0,4.17,6.89,LEFT_LANE_ONLY,417.2,97.2,0.5,,
21:00:14.222,11.6,MANUAL,0,0,0.0,0.0,0.0,4.17,6.89,LEFT_LANE_ONLY,418.1,98.1,0.5,,
21:00:15.299,11.6,MANUAL,0,0,0.0,0.0,0.0,4.17,6.89,LEFT_LANE_ONLY,417.9,97.9,0.5,,
21:00:16.371,12.1,MANUAL,0,0,0.0,0.0,0.0,4.17,6.89,LEFT_LANE_ONLY,418.3,98.3,0.5,,
21:00:17.413,11.2,MANUAL,0,0,0.0,0.0,0.0,4.17,6.89,LEFT_LANE_ONLY,418.5,98.5,0.5,,
21:00:18.432,12.0,MANUAL,0,0,0.0,0.0,0.0,4.17,6.89,LEFT_LANE_ONLY,418.5,98.5,0.5,,
21:00:19.467,12.0,MANUAL,0,0,0.0,0.0,0.0,4.17,6.89,LEFT_LANE_ONLY,418.6,98.6,0.5,,
21:00:20.514,12.0,MANUAL,0,0,0.0,0.0,0.0,4.17,6.89,LEFT_LANE_ONLY,418.8,98.8,0.5,,
21:00:21.585,10.2,MANUAL,0,0,0.0,0.0,0.0,4.17,6.89,LEFT_LANE_ONLY,418.8,98.8,0.5,,
21:00:22.661,10.5,MANUAL,0,0,0.0,0.0,0.0,4.17,6.89,LEFT_LANE_ONLY,418.7,98.7,0.5,,
21:00:23.700,11.7,MANUAL,0,0,0.0,0.0,0.0,4.17,6.89,LEFT_LANE_ONLY,418.7,98.7,0.5,,
21:00:24.737,11.3,MANUAL,0,0,0.0,0.0,0.0,4.17,6.89,LEFT_LANE_ONLY,418.7,98.7,0.5,,
21:00:25.752,11.7,MANUAL,0,0,0.0,0.0,0.0,4.17,6.89,LEFT_LANE_ONLY,418.9,98.9,0.5,,
21:00:26.762,11.1,MANUAL,0,0,0.0,0.0,0.0,4.17,6.89,LEFT_LANE_ONLY,419.1,99.1,0.5,,
21:00:27.779,11.6,MANUAL,0,0,0.0,0.0,0.0,4.17,6.89,LEFT_LANE_ONLY,412.9,92.9,0.5,,
21:00:28.817,11.1,MANUAL,0,0,0.0,0.0,0.0,4.17,6.89,LEFT_LANE_ONLY,413.8,93.8,0.5,,
21:00:29.866,11.0,MANUAL,0,0,0.0,0.0,0.0,4.17,6.89,LEFT_LANE_ONLY,414.4,94.4,0.5,,
21:00:30.907,11.9,MANUAL,0,0,0.0,0.0,0.0,4.17,6.89,LEFT_LANE_ONLY,414.3,94.3,0.5,,
21:00:31.916,11.8,MANUAL,0,0,0.0,0.0,0.0,4.17,6.89,LEFT_LANE_ONLY,415.5,95.5,0.5,,
21:00:32.951,10.6,MANUAL,0,0,0.0,0.0,0.0,4.17,6.89,LEFT_LANE_ONLY,416.4,96.4,0.5,,
21:00:33.967,12.4,MANUAL,0,0,0.0,0.0,0.0,4.17,6.89,LEFT_LANE_ONLY,414.7,94.7,0.5,,
21:00:35.022,12.6,MANUAL,0,0,0.0,0.0,0.0,4.17,6.89,LEFT_LANE_ONLY,408.7,88.7,0.5,,
21:00:36.075,11.3,MANUAL,0,0,0.0,0.0,0.0,4.17,6.89,LEFT_LANE_ONLY,412.6,92.6,0.5,,
21:00:37.094,12.1,MANUAL,0,0,0.0,0.0,0.0,4.17,6.89,LEFT_LANE_ONLY,413.5,93.5,0.5,,
21:00:38.112,11.4,MANUAL,0,0,0.0,0.0,0.0,4.17,6.89,LEFT_LANE_ONLY,413.3,93.3,0.5,,
21:00:39.129,12.2,MANUAL,0,0,0.0,0.0,0.0,4.17,6.89,LEFT_LANE_ONLY,412.0,92.0,0.5,,
21:00:40.180,10.5,MANUAL,0,0,0.0,0.0,0.0,4.17,6.89,LEFT_LANE_ONLY,410.9,90.9,0.5,,
21:00:41.184,12.5,MANUAL,0,0,0.0,0.0,0.0,4.17,6.89,LEFT_LANE_ONLY,407.2,87.2,0.5,,
21:00:42.205,12.3,MANUAL,0,0,0.0,0.0,0.0,4.17,6.89,LEFT_LANE_ONLY,403.5,83.5,0.5,,
21:00:43.207,12.5,MANUAL,0,0,0.0,0.0,0.0,4.17,6.89,LEFT_LANE_ONLY,402.3,82.3,0.5,,
21:00:44.216,12.6,MANUAL,0,0,0.0,0.0,0.0,4.17,6.89,LEFT_LANE_ONLY,400.9,80.9,0.5,,
21:00:45.241,11.2,MANUAL,0,0,0.0,0.0,0.0,4.17,6.89,LEFT_LANE_ONLY,400.1,80.1,0.5,,
21:00:46.257,12.5,MANUAL,0,0,0.0,0.0,0.0,4.17,6.89,LEFT_LANE_ONLY,398.9,78.9,0.5,,
21:00:47.284,12.5,MANUAL,0,0,0.0,0.0,0.0,4.17,6.89,LEFT_LANE_ONLY,399.0,79.0,0.5,,
21:00:48.306,10.8,MANUAL,0,0,0.0,0.0,0.0,4.17,6.89,LEFT_LANE_ONLY,397.6,77.6,0.5,,
21:00:49.372,12.6,MANUAL,0,0,0.0,0.0,0.0,4.17,6.89,LEFT_LANE_ONLY,396.4,76.4,0.5,,
21:00:50.392,12.3,MANUAL,0,0,0.0,0.0,0.0,4.17,6.89,LEFT_LANE_ONLY,398.6,78.6,0.5,,
21:00:51.407,11.7,MANUAL,0,0,0.0,0.0,0.0,4.17,6.89,LEFT_LANE_ONLY,404.8,84.8,0.5,,
21:00:52.432,11.7,MANUAL,0,0,0.0,0.0,0.0,4.17,6.89,LEFT_LANE_ONLY,405.8,85.8,0.5,,
21:00:53.511,13.0,MANUAL,0,0,0.0,0.0,0.0,4.17,6.89,LEFT_LANE_ONLY,404.1,84.1,0.5,,
21:00:54.597,12.0,MANUAL,0,0,0.0,0.0,0.0,4.17,6.89,LEFT_LANE_ONLY,402.2,82.2,0.5,,
21:00:55.610,10.1,MANUAL,0,0,0.0,0.0,0.0,4.17,6.89,LEFT_LANE_ONLY,386.3,66.3,0.5,,
21:00:56.665,10.5,MANUAL,0,0,0.0,0.0,0.0,4.17,6.89,LEFT_LANE_ONLY,342.0,22.0,0.5,,
21:00:57.681,12.2,MANUAL,0,0,0.0,0.0,0.0,4.17,6.89,LEFT_LANE_ONLY,244.8,-75.2,0.5,,
21:00:58.745,12.6,MANUAL,0,0,0.0,0.0,0.0,4.17,6.89,LEFT_LANE_ONLY,127.0,-193.0,0.5,,
21:00:59.809,11.6,MANUAL,0,0,0.0,0.0,0.0,4.17,6.89,LEFT_LANE_ONLY,151.7,-168.3,0.5,,
21:01:00.897,12.3,MANUAL,0,0,0.0,0.0,0.0,4.17,6.89,CENTER_DUAL,160.7,-159.3,1.0,,
21:01:01.899,11.1,MANUAL,0,0,0.0,0.0,0.0,4.17,6.89,LEFT_LANE_ONLY,160.1,-159.9,0.5,,
21:01:02.938,11.5,MANUAL,0,0,0.0,0.0,0.0,4.17,6.89,LEFT_LANE_ONLY,159.0,-161.0,0.5,,
21:01:04.017,11.3,MANUAL,0,0,0.0,0.0,0.0,4.17,6.89,LEFT_LANE_ONLY,155.8,-164.2,0.5,,
21:01:05.027,11.9,MANUAL,0,0,0.0,0.0,0.0,4.17,6.89,LEFT_LANE_ONLY,157.1,-162.9,0.5,,
21:01:06.103,11.7,MANUAL,0,0,0.0,0.0,0.0,4.17,6.89,LEFT_LANE_ONLY,154.3,-165.7,0.5,,
21:01:07.140,11.6,MANUAL,0,0,0.0,0.0,0.0,4.17,6.89,LEFT_LANE_ONLY,158.5,-161.5,0.5,,
21:01:08.212,12.0,MANUAL,0,0,0.0,0.0,0.0,4.17,6.89,LEFT_LANE_ONLY,146.3,-173.7,0.5,,
21:01:09.233,12.7,MANUAL,0,0,0.0,0.0,0.0,4.17,6.89,LEFT_LANE_ONLY,145.7,-174.3,0.5,,
21:01:10.314,12.6,MANUAL,0,0,0.0,0.0,0.0,4.17,6.89,LEFT_LANE_ONLY,145.6,-174.4,0.5,,
21:01:11.317,12.3,MANUAL,0,0,0.0,0.0,0.0,4.17,6.89,LEFT_LANE_ONLY,144.7,-175.3,0.5,,
21:01:12.355,12.4,MANUAL,0,0,0.0,0.0,0.0,4.17,6.89,LEFT_LANE_ONLY,144.2,-175.8,0.5,,
21:01:13.368,11.5,MANUAL,0,0,0.0,0.0,0.0,4.17,6.89,LEFT_LANE_ONLY,145.4,-174.6,0.5,,
21:01:14.458,11.3,MANUAL,0,0,0.0,0.0,0.0,4.17,6.89,LEFT_LANE_ONLY,146.9,-173.1,0.5,,
21:01:15.489,11.6,MANUAL,0,0,0.0,0.0,0.0,4.17,6.89,LEFT_LANE_ONLY,159.7,-160.3,0.5,,
21:01:16.532,11.3,MANUAL,0,0,0.0,0.0,0.0,4.17,6.89,LEFT_LANE_ONLY,158.1,-161.9,0.5,,
21:01:17.572,11.6,MANUAL,0,0,0.0,0.0,0.0,4.17,6.89,LEFT_LANE_ONLY,161.6,-158.4,0.5,,
21:01:18.601,11.1,MANUAL,0,0,0.0,0.0,0.0,4.17,6.89,LEFT_LANE_ONLY,158.1,-161.9,0.5,,
21:01:19.654,11.9,MANUAL,0,0,0.0,0.0,0.0,4.17,6.89,LEFT_LANE_ONLY,158.1,-161.9,0.5,,
21:01:20.690,12.1,MANUAL,0,0,0.0,0.0,0.0,4.17,6.89,LEFT_LANE_ONLY,156.7,-163.3,0.5,,
21:01:21.713,10.5,MANUAL,0,0,0.0,0.0,0.0,4.17,6.89,LEFT_LANE_ONLY,156.8,-163.2,0.5,,
21:01:22.763,12.9,MANUAL,0,0,0.0,0.0,0.0,4.17,6.89,LEFT_LANE_ONLY,155.5,-164.5,0.5,,
21:01:23.779,12.4,MANUAL,0,0,0.0,0.0,0.0,4.17,6.89,LEFT_LANE_ONLY,155.8,-164.2,0.5,,
21:01:24.830,12.6,MANUAL,0,0,0.0,0.0,0.0,4.17,6.89,LEFT_LANE_ONLY,155.8,-164.2,0.5,,
21:01:25.842,11.3,MANUAL,0,0,0.0,0.0,0.0,4.17,6.89,LEFT_LANE_ONLY,155.8,-164.2,0.5,,
21:01:26.857,12.7,MANUAL,0,0,0.0,0.0,0.0,4.17,6.89,LEFT_LANE_ONLY,155.6,-164.4,0.5,,
21:01:27.863,11.9,MANUAL,0,0,0.0,0.0,0.0,4.17,6.89,LEFT_LANE_ONLY,154.1,-165.9,0.5,,
21:01:28.917,11.4,MANUAL,0,0,0.0,0.0,0.0,4.17,6.89,LEFT_LANE_ONLY,154.1,-165.9,0.5,,
21:01:29.931,11.1,MANUAL,0,0,0.0,0.0,0.0,4.17,6.89,LEFT_LANE_ONLY,155.4,-164.6,0.5,,
21:01:30.938,11.1,MANUAL,0,0,0.0,0.0,0.0,4.17,6.89,LEFT_LANE_ONLY,155.1,-164.9,0.5,,
21:01:31.967,11.3,MANUAL,0,0,0.0,0.0,0.0,4.17,6.89,LEFT_LANE_ONLY,155.1,-164.9,0.5,,
21:01:33.018,12.8,MANUAL,0,0,0.0,0.0,0.0,4.17,6.89,LEFT_LANE_ONLY,155.0,-165.0,0.5,,
21:01:34.055,11.7,MANUAL,0,0,0.0,0.0,0.0,4.17,6.89,LEFT_LANE_ONLY,154.7,-165.3,0.5,,
21:01:35.101,12.2,MANUAL,0,0,0.0,0.0,0.0,4.17,6.89,LEFT_LANE_ONLY,154.4,-165.6,0.5,,
21:01:36.163,11.2,MANUAL,0,0,0.0,0.0,0.0,4.17,6.89,LEFT_LANE_ONLY,154.1,-165.9,0.5,,
21:01:37.243,11.6,MANUAL,0,0,0.0,0.0,0.0,4.17,6.89,LEFT_LANE_ONLY,153.5,-166.5,0.5,,
21:01:38.312,12.4,MANUAL,0,0,0.0,0.0,0.0,4.17,6.89,LEFT_LANE_ONLY,150.7,-169.3,0.5,,
21:01:39.384,12.7,MANUAL,0,0,0.0,0.0,0.0,4.17,6.89,LEFT_LANE_ONLY,152.5,-167.5,0.5,,
21:01:40.436,12.8,MANUAL,0,0,0.0,0.0,0.0,4.17,6.89,LEFT_LANE_ONLY,152.0,-168.0,0.5,,
21:01:41.453,12.5,MANUAL,0,0,0.0,0.0,0.0,4.17,6.89,LEFT_LANE_ONLY,153.6,-166.4,0.5,,
21:01:42.519,11.2,MANUAL,0,0,0.0,0.0,0.0,4.17,6.89,LEFT_LANE_ONLY,151.4,-168.6,0.5,,
21:01:43.596,11.2,MANUAL,0,0,0.0,0.0,0.0,4.17,6.89,LEFT_LANE_ONLY,151.6,-168.4,0.5,,
21:01:44.648,12.9,MANUAL,0,0,0.0,0.0,0.0,4.17,6.89,LEFT_LANE_ONLY,151.4,-168.6,0.5,,
21:01:45.652,12.1,MANUAL,0,0,0.0,0.0,0.0,4.17,6.89,LEFT_LANE_ONLY,155.0,-165.0,0.5,,
21:01:46.734,12.0,MANUAL,0,0,0.0,0.0,0.0,4.17,6.89,LEFT_LANE_ONLY,155.7,-164.3,0.5,,
21:01:47.739,12.7,MANUAL,0,0,0.0,0.0,0.0,4.17,6.89,LEFT_LANE_ONLY,155.7,-164.3,0.5,,
21:01:48.739,11.7,MANUAL,0,0,0.0,0.0,0.0,4.17,6.89,LEFT_LANE_ONLY,156.1,-163.9,0.5,,
21:01:49.765,11.9,MANUAL,0,0,0.0,0.0,0.0,4.17,6.89,LEFT_LANE_ONLY,156.2,-163.8,0.5,,
21:01:50.778,12.0,MANUAL,0,0,0.0,0.0,0.0,4.17,6.89,LEFT_LANE_ONLY,155.9,-164.1,0.5,,
21:01:51.784,11.3,MANUAL,0,0,0.0,0.0,0.0,4.17,6.89,LEFT_LANE_ONLY,155.5,-164.5,0.5,,
21:01:52.858,12.6,MANUAL,0,0,0.0,0.0,0.0,4.17,6.89,LEFT_LANE_ONLY,155.7,-164.3,0.5,,
21:01:53.866,12.4,MANUAL,0,0,0.0,0.0,0.0,4.17,6.89,LEFT_LANE_ONLY,155.3,-164.7,0.5,,
21:01:54.929,11.6,MANUAL,0,0,0.0,0.0,0.0,4.17,6.89,LEFT_LANE_ONLY,155.6,-164.4,0.5,,
21:01:56.000,12.7,MANUAL,0,0,0.0,0.0,0.0,4.17,6.89,LEFT_LANE_ONLY,157.1,-162.9,0.5,,
21:01:57.031,12.3,MANUAL,0,0,0.0,0.0,0.0,4.17,6.89,LEFT_LANE_ONLY,154.5,-165.5,0.5,,
21:01:58.052,12.1,MANUAL,0,0,0.0,0.0,0.0,4.17,6.89,LEFT_LANE_ONLY,154.9,-165.1,0.5,,
21:01:59.127,12.7,MANUAL,0,0,0.0,0.0,0.0,4.17,6.89,LEFT_LANE_ONLY,155.0,-165.0,0.5,,
21:02:00.158,12.2,MANUAL,0,0,0.0,0.0,0.0,4.17,6.89,LEFT_LANE_ONLY,153.9,-166.1,0.5,,
21:02:01.218,11.8,MANUAL,0,0,0.0,0.0,0.0,4.17,6.89,LEFT_LANE_ONLY,154.4,-165.6,0.5,,
21:02:02.267,10.5,MANUAL,0,0,0.0,0.0,0.0,4.17,6.89,LEFT_LANE_ONLY,158.8,-161.2,0.5,,
21:02:03.279,10.5,MANUAL,0,0,0.0,0.0,0.0,4.17,6.89,RIGHT_LANE_ONLY,152.4,-167.6,0.5,,
21:02:04.339,10.4,MANUAL,0,0,0.0,0.0,0.0,4.17,6.89,RIGHT_LANE_ONLY,151.5,-168.5,0.5,,
21:02:05.377,10.4,MANUAL,0,0,0.0,0.0,0.0,4.17,6.89,RIGHT_LANE_ONLY,151.0,-169.0,0.5,,
21:02:06.436,9.9,MANUAL,0,0,0.0,0.0,0.0,4.17,6.89,RIGHT_LANE_ONLY,150.7,-169.3,0.5,,
21:02:07.522,8.9,MANUAL,0,0,0.0,0.0,0.0,4.17,6.89,RIGHT_LANE_ONLY,150.5,-169.5,0.5,,
21:02:08.547,9.8,MANUAL,0,0,0.0,0.0,0.0,4.17,6.89,RIGHT_LANE_ONLY,150.4,-169.6,0.5,,
21:02:09.599,10.3,MANUAL,0,0,0.0,0.0,0.0,4.17,6.89,RIGHT_LANE_ONLY,150.4,-169.6,0.5,,
21:02:10.607,10.3,MANUAL,0,0,0.0,0.0,0.0,4.17,6.89,RIGHT_LANE_ONLY,150.4,-169.6,0.5,,
21:02:11.699,9.6,MANUAL,0,0,0.0,0.0,0.0,4.17,6.89,RIGHT_LANE_ONLY,150.4,-169.6,0.5,,
21:02:12.779,9.7,MANUAL,0,0,0.0,0.0,0.0,4.17,6.89,RIGHT_LANE_ONLY,150.4,-169.6,0.5,,
21:02:13.814,11.1,MANUAL,0,0,0.0,0.0,0.0,4.17,6.89,RIGHT_LANE_ONLY,150.4,-169.6,0.5,,
21:02:14.880,9.9,MANUAL,0,0,0.0,0.0,0.0,4.17,6.89,RIGHT_LANE_ONLY,150.4,-169.6,0.5,,
21:02:15.937,10.1,MANUAL,0,0,0.0,0.0,0.0,4.17,6.89,RIGHT_LANE_ONLY,150.5,-169.5,0.5,,
21:02:17.022,10.2,MANUAL,0,0,0.0,0.0,0.0,4.17,6.89,RIGHT_LANE_ONLY,150.5,-169.5,0.5,,
21:02:18.055,10.8,MANUAL,0,0,0.0,0.0,0.0,4.17,6.89,RIGHT_LANE_ONLY,150.5,-169.5,0.5,,
21:02:19.078,10.3,MANUAL,0,0,0.0,0.0,0.0,4.17,6.89,RIGHT_LANE_ONLY,150.6,-169.4,0.5,,
21:02:20.126,10.8,MANUAL,0,0,0.0,0.0,0.0,4.17,6.89,RIGHT_LANE_ONLY,150.7,-169.3,0.5,,
21:02:21.181,9.8,MANUAL,0,0,0.0,0.0,0.0,4.17,6.89,RIGHT_LANE_ONLY,150.7,-169.3,0.5,,
21:02:22.221,10.0,MANUAL,0,0,0.0,0.0,0.0,4.17,6.89,RIGHT_LANE_ONLY,150.7,-169.3,0.5,,
21:02:23.259,11.4,MANUAL,0,0,0.0,0.0,0.0,4.17,6.89,RIGHT_LANE_ONLY,150.7,-169.3,0.5,,
21:02:24.297,10.8,MANUAL,0,0,0.0,0.0,0.0,4.17,6.89,RIGHT_LANE_ONLY,150.8,-169.2,0.5,,
21:02:25.324,10.5,MANUAL,0,0,0.0,0.0,0.0,4.17,6.89,RIGHT_LANE_ONLY,150.8,-169.2,0.5,,
21:02:26.345,11.3,MANUAL,0,0,0.0,0.0,0.0,4.17,6.89,RIGHT_LANE_ONLY,150.8,-169.2,0.5,,
21:02:27.397,11.3,MANUAL,0,0,0.0,0.0,0.0,4.17,6.89,RIGHT_LANE_ONLY,150.8,-169.2,0.5,,
21:02:28.429,10.3,MANUAL,0,0,0.0,0.0,0.0,4.17,6.89,RIGHT_LANE_ONLY,150.8,-169.2,0.5,,
21:02:29.452,11.3,MANUAL,0,0,0.0,0.0,0.0,4.17,6.89,RIGHT_LANE_ONLY,150.8,-169.2,0.5,,
21:02:30.508,10.6,MANUAL,0,0,0.0,0.0,0.0,4.17,6.89,RIGHT_LANE_ONLY,150.9,-169.1,0.5,,
21:02:31.523,11.5,MANUAL,0,0,0.0,0.0,0.0,4.17,6.89,RIGHT_LANE_ONLY,151.2,-168.8,0.5,,
21:02:32.539,10.3,MANUAL,0,0,0.0,0.0,0.0,4.17,6.89,RIGHT_LANE_ONLY,151.3,-168.7,0.5,,
21:02:33.576,11.0,MANUAL,0,0,0.0,0.0,0.0,4.17,6.89,RIGHT_LANE_ONLY,151.4,-168.6,0.5,,
21:02:34.605,11.4,MANUAL,0,0,0.0,0.0,0.0,4.17,6.89,RIGHT_LANE_ONLY,151.3,-168.7,0.5,,
21:02:35.640,11.2,MANUAL,0,0,0.0,0.0,0.0,4.17,6.89,RIGHT_LANE_ONLY,151.2,-168.8,0.5,,
21:02:36.676,10.6,MANUAL,0,0,0.0,0.0,0.0,4.17,6.89,RIGHT_LANE_ONLY,151.2,-168.8,0.5,,
21:02:37.712,10.4,MANUAL,0,0,0.0,0.0,0.0,4.17,6.89,RIGHT_LANE_ONLY,151.2,-168.8,0.5,,
21:02:38.737,10.7,MANUAL,0,0,0.0,0.0,0.0,4.17,6.89,RIGHT_LANE_ONLY,151.2,-168.8,0.5,,
21:02:39.757,10.2,MANUAL,0,0,0.0,0.0,0.0,4.17,6.89,RIGHT_LANE_ONLY,151.2,-168.8,0.5,,
21:02:40.799,11.1,MANUAL,0,0,0.0,0.0,0.0,4.17,6.89,RIGHT_LANE_ONLY,151.2,-168.8,0.5,,
21:02:41.819,11.4,MANUAL,0,0,0.0,0.0,0.0,4.17,6.89,RIGHT_LANE_ONLY,151.3,-168.7,0.5,,
21:02:42.861,10.0,MANUAL,0,0,0.0,0.0,0.0,4.17,6.89,RIGHT_LANE_ONLY,151.3,-168.7,0.5,,
21:02:43.885,10.7,MANUAL,0,0,0.0,0.0,0.0,4.17,6.89,RIGHT_LANE_ONLY,151.4,-168.6,0.5,,
21:02:44.921,10.0,MANUAL,0,0,0.0,0.0,0.0,4.17,6.89,RIGHT_LANE_ONLY,151.4,-168.6,0.5,,
21:02:45.947,10.3,MANUAL,0,0,0.0,0.0,0.0,4.17,6.89,RIGHT_LANE_ONLY,151.4,-168.6,0.5,,
21:02:46.983,10.8,MANUAL,0,0,0.0,0.0,0.0,4.17,6.89,RIGHT_LANE_ONLY,151.4,-168.6,0.5,,
21:02:48.020,10.9,MANUAL,0,0,0.0,0.0,0.0,4.17,6.89,RIGHT_LANE_ONLY,151.5,-168.5,0.5,,
21:02:49.046,10.9,MANUAL,0,0,0.0,0.0,0.0,4.17,6.89,RIGHT_LANE_ONLY,151.4,-168.6,0.5,,
21:02:50.072,11.3,MANUAL,0,0,0.0,0.0,0.0,4.17,6.89,RIGHT_LANE_ONLY,151.4,-168.6,0.5,,
21:02:51.087,10.7,MANUAL,0,0,0.0,0.0,0.0,4.17,6.89,RIGHT_LANE_ONLY,151.4,-168.6,0.5,,
21:02:52.110,10.8,MANUAL,0,0,0.0,0.0,0.0,4.17,6.89,RIGHT_LANE_ONLY,151.4,-168.6,0.5,,
21:02:53.137,10.9,MANUAL,0,0,0.0,0.0,0.0,4.17,6.89,RIGHT_LANE_ONLY,151.4,-168.6,0.5,,
21:02:54.189,10.6,MANUAL,0,0,0.0,0.0,0.0,4.17,6.89,RIGHT_LANE_ONLY,151.4,-168.6,0.5,,
21:02:55.239,10.5,MANUAL,0,0,0.0,0.0,0.0,4.17,6.89,RIGHT_LANE_ONLY,151.4,-168.6,0.5,,
21:02:56.312,11.4,MANUAL,0,0,0.0,0.0,0.0,4.17,6.89,RIGHT_LANE_ONLY,151.6,-168.4,0.5,,
21:02:57.368,10.0,MANUAL,0,0,0.0,0.0,0.0,4.17,6.89,RIGHT_LANE_ONLY,153.2,-166.8,0.5,,
21:02:58.416,11.2,MANUAL,0,0,0.0,0.0,0.0,4.17,6.89,RIGHT_LANE_ONLY,152.5,-167.5,0.5,,
21:02:59.435,12.3,MANUAL,0,0,0.0,0.0,0.0,4.17,6.89,RIGHT_LANE_ONLY,152.1,-167.9,0.5,,
21:03:00.474,11.0,MANUAL,0,0,0.0,0.0,0.0,4.17,6.89,RIGHT_LANE_ONLY,151.9,-168.1,0.5,,
21:03:01.496,11.5,MANUAL,0,0,0.0,0.0,0.0,4.17,6.89,RIGHT_LANE_ONLY,151.8,-168.2,0.5,,
21:03:02.509,12.5,MANUAL,0,0,0.0,0.0,0.0,4.17,6.89,CENTER_DUAL,158.4,-161.6,1.0,,
21:03:03.583,10.1,MANUAL,0,0,0.0,0.0,0.0,4.17,6.89,CENTER_DUAL,165.9,-154.1,1.0,,
21:03:04.647,11.0,MANUAL,0,0,0.0,0.0,0.0,4.17,6.89,CENTER_DUAL,165.7,-154.3,1.0,,
21:03:05.704,11.5,MANUAL,0,0,0.0,0.0,0.0,4.17,6.89,CENTER_DUAL,165.5,-154.5,1.0,,
21:03:06.752,12.1,MANUAL,0,0,0.0,0.0,0.0,4.17,6.89,CENTER_DUAL,165.4,-154.6,1.0,,
21:03:07.758,11.9,MANUAL,0,0,0.0,0.0,0.0,4.17,6.89,CENTER_DUAL,165.5,-154.5,1.0,,
21:03:08.789,12.2,MANUAL,0,0,0.0,0.0,0.0,4.17,6.89,CENTER_DUAL,212.5,-107.5,1.0,,
21:03:09.815,12.6,MANUAL,0,0,0.0,0.0,0.0,4.17,6.89,CENTER_DUAL,223.7,-96.3,1.0,,
21:03:10.857,12.7,MANUAL,0,0,0.0,0.0,0.0,4.17,6.89,CENTER_DUAL,233.0,-87.0,1.0,,
21:03:11.912,12.0,MANUAL,0,0,0.0,0.0,0.0,4.17,6.89,CENTER_DUAL,220.5,-99.5,1.0,,
21:03:12.938,10.7,MANUAL,0,0,0.0,0.0,0.0,4.17,6.89,LEFT_LANE_ONLY,217.4,-102.6,0.5,,
21:03:13.950,12.3,MANUAL,0,0,0.0,0.0,0.0,4.17,6.89,CENTER_DUAL,205.3,-114.7,1.0,,
21:03:14.960,11.9,MANUAL,0,0,0.0,0.0,0.0,4.17,6.89,RIGHT_LANE_ONLY,207.3,-112.7,0.5,,
21:03:16.000,11.7,MANUAL,0,0,0.0,0.0,0.0,4.17,6.89,RIGHT_LANE_ONLY,200.2,-119.8,0.5,,
21:03:17.026,11.5,MANUAL,0,0,0.0,0.0,0.0,4.17,6.89,RIGHT_LANE_ONLY,190.7,-129.3,0.5,,
21:03:18.067,10.9,MANUAL,0,0,0.0,0.0,0.0,4.17,6.89,RIGHT_LANE_ONLY,284.3,-35.7,0.5,,
21:03:19.097,11.4,MANUAL,0,0,0.0,0.0,0.0,4.17,6.89,RIGHT_LANE_ONLY,290.1,-29.9,0.5,,
21:03:20.141,12.0,MANUAL,0,0,0.0,0.0,0.0,4.17,6.89,RIGHT_LANE_ONLY,289.4,-30.6,0.5,,
21:03:21.169,11.8,MANUAL,0,0,0.0,0.0,0.0,4.17,6.89,RIGHT_LANE_ONLY,288.9,-31.1,0.5,,
21:03:22.220,10.2,MANUAL,0,0,0.0,0.0,0.0,4.17,6.89,CENTER_DUAL,286.5,-33.5,1.0,,
21:03:23.229,12.7,MANUAL,0,0,0.0,0.0,0.0,4.17,6.89,LEFT_LANE_ONLY,305.9,-14.1,0.5,,
21:03:24.311,11.5,MANUAL,0,0,0.0,0.0,0.0,4.17,6.89,LEFT_LANE_ONLY,316.0,-4.0,0.5,,
21:03:25.312,12.6,MANUAL,0,0,0.0,0.0,0.0,4.17,6.89,LEFT_LANE_ONLY,317.5,-2.5,0.5,,
21:03:26.320,12.4,MANUAL,0,0,0.0,0.0,0.0,4.17,6.89,LEFT_LANE_ONLY,312.5,-7.5,0.5,,
21:03:27.404,12.8,MANUAL,0,0,0.0,0.0,0.0,4.17,6.89,LEFT_LANE_ONLY,296.3,-23.7,0.5,,
21:03:28.476,11.5,MANUAL,0,0,0.0,0.0,0.0,4.17,6.89,LEFT_LANE_ONLY,369.1,49.1,0.5,,
21:03:29.521,11.8,MANUAL,0,0,0.0,0.0,0.0,4.17,6.89,LEFT_LANE_ONLY,427.7,107.7,0.5,,
21:03:30.532,12.9,MANUAL,0,0,0.0,0.0,0.0,4.17,6.89,LEFT_LANE_ONLY,311.8,-8.2,0.5,,
21:03:31.534,12.7,MANUAL,0,0,0.0,0.0,0.0,4.17,6.89,LEFT_LANE_ONLY,310.7,-9.3,0.5,,
21:03:32.553,11.7,MANUAL,0,0,0.0,0.0,0.0,4.17,6.89,LEFT_LANE_ONLY,310.8,-9.2,0.5,,
21:03:33.554,11.8,MANUAL,0,0,0.0,0.0,0.0,4.17,6.89,LEFT_LANE_ONLY,319.5,-0.5,0.5,,
21:03:34.585,12.5,MANUAL,0,0,0.0,0.0,0.0,4.17,6.89,LEFT_LANE_ONLY,331.4,11.4,0.5,,
21:03:35.614,11.7,MANUAL,0,0,0.0,0.0,0.0,4.17,6.89,LEFT_LANE_ONLY,337.3,17.3,0.5,,
21:03:36.639,12.0,MANUAL,0,0,0.0,0.0,0.0,4.17,6.89,LEFT_LANE_ONLY,418.5,98.5,0.5,,
21:03:37.648,12.6,MANUAL,0,0,0.0,0.0,0.0,4.17,6.89,LEFT_LANE_ONLY,424.0,104.0,0.5,,
21:03:38.657,12.6,MANUAL,0,0,0.0,0.0,0.0,4.17,6.89,LEFT_LANE_ONLY,365.0,45.0,0.5,,
21:03:39.729,12.6,MANUAL,0,0,0.0,0.0,0.0,4.17,6.89,LEFT_LANE_ONLY,306.5,-13.5,0.5,,
21:03:40.744,11.5,MANUAL,0,0,0.0,0.0,0.0,4.17,6.89,LEFT_LANE_ONLY,306.7,-13.3,0.5,,
21:03:41.829,11.3,MANUAL,0,0,0.0,0.0,0.0,4.17,6.89,LEFT_LANE_ONLY,303.4,-16.6,0.5,,
21:03:42.833,12.7,MANUAL,0,0,0.0,0.0,0.0,4.17,6.89,LEFT_LANE_ONLY,302.4,-17.6,0.5,,
21:03:43.910,11.3,MANUAL,0,0,0.0,0.0,0.0,4.17,6.89,LEFT_LANE_ONLY,232.4,-87.6,0.5,,
21:03:44.957,11.8,MANUAL,0,0,0.0,0.0,0.0,4.17,6.89,LEFT_LANE_ONLY,125.2,-194.8,0.5,,
21:03:45.996,12.5,MANUAL,0,0,0.0,0.0,0.0,4.17,6.89,LEFT_LANE_ONLY,157.4,-162.6,0.5,,
21:03:47.041,12.0,MANUAL,0,0,0.0,0.0,0.0,4.17,6.89,LEFT_LANE_ONLY,136.5,-183.5,0.5,,
21:03:48.044,11.8,MANUAL,0,0,0.0,0.0,0.0,4.17,6.89,LEFT_LANE_ONLY,189.9,-130.1,0.5,,
21:03:49.109,11.7,MANUAL,0,0,0.0,0.0,0.0,4.17,6.89,RIGHT_LANE_ONLY,298.2,-21.8,0.5,,
21:03:50.141,10.8,MANUAL,0,0,0.0,0.0,0.0,4.17,6.89,RIGHT_LANE_ONLY,384.5,64.5,0.5,,
21:03:51.194,11.8,MANUAL,0,0,0.0,0.0,0.0,4.17,6.89,RIGHT_LANE_ONLY,454.1,134.1,0.5,,
21:03:52.223,10.4,MANUAL,0,0,0.0,0.0,0.0,4.17,6.89,RIGHT_LANE_ONLY,374.0,54.0,0.5,,
21:03:53.235,9.9,MANUAL,0,0,0.0,0.0,0.0,4.17,6.89,RIGHT_LANE_ONLY,336.1,16.1,0.5,,
21:03:54.273,10.7,MANUAL,0,0,0.0,0.0,0.0,4.17,6.89,RIGHT_LANE_ONLY,313.8,-6.2,0.5,,
21:03:55.312,10.1,MANUAL,0,0,0.0,0.0,0.0,4.17,6.89,RIGHT_LANE_ONLY,470.5,150.5,0.5,,
21:03:56.315,9.1,MANUAL,0,0,0.0,0.0,0.0,4.17,6.89,RIGHT_LANE_ONLY,451.9,131.9,0.5,,
21:03:57.392,10.9,MANUAL,0,0,0.0,0.0,0.0,4.17,6.89,RIGHT_LANE_ONLY,359.6,39.6,0.5,,
21:03:58.448,10.0,MANUAL,0,0,0.0,0.0,0.0,4.17,6.89,CENTER_DUAL,337.6,17.6,1.0,,
21:03:59.482,10.4,MANUAL,0,0,0.0,0.0,0.0,4.17,6.89,LEFT_LANE_ONLY,351.8,31.8,0.5,,
21:04:00.562,10.8,MANUAL,0,0,0.0,0.0,0.0,4.17,6.89,CENTER_DUAL,358.3,38.3,1.0,,
21:04:01.649,10.4,MANUAL,0,0,0.0,0.0,0.0,4.17,6.89,RIGHT_LANE_ONLY,356.9,36.9,0.5,,
21:04:02.744,9.6,MANUAL,0,0,0.0,0.0,0.0,4.17,6.89,RIGHT_LANE_ONLY,353.4,33.4,0.5,,
21:04:03.760,8.1,MANUAL,0,0,0.0,0.0,0.0,4.17,6.89,RIGHT_LANE_ONLY,342.1,22.1,0.5,,
21:04:04.811,8.9,MANUAL,0,0,0.0,0.0,0.0,4.17,6.89,CENTER_DUAL,336.8,16.8,1.0,,
21:04:05.814,10.5,MANUAL,0,0,0.0,0.0,0.0,4.17,6.89,RIGHT_LANE_ONLY,324.7,4.7,0.5,,
21:04:06.898,10.3,MANUAL,0,0,0.0,0.0,0.0,4.17,6.89,RIGHT_LANE_ONLY,320.1,0.1,0.5,,
21:04:07.982,10.0,MANUAL,0,0,0.0,0.0,0.0,4.17,6.89,RIGHT_LANE_ONLY,313.9,-6.1,0.5,,
21:04:09.041,9.8,MANUAL,0,0,0.0,0.0,0.0,4.17,6.89,RIGHT_LANE_ONLY,312.9,-7.1,0.5,,
21:04:10.047,9.5,MANUAL,0,0,0.0,0.0,0.0,4.17,6.89,RIGHT_LANE_ONLY,312.8,-7.2,0.5,,
21:04:11.071,10.0,MANUAL,0,0,0.0,0.0,0.0,4.17,6.89,RIGHT_LANE_ONLY,315.8,-4.2,0.5,,
21:04:12.088,9.7,MANUAL,0,0,0.0,0.0,0.0,4.17,6.89,RIGHT_LANE_ONLY,314.9,-5.1,0.5,,
21:04:13.133,9.1,MANUAL,0,0,0.0,0.0,0.0,4.17,6.89,RIGHT_LANE_ONLY,311.5,-8.5,0.5,,
21:04:14.169,9.1,MANUAL,0,0,0.0,0.0,0.0,4.17,6.89,RIGHT_LANE_ONLY,310.3,-9.7,0.5,,
21:04:15.224,9.2,MANUAL,0,0,0.0,0.0,0.0,4.17,6.89,RIGHT_LANE_ONLY,310.0,-10.0,0.5,,
21:04:16.271,9.2,MANUAL,0,0,0.0,0.0,0.0,4.17,6.89,RIGHT_LANE_ONLY,317.8,-2.2,0.5,,
21:04:17.290,10.1,MANUAL,0,0,0.0,0.0,0.0,4.17,6.89,RIGHT_LANE_ONLY,320.7,0.7,0.5,,
21:04:18.342,9.2,MANUAL,0,0,0.0,0.0,0.0,4.17,6.89,RIGHT_LANE_ONLY,322.2,2.2,0.5,,
21:04:19.394,9.9,MANUAL,0,0,0.0,0.0,0.0,4.17,6.89,RIGHT_LANE_ONLY,322.6,2.6,0.5,,
21:04:20.451,9.5,MANUAL,0,0,0.0,0.0,0.0,4.17,6.89,RIGHT_LANE_ONLY,323.6,3.6,0.5,,
21:04:21.490,10.1,MANUAL,0,0,0.0,0.0,0.0,4.17,6.89,RIGHT_LANE_ONLY,324.8,4.8,0.5,,
21:04:22.573,9.3,MANUAL,0,0,0.0,0.0,0.0,4.17,6.89,RIGHT_LANE_ONLY,325.9,5.9,0.5,,
21:04:23.651,10.2,MANUAL,0,0,0.0,0.0,0.0,4.17,6.89,RIGHT_LANE_ONLY,329.3,9.3,0.5,,
21:04:24.684,9.6,MANUAL,0,0,0.0,0.0,0.0,4.17,6.89,RIGHT_LANE_ONLY,336.7,16.7,0.5,,
21:04:25.736,9.9,MANUAL,0,0,0.0,0.0,0.0,4.17,6.89,RIGHT_LANE_ONLY,340.3,20.3,0.5,,
21:04:26.783,9.0,MANUAL,0,0,0.0,0.0,0.0,4.17,6.89,RIGHT_LANE_ONLY,346.5,26.5,0.5,,
21:04:27.827,9.9,MANUAL,0,0,0.0,0.0,0.0,4.17,6.89,RIGHT_LANE_ONLY,349.8,29.8,0.5,,
21:04:28.872,10.5,MANUAL,0,0,0.0,0.0,0.0,4.17,6.89,RIGHT_LANE_ONLY,350.8,30.8,0.5,,
21:04:29.961,9.4,MANUAL,0,0,0.0,0.0,0.0,4.17,6.89,RIGHT_LANE_ONLY,346.6,26.6,0.5,,
21:04:31.008,8.7,MANUAL,0,0,0.0,0.0,0.0,4.17,6.89,RIGHT_LANE_ONLY,334.6,14.6,0.5,,
21:04:32.089,9.0,MANUAL,0,0,0.0,0.0,0.0,4.17,6.89,RIGHT_LANE_ONLY,325.3,5.3,0.5,,
21:04:33.181,10.0,MANUAL,0,0,0.0,0.0,0.0,4.17,6.89,RIGHT_LANE_ONLY,372.2,52.2,0.5,,
21:04:34.202,9.5,MANUAL,0,0,0.0,0.0,0.0,4.17,6.89,RIGHT_LANE_ONLY,386.8,66.8,0.5,,
21:04:35.278,10.1,MANUAL,0,0,0.0,0.0,0.0,4.17,6.89,RIGHT_LANE_ONLY,373.7,53.7,0.5,,
21:04:36.289,10.5,MANUAL,0,0,0.0,0.0,0.0,4.17,6.89,RIGHT_LANE_ONLY,382.4,62.4,0.5,,
21:04:37.387,10.0,MANUAL,0,0,0.0,0.0,0.0,4.17,6.89,RIGHT_LANE_ONLY,376.3,56.3,0.5,,
21:04:38.462,9.5,MANUAL,0,0,0.0,0.0,0.0,4.17,6.89,RIGHT_LANE_ONLY,373.2,53.2,0.5,,
21:04:39.557,9.6,MANUAL,0,0,0.0,0.0,0.0,4.17,6.89,RIGHT_LANE_ONLY,369.5,49.5,0.5,,
21:04:40.654,9.7,MANUAL,0,0,0.0,0.0,0.0,4.17,6.89,RIGHT_LANE_ONLY,364.5,44.5,0.5,,
21:04:41.659,9.6,MANUAL,0,0,0.0,0.0,0.0,4.17,6.89,RIGHT_LANE_ONLY,364.2,44.2,0.5,,
21:04:42.751,10.6,MANUAL,0,0,0.0,0.0,0.0,4.17,6.89,RIGHT_LANE_ONLY,370.6,50.6,0.5,,
21:04:43.848,10.3,MANUAL,0,0,0.0,0.0,0.0,4.17,6.89,RIGHT_LANE_ONLY,361.5,41.5,0.5,,
21:04:44.944,10.0,MANUAL,0,0,0.0,0.0,0.0,4.17,6.89,RIGHT_LANE_ONLY,359.5,39.5,0.5,,
21:04:46.024,10.9,MANUAL,0,0,0.0,0.0,0.0,4.17,6.89,RIGHT_LANE_ONLY,357.5,37.5,0.5,,
21:04:47.117,10.0,MANUAL,0,0,0.0,0.0,0.0,4.17,6.89,RIGHT_LANE_ONLY,360.5,40.5,0.5,,
21:04:48.141,10.0,MANUAL,0,0,0.0,0.0,0.0,4.17,6.89,RIGHT_LANE_ONLY,371.8,51.8,0.5,,
21:04:49.162,10.4,MANUAL,0,0,0.0,0.0,0.0,4.17,6.89,RIGHT_LANE_ONLY,377.4,57.4,0.5,,
21:04:50.189,10.4,MANUAL,0,0,0.0,0.0,0.0,4.17,6.89,CENTER_DUAL,380.7,60.7,1.0,,
21:04:51.203,9.5,MANUAL,0,0,0.0,0.0,0.0,4.17,6.89,LEFT_LANE_ONLY,404.5,84.5,0.5,,
21:04:52.210,10.0,MANUAL,0,0,0.0,0.0,0.0,4.17,6.89,LEFT_LANE_ONLY,408.0,88.0,0.5,,
21:04:53.242,9.9,MANUAL,0,0,0.0,0.0,0.0,4.17,6.89,LEFT_LANE_ONLY,409.9,89.9,0.5,,
21:04:54.343,9.6,MANUAL,0,0,0.0,0.0,0.0,4.17,6.89,LEFT_LANE_ONLY,410.5,90.5,0.5,,
21:04:55.366,10.0,MANUAL,0,0,0.0,0.0,0.0,4.17,6.89,LEFT_LANE_ONLY,410.0,90.0,0.5,,
21:04:56.374,9.9,MANUAL,0,0,0.0,0.0,0.0,4.17,6.89,LEFT_LANE_ONLY,408.2,88.2,0.5,,
21:04:57.399,9.9,MANUAL,0,0,0.0,0.0,0.0,4.17,6.89,LEFT_LANE_ONLY,406.5,86.5,0.5,,
21:04:58.471,10.1,MANUAL,0,0,0.0,0.0,0.0,4.17,6.89,LEFT_LANE_ONLY,405.0,85.0,0.5,,
21:04:59.565,9.8,MANUAL,0,0,0.0,0.0,0.0,4.17,6.89,LEFT_LANE_ONLY,403.7,83.7,0.5,,
21:05:00.571,10.1,MANUAL,0,0,0.0,0.0,0.0,4.17,6.89,LEFT_LANE_ONLY,402.5,82.5,0.5,,
21:05:01.576,10.4,MANUAL,0,0,0.0,0.0,0.0,4.17,6.89,LEFT_LANE_ONLY,400.5,80.5,0.5,,
21:05:02.647,9.9,MANUAL,0,0,0.0,0.0,0.0,4.17,6.89,LEFT_LANE_ONLY,395.5,75.5,0.5,,
21:05:03.736,10.6,MANUAL,0,0,0.0,0.0,0.0,4.17,6.89,LEFT_LANE_ONLY,394.6,74.6,0.5,,
21:05:04.742,9.8,MANUAL,0,0,0.0,0.0,0.0,4.17,6.89,LEFT_LANE_ONLY,404.8,84.8,0.5,,
21:05:05.813,10.4,MANUAL,0,0,0.0,0.0,0.0,4.17,6.89,LEFT_LANE_ONLY,414.6,94.6,0.5,,
21:05:06.881,10.4,MANUAL,0,0,0.0,0.0,0.0,4.17,6.89,LEFT_LANE_ONLY,420.6,100.6,0.5,,
21:05:07.954,10.1,MANUAL,0,0,0.0,0.0,0.0,4.17,6.89,LEFT_LANE_ONLY,421.2,101.2,0.5,,
21:05:09.021,10.8,MANUAL,0,0,0.0,0.0,0.0,4.17,6.89,LEFT_LANE_ONLY,422.6,102.6,0.5,,
21:05:10.077,11.7,MANUAL,0,0,0.0,0.0,0.0,4.17,6.89,LEFT_LANE_ONLY,422.2,102.2,0.5,,
21:05:11.121,11.0,MANUAL,0,0,0.0,0.0,0.0,4.17,6.89,LEFT_LANE_ONLY,421.3,101.3,0.5,,
21:05:12.161,12.0,MANUAL,0,0,0.0,0.0,0.0,4.17,6.89,LEFT_LANE_ONLY,420.1,100.1,0.5,,
21:05:13.242,11.6,MANUAL,0,0,0.0,0.0,0.0,4.17,6.89,LEFT_LANE_ONLY,420.0,100.0,0.5,,
21:05:14.288,10.9,MANUAL,0,0,0.0,0.0,0.0,4.17,6.89,LEFT_LANE_ONLY,420.9,100.9,0.5,,
21:05:15.330,11.9,MANUAL,0,0,0.0,0.0,0.0,4.17,6.89,LEFT_LANE_ONLY,418.7,98.7,0.5,,
21:05:16.350,12.1,MANUAL,0,0,0.0,0.0,0.0,4.17,6.89,LEFT_LANE_ONLY,412.0,92.0,0.5,,
21:05:17.375,12.2,MANUAL,0,0,0.0,0.0,0.0,4.17,6.89,LEFT_LANE_ONLY,409.7,89.7,0.5,,
21:05:18.461,10.4,MANUAL,0,0,0.0,0.0,0.0,4.17,6.89,RIGHT_LANE_ONLY,452.1,132.1,0.5,,
21:05:19.539,11.2,MANUAL,0,0,0.0,0.0,0.0,4.17,6.89,CENTER_DUAL,495.5,175.5,1.0,,
21:05:20.612,9.8,MANUAL,0,0,0.0,0.0,0.0,4.17,6.89,CENTER_DUAL,402.3,82.3,1.0,,
21:05:21.677,10.5,MANUAL,0,0,0.0,0.0,0.0,4.17,6.89,CENTER_DUAL,395.2,75.2,1.0,,
21:05:22.784,9.6,MANUAL,0,0,0.0,0.0,0.0,4.17,6.89,LEFT_LANE_ONLY,420.2,100.2,0.5,,
21:05:23.812,9.7,MANUAL,0,0,0.0,0.0,0.0,4.17,6.89,LEFT_LANE_ONLY,416.9,96.9,0.5,,
21:05:24.839,9.8,MANUAL,0,0,0.0,0.0,0.0,4.17,6.89,LEFT_LANE_ONLY,415.7,95.7,0.5,,
21:05:25.853,10.5,MANUAL,0,0,0.0,0.0,0.0,4.17,6.89,LEFT_LANE_ONLY,414.8,94.8,0.5,,
21:05:26.931,11.2,MANUAL,0,0,0.0,0.0,0.0,4.17,6.89,LEFT_LANE_ONLY,415.5,95.5,0.5,,
21:05:27.942,11.3,MANUAL,0,0,0.0,0.0,0.0,4.17,6.89,LEFT_LANE_ONLY,415.9,95.9,0.5,,
21:05:29.008,10.6,MANUAL,0,0,0.0,0.0,0.0,4.17,6.89,LEFT_LANE_ONLY,416.2,96.2,0.5,,
21:05:30.082,10.8,MANUAL,0,0,0.0,0.0,0.0,4.17,6.89,LEFT_LANE_ONLY,416.4,96.4,0.5,,
21:05:31.150,10.4,MANUAL,0,0,0.0,0.0,0.0,4.17,6.89,LEFT_LANE_ONLY,416.5,96.5,0.5,,
21:05:32.228,10.5,MANUAL,0,0,0.0,0.0,0.0,4.17,6.89,LEFT_LANE_ONLY,416.6,96.6,0.5,,
21:05:33.241,11.2,MANUAL,0,0,0.0,0.0,0.0,4.17,6.89,LEFT_LANE_ONLY,416.7,96.7,0.5,,
21:05:34.255,10.8,MANUAL,0,0,0.0,0.0,0.0,4.17,6.89,LEFT_LANE_ONLY,416.8,96.8,0.5,,
21:05:35.322,11.6,MANUAL,0,0,0.0,0.0,0.0,4.17,6.89,LEFT_LANE_ONLY,416.8,96.8,0.5,,
21:05:36.323,10.7,MANUAL,0,0,0.0,0.0,0.0,4.17,6.89,LEFT_LANE_ONLY,416.9,96.9,0.5,,
21:05:37.407,11.7,MANUAL,0,0,0.0,0.0,0.0,4.17,6.89,LEFT_LANE_ONLY,416.9,96.9,0.5,,
21:05:38.486,10.7,MANUAL,0,0,0.0,0.0,0.0,4.17,6.89,LEFT_LANE_ONLY,417.0,97.0,0.5,,
21:05:39.525,11.8,MANUAL,0,0,0.0,0.0,0.0,4.17,6.89,LEFT_LANE_ONLY,417.1,97.1,0.5,,
21:05:40.600,11.4,MANUAL,0,0,0.0,0.0,0.0,4.17,6.89,LEFT_LANE_ONLY,417.2,97.2,0.5,,
21:05:41.671,10.6,MANUAL,0,0,0.0,0.0,0.0,4.17,6.89,LEFT_LANE_ONLY,417.2,97.2,0.5,,
21:05:42.697,10.5,MANUAL,0,0,0.0,0.0,0.0,4.17,6.89,LEFT_LANE_ONLY,417.2,97.2,0.5,,
21:05:43.764,11.4,MANUAL,0,0,0.0,0.0,0.0,4.17,6.89,LEFT_LANE_ONLY,417.2,97.2,0.5,,
21:05:44.846,11.1,MANUAL,0,0,0.0,0.0,0.0,4.17,6.89,LEFT_LANE_ONLY,417.3,97.3,0.5,,
21:05:45.911,11.0,MANUAL,0,0,0.0,0.0,0.0,4.17,6.89,LEFT_LANE_ONLY,417.3,97.3,0.5,,
21:05:46.931,11.3,MANUAL,0,0,0.0,0.0,0.0,4.17,6.89,LEFT_LANE_ONLY,417.3,97.3,0.5,,
21:05:48.019,10.7,MANUAL,0,0,0.0,0.0,0.0,4.17,6.89,LEFT_LANE_ONLY,417.4,97.4,0.5,,
21:05:49.025,11.6,MANUAL,0,0,0.0,0.0,0.0,4.17,6.89,LEFT_LANE_ONLY,417.4,97.4,0.5,,
21:05:50.103,11.3,MANUAL,0,0,0.0,0.0,0.0,4.17,6.89,LEFT_LANE_ONLY,417.5,97.5,0.5,,
21:05:51.113,10.8,MANUAL,0,0,0.0,0.0,0.0,4.17,6.89,LEFT_LANE_ONLY,417.6,97.6,0.5,,
21:05:52.187,11.3,MANUAL,0,0,0.0,0.0,0.0,4.17,6.89,LEFT_LANE_ONLY,419.2,99.2,0.5,,
21:05:53.216,11.4,MANUAL,0,0,0.0,0.0,0.0,4.17,6.89,CENTER_DUAL,500.8,180.8,1.0,,
21:05:54.287,12.6,MANUAL,0,0,0.0,0.0,0.0,4.17,6.89,CENTER_DUAL,268.0,-52.0,1.0,,
21:05:55.288,11.5,MANUAL,0,0,0.0,0.0,0.0,4.17,6.89,RIGHT_LANE_ONLY,268.2,-51.8,0.5,,
21:05:56.338,11.3,MANUAL,0,0,0.0,0.0,0.0,4.17,6.89,CENTER_DUAL,309.8,-10.2,1.0,,
21:05:57.429,11.4,MANUAL,0,0,0.0,0.0,0.0,4.17,6.89,CENTER_DUAL,322.6,2.6,1.0,,
21:05:58.443,11.8,MANUAL,0,0,0.0,0.0,0.0,4.17,6.89,LEFT_LANE_ONLY,342.2,22.2,0.5,,
21:05:59.449,11.6,MANUAL,0,0,0.0,0.0,0.0,4.17,6.89,LEFT_LANE_ONLY,367.8,47.8,0.5,,
21:06:00.453,11.5,MANUAL,0,0,0.0,0.0,0.0,4.17,6.89,LEFT_LANE_ONLY,388.0,68.0,0.5,,
21:06:01.521,12.2,MANUAL,0,0,0.0,0.0,0.0,4.17,6.89,LEFT_LANE_ONLY,390.4,70.4,0.5,,
21:06:02.522,12.5,MANUAL,0,0,0.0,0.0,0.0,4.17,6.89,LEFT_LANE_ONLY,381.4,61.4,0.5,,
21:06:03.524,12.2,MANUAL,0,0,0.0,0.0,0.0,4.17,6.89,LEFT_LANE_ONLY,368.8,48.8,0.5,,
21:06:04.601,11.9,MANUAL,0,0,0.0,0.0,0.0,4.17,6.89,LEFT_LANE_ONLY,377.4,57.4,0.5,,
21:06:05.664,12.0,MANUAL,0,0,0.0,0.0,0.0,4.17,6.89,LEFT_LANE_ONLY,377.8,57.8,0.5,,
21:06:06.744,11.2,MANUAL,0,0,0.0,0.0,0.0,4.17,6.89,LEFT_LANE_ONLY,377.5,57.5,0.5,,
21:06:07.753,10.7,MANUAL,0,0,0.0,0.0,0.0,4.17,6.89,LEFT_LANE_ONLY,369.4,49.4,0.5,,
21:06:08.768,12.2,MANUAL,0,0,0.0,0.0,0.0,4.17,6.89,LEFT_LANE_ONLY,342.2,22.2,0.5,,
21:06:09.831,12.1,MANUAL,0,0,0.0,0.0,0.0,4.17,6.89,LEFT_LANE_ONLY,298.1,-21.9,0.5,,
21:06:10.914,12.2,MANUAL,0,0,0.0,0.0,0.0,4.17,6.89,LEFT_LANE_ONLY,296.2,-23.8,0.5,,
21:06:11.981,12.1,MANUAL,0,0,0.0,0.0,0.0,4.17,6.89,LEFT_LANE_ONLY,295.4,-24.6,0.5,,
21:06:13.066,12.3,MANUAL,0,0,0.0,0.0,0.0,4.17,6.89,LEFT_LANE_ONLY,294.8,-25.2,0.5,,
21:06:14.123,12.3,MANUAL,0,0,0.0,0.0,0.0,4.17,6.89,LEFT_LANE_ONLY,294.5,-25.5,0.5,,
21:06:15.195,12.4,MANUAL,0,0,0.0,0.0,0.0,4.17,6.89,LEFT_LANE_ONLY,294.3,-25.7,0.5,,
21:06:16.263,12.0,MANUAL,0,0,0.0,0.0,0.0,4.17,6.89,LEFT_LANE_ONLY,294.3,-25.7,0.5,,
21:06:17.316,11.7,MANUAL,0,0,0.0,0.0,0.0,4.17,6.89,LEFT_LANE_ONLY,294.2,-25.8,0.5,,
21:06:18.371,12.6,MANUAL,0,0,0.0,0.0,0.0,4.17,6.89,LEFT_LANE_ONLY,294.2,-25.8,0.5,,
21:06:19.376,11.4,MANUAL,0,0,0.0,0.0,0.0,4.17,6.89,LEFT_LANE_ONLY,294.3,-25.7,0.5,,
21:06:20.454,12.6,MANUAL,0,0,0.0,0.0,0.0,4.17,6.89,LEFT_LANE_ONLY,294.4,-25.6,0.5,,
21:06:21.505,11.9,MANUAL,0,0,0.0,0.0,0.0,4.17,6.89,LEFT_LANE_ONLY,294.6,-25.4,0.5,,
21:06:22.586,12.4,MANUAL,0,0,0.0,0.0,0.0,4.17,6.89,LEFT_LANE_ONLY,294.5,-25.5,0.5,,
21:06:23.639,12.5,MANUAL,0,0,0.0,0.0,0.0,4.17,6.89,LEFT_LANE_ONLY,296.9,-23.1,0.5,,
21:06:24.652,11.8,MANUAL,0,0,0.0,0.0,0.0,4.17,6.89,LEFT_LANE_ONLY,300.3,-19.7,0.5,,
21:06:25.705,12.8,MANUAL,0,0,0.0,0.0,0.0,4.17,6.89,CENTER_DUAL,291.7,-28.3,1.0,,
21:06:26.749,12.9,MANUAL,0,0,0.0,0.0,0.0,4.17,6.89,LEFT_LANE_ONLY,295.4,-24.6,0.5,,
21:06:27.762,12.0,MANUAL,0,0,0.0,0.0,0.0,4.17,6.89,LEFT_LANE_ONLY,295.1,-24.9,0.5,,
21:06:28.773,12.1,MANUAL,0,0,0.0,0.0,0.0,4.17,6.89,LEFT_LANE_ONLY,296.2,-23.8,0.5,,
21:06:29.779,11.8,MANUAL,0,0,0.0,0.0,0.0,4.17,6.89,LEFT_LANE_ONLY,296.2,-23.8,0.5,,
21:06:30.784,12.1,MANUAL,0,0,0.0,0.0,0.0,4.17,6.89,LEFT_LANE_ONLY,295.2,-24.8,0.5,,
21:06:31.797,12.0,MANUAL,0,0,0.0,0.0,0.0,4.17,6.89,LEFT_LANE_ONLY,294.7,-25.3,0.5,,
21:06:32.822,12.1,MANUAL,0,0,0.0,0.0,0.0,4.17,6.89,LEFT_LANE_ONLY,294.9,-25.1,0.5,,
21:06:33.898,12.2,MANUAL,0,0,0.0,0.0,0.0,4.17,6.89,LEFT_LANE_ONLY,295.1,-24.9,0.5,,
21:06:34.937,12.2,MANUAL,0,0,0.0,0.0,0.0,4.17,6.89,RIGHT_LANE_ONLY,292.7,-27.3,0.5,,
21:06:35.986,11.8,MANUAL,0,0,0.0,0.0,0.0,4.17,6.89,LEFT_LANE_ONLY,299.1,-20.9,0.5,,
21:06:37.017,12.2,MANUAL,0,0,0.0,0.0,0.0,4.17,6.89,LEFT_LANE_ONLY,300.9,-19.1,0.5,,
21:06:38.055,11.4,MANUAL,0,0,0.0,0.0,0.0,4.17,6.89,LEFT_LANE_ONLY,301.8,-18.2,0.5,,
21:06:39.097,11.0,MANUAL,0,0,0.0,0.0,0.0,4.17,6.89,LEFT_LANE_ONLY,302.2,-17.8,0.5,,
21:06:40.104,12.0,MANUAL,0,0,0.0,0.0,0.0,4.17,6.89,LEFT_LANE_ONLY,302.4,-17.6,0.5,,
21:06:41.142,11.1,MANUAL,0,0,0.0,0.0,0.0,4.17,6.89,LEFT_LANE_ONLY,302.5,-17.5,0.5,,
21:06:42.169,11.9,MANUAL,0,0,0.0,0.0,0.0,4.17,6.89,LEFT_LANE_ONLY,302.6,-17.4,0.5,,
21:06:43.182,11.6,MANUAL,0,0,0.0,0.0,0.0,4.17,6.89,LEFT_LANE_ONLY,303.0,-17.0,0.5,,
21:06:44.204,12.0,MANUAL,0,0,0.0,0.0,0.0,4.17,6.89,LEFT_LANE_ONLY,303.4,-16.6,0.5,,
21:06:45.215,11.5,MANUAL,0,0,0.0,0.0,0.0,4.17,6.89,LEFT_LANE_ONLY,303.3,-16.7,0.5,,
21:06:46.278,11.8,MANUAL,0,0,0.0,0.0,0.0,4.17,6.89,LEFT_LANE_ONLY,302.0,-18.0,0.5,,
21:06:47.364,11.6,MANUAL,0,0,0.0,0.0,0.0,4.17,6.89,LEFT_LANE_ONLY,300.0,-20.0,0.5,,
21:06:48.442,11.8,MANUAL,0,0,0.0,0.0,0.0,4.17,6.89,LEFT_LANE_ONLY,304.0,-16.0,0.5,,
21:06:49.503,12.9,MANUAL,0,0,0.0,0.0,0.0,4.17,6.89,LEFT_LANE_ONLY,304.3,-15.7,0.5,,
21:06:50.560,12.6,MANUAL,0,0,0.0,0.0,0.0,4.17,6.89,LEFT_LANE_ONLY,304.0,-16.0,0.5,,
21:06:51.630,12.0,MANUAL,0,0,0.0,0.0,0.0,4.17,6.89,LEFT_LANE_ONLY,304.3,-15.7,0.5,,
21:06:52.692,12.1,MANUAL,0,0,0.0,0.0,0.0,4.17,6.89,LEFT_LANE_ONLY,304.2,-15.8,0.5,,
21:06:53.772,10.1,MANUAL,0,0,0.0,0.0,0.0,4.17,6.89,LEFT_LANE_ONLY,303.3,-16.7,0.5,,
21:06:54.841,12.0,MANUAL,0,0,0.0,0.0,0.0,4.17,6.89,LEFT_LANE_ONLY,302.1,-17.9,0.5,,
21:06:55.915,12.1,MANUAL,0,0,0.0,0.0,0.0,4.17,6.89,LEFT_LANE_ONLY,302.0,-18.0,0.5,,
21:06:56.986,12.3,MANUAL,0,0,0.0,0.0,0.0,4.17,6.89,LEFT_LANE_ONLY,301.9,-18.1,0.5,,
21:06:58.007,11.5,MANUAL,0,0,0.0,0.0,0.0,4.17,6.89,LEFT_LANE_ONLY,302.6,-17.4,0.5,,
21:06:59.030,12.4,MANUAL,0,0,0.0,0.0,0.0,4.17,6.89,LEFT_LANE_ONLY,303.3,-16.7,0.5,,
21:07:00.094,11.8,MANUAL,0,0,0.0,0.0,0.0,4.17,6.89,LEFT_LANE_ONLY,303.9,-16.1,0.5,,
21:07:01.185,11.2,MANUAL,0,0,0.0,0.0,0.0,4.17,6.89,LEFT_LANE_ONLY,303.6,-16.4,0.5,,
21:07:02.186,12.7,MANUAL,0,0,0.0,0.0,0.0,4.17,6.89,LEFT_LANE_ONLY,302.6,-17.4,0.5,,
21:07:03.217,11.5,MANUAL,0,0,0.0,0.0,0.0,4.17,6.89,LEFT_LANE_ONLY,302.9,-17.1,0.5,,
21:07:04.219,11.9,MANUAL,0,0,0.0,0.0,0.0,4.17,6.89,RIGHT_LANE_ONLY,295.2,-24.8,0.5,,
21:07:05.232,11.0,MANUAL,0,0,0.0,0.0,0.0,4.17,6.89,LEFT_LANE_ONLY,295.6,-24.4,0.5,,
21:07:06.311,12.7,MANUAL,0,0,0.0,0.0,0.0,4.17,6.89,LEFT_LANE_ONLY,295.2,-24.8,0.5,,
21:07:07.391,11.7,MANUAL,0,0,0.0,0.0,0.0,4.17,6.89,LEFT_LANE_ONLY,294.3,-25.7,0.5,,
21:07:08.400,12.5,MANUAL,0,0,0.0,0.0,0.0,4.17,6.89,LEFT_LANE_ONLY,293.4,-26.6,0.5,,
21:07:09.405,12.5,MANUAL,0,0,0.0,0.0,0.0,4.17,6.89,LEFT_LANE_ONLY,293.3,-26.7,0.5,,
21:07:10.417,12.1,MANUAL,0,0,0.0,0.0,0.0,4.17,6.89,LEFT_LANE_ONLY,293.7,-26.3,0.5,,
21:07:11.432,12.0,MANUAL,0,0,0.0,0.0,0.0,4.17,6.89,LEFT_LANE_ONLY,294.6,-25.4,0.5,,
21:07:12.433,11.3,MANUAL,0,0,0.0,0.0,0.0,4.17,6.89,LEFT_LANE_ONLY,296.1,-23.9,0.5,,
21:07:13.445,12.1,MANUAL,0,0,0.0,0.0,0.0,4.17,6.89,LEFT_LANE_ONLY,298.2,-21.8,0.5,,
21:07:14.534,11.5,MANUAL,0,0,0.0,0.0,0.0,4.17,6.89,LEFT_LANE_ONLY,300.4,-19.6,0.5,,
21:07:15.589,11.3,MANUAL,0,0,0.0,0.0,0.0,4.17,6.89,LEFT_LANE_ONLY,301.3,-18.7,0.5,,
21:07:16.621,11.8,MANUAL,0,0,0.0,0.0,0.0,4.17,6.89,CENTER_DUAL,307.3,-12.7,1.0,,
21:07:17.679,11.8,MANUAL,0,0,0.0,0.0,0.0,4.17,6.89,CENTER_DUAL,334.2,14.2,1.0,,
21:07:18.680,12.0,MANUAL,0,0,0.0,0.0,0.0,4.17,6.89,CENTER_DUAL,390.1,70.1,1.0,,
21:07:19.723,11.9,MANUAL,0,0,0.0,0.0,0.0,4.17,6.89,CENTER_DUAL,422.8,102.8,1.0,,
21:07:20.771,11.6,MANUAL,0,0,0.0,0.0,0.0,4.17,6.89,CENTER_DUAL,334.3,14.3,1.0,,
21:07:21.804,11.8,MANUAL,0,0,0.0,0.0,0.0,4.17,6.89,CENTER_DUAL,360.2,40.2,1.0,,
21:07:22.862,11.9,MANUAL,0,0,0.0,0.0,0.0,4.17,6.89,CENTER_DUAL,350.1,30.1,1.0,,
21:07:23.946,11.3,MANUAL,0,0,0.0,0.0,0.0,4.17,6.89,CENTER_DUAL,344.8,24.8,1.0,,
21:07:25.014,10.6,MANUAL,0,0,0.0,0.0,0.0,4.17,6.89,LEFT_LANE_ONLY,389.4,69.4,0.5,,
21:07:26.065,11.4,MANUAL,0,0,0.0,0.0,0.0,4.17,6.89,LEFT_LANE_ONLY,401.8,81.8,0.5,,
21:07:27.132,11.9,MANUAL,0,0,0.0,0.0,0.0,4.17,6.89,CENTER_DUAL,366.0,46.0,1.0,,
21:07:28.185,11.7,MANUAL,0,0,0.0,0.0,0.0,4.17,6.89,CENTER_DUAL,360.9,40.9,1.0,,
21:07:29.272,11.3,MANUAL,0,0,0.0,0.0,0.0,4.17,6.89,CENTER_DUAL,353.3,33.3,1.0,,
21:07:30.335,11.4,MANUAL,0,0,0.0,0.0,0.0,4.17,6.89,CENTER_DUAL,264.6,-55.4,1.0,,
21:07:31.393,11.6,MANUAL,0,0,0.0,0.0,0.0,4.17,6.89,CENTER_DUAL,270.8,-49.2,1.0,,
21:07:32.461,11.2,MANUAL,0,0,0.0,0.0,0.0,4.17,6.89,CENTER_DUAL,294.9,-25.1,1.0,,
21:07:33.469,12.0,MANUAL,0,0,0.0,0.0,0.0,4.17,6.89,CENTER_DUAL,294.0,-26.0,1.0,,
21:07:34.482,12.1,MANUAL,0,0,0.0,0.0,0.0,4.17,6.89,LEFT_LANE_ONLY,269.2,-50.8,0.5,,
21:07:35.521,12.1,MANUAL,0,0,0.0,0.0,0.0,4.17,6.89,CENTER_DUAL,258.0,-62.0,1.0,,
21:07:36.537,11.9,MANUAL,0,0,0.0,0.0,0.0,4.17,6.89,CENTER_DUAL,313.3,-6.7,1.0,,
21:07:37.551,12.3,MANUAL,0,0,0.0,0.0,0.0,4.17,6.89,CENTER_DUAL,388.8,68.8,1.0,,
21:07:38.581,11.4,MANUAL,0,0,0.0,0.0,0.0,4.17,6.89,CENTER_DUAL,392.7,72.7,1.0,,
21:07:39.632,10.9,MANUAL,0,0,0.0,0.0,0.0,4.17,6.89,CENTER_DUAL,415.5,95.5,1.0,,
21:07:40.667,7.1,MANUAL,0,0,0.0,0.0,0.0,4.17,6.89,CENTER_DUAL,446.5,126.5,1.0,,
21:07:41.708,6.6,MANUAL,0,0,0.0,0.0,0.0,4.17,6.89,CENTER_DUAL,451.1,131.1,1.0,,
21:07:42.780,6.7,MANUAL,0,0,0.0,0.0,0.0,4.17,6.89,CENTER_DUAL,444.0,124.0,1.0,,
21:07:43.815,6.9,MANUAL,0,0,0.0,0.0,0.0,4.17,6.89,CENTER_DUAL,434.9,114.9,1.0,,
21:07:44.970,5.5,MANUAL,0,0,0.0,0.0,0.0,4.17,6.89,CENTER_DUAL,444.7,124.7,1.0,,
21:07:45.986,6.2,MANUAL,0,0,0.0,0.0,0.0,4.17,6.89,CENTER_DUAL,445.5,125.5,1.0,,
21:07:47.131,6.5,MANUAL,0,0,0.0,0.0,0.0,4.17,6.89,LEFT_LANE_ONLY,445.4,125.4,0.5,,
21:07:48.271,5.7,MANUAL,0,0,0.0,0.0,0.0,4.17,6.89,CENTER_DUAL,445.1,125.1,1.0,,
21:07:49.293,6.3,MANUAL,0,0,0.0,0.0,0.0,4.17,6.89,LEFT_LANE_ONLY,439.0,119.0,0.5,,
21:07:50.327,5.5,MANUAL,0,0,0.0,0.0,0.0,4.17,6.89,LEFT_LANE_ONLY,436.0,116.0,0.5,,
21:07:51.389,5.1,MANUAL,0,0,0.0,0.0,0.0,4.17,6.89,LEFT_LANE_ONLY,435.7,115.7,0.5,,
21:07:52.481,6.0,MANUAL,0,0,0.0,0.0,0.0,4.17,6.89,CENTER_DUAL,433.4,113.4,1.0,,
21:07:53.603,5.5,MANUAL,0,0,0.0,0.0,0.0,4.17,6.89,CENTER_DUAL,429.8,109.8,1.0,,
21:07:54.605,5.6,MANUAL,0,0,0.0,0.0,0.0,4.17,6.89,CENTER_DUAL,427.1,107.1,1.0,,
21:07:55.704,5.9,MANUAL,0,0,0.0,0.0,0.0,4.17,6.89,CENTER_DUAL,432.9,112.9,1.0,,
21:07:56.865,5.5,MANUAL,0,0,0.0,0.0,0.0,4.17,6.89,CENTER_DUAL,435.8,115.8,1.0,,
21:07:57.920,4.8,MANUAL,0,0,0.0,0.0,0.0,4.17,6.89,CENTER_DUAL,436.4,116.4,1.0,,
21:07:58.981,5.5,MANUAL,0,0,0.0,0.0,0.0,4.17,6.89,CENTER_DUAL,440.9,120.9,1.0,,
21:08:00.078,5.3,MANUAL,0,0,0.0,0.0,0.0,4.17,6.89,CENTER_DUAL,454.2,134.2,1.0,,
21:08:01.100,6.0,MANUAL,0,0,0.0,0.0,0.0,4.17,6.89,CENTER_DUAL,460.1,140.1,1.0,,
21:08:02.193,5.4,MANUAL,0,0,0.0,0.0,0.0,4.17,6.89,LEFT_LANE_ONLY,467.4,147.4,0.5,,
21:08:03.322,5.3,MANUAL,0,0,0.0,0.0,0.0,4.17,6.89,CENTER_DUAL,436.9,116.9,1.0,,
21:08:04.390,5.6,MANUAL,0,0,0.0,0.0,0.0,4.17,6.89,CENTER_DUAL,424.3,104.3,1.0,,
21:08:05.436,5.6,MANUAL,0,0,0.0,0.0,0.0,4.17,6.89,CENTER_DUAL,428.8,108.8,1.0,,
21:08:06.466,6.1,MANUAL,0,0,0.0,0.0,0.0,4.17,6.89,CENTER_DUAL,437.4,117.4,1.0,,
21:08:07.467,6.2,MANUAL,0,0,0.0,0.0,0.0,4.17,6.89,LEFT_LANE_ONLY,440.9,120.9,0.5,,
21:08:08.608,6.5,MANUAL,0,0,0.0,0.0,0.0,4.17,6.89,CENTER_DUAL,442.4,122.4,1.0,,
21:08:09.672,5.2,MANUAL,0,0,0.0,0.0,0.0,4.17,6.89,CENTER_DUAL,444.5,124.5,1.0,,
21:08:10.800,6.0,MANUAL,0,0,0.0,0.0,0.0,4.17,6.89,CENTER_DUAL,444.2,124.2,1.0,,
21:08:11.974,6.5,MANUAL,0,0,0.0,0.0,0.0,4.17,6.89,CENTER_DUAL,444.2,124.2,1.0,,
21:08:13.120,6.0,MANUAL,0,0,0.0,0.0,0.0,4.17,6.89,CENTER_DUAL,444.0,124.0,1.0,,
21:08:14.134,5.6,MANUAL,0,0,0.0,0.0,0.0,4.17,6.89,CENTER_DUAL,443.7,123.7,1.0,,
21:08:15.234,4.6,MANUAL,0,0,0.0,0.0,0.0,4.17,6.89,CENTER_DUAL,439.1,119.1,1.0,,
21:08:16.273,5.9,MANUAL,0,0,0.0,0.0,0.0,4.17,6.89,LEFT_LANE_ONLY,437.5,117.5,0.5,,
21:08:17.280,5.9,MANUAL,0,0,0.0,0.0,0.0,4.17,6.89,CENTER_DUAL,437.4,117.4,1.0,,
21:08:18.318,6.1,MANUAL,0,0,0.0,0.0,0.0,4.17,6.89,CENTER_DUAL,437.1,117.1,1.0,,
21:08:19.361,5.5,MANUAL,0,0,0.0,0.0,0.0,4.17,6.89,CENTER_DUAL,437.2,117.2,1.0,,
21:08:20.456,5.7,MANUAL,0,0,0.0,0.0,0.0,4.17,6.89,CENTER_DUAL,437.1,117.1,1.0,,
21:08:21.623,5.7,MANUAL,0,0,0.0,0.0,0.0,4.17,6.89,CENTER_DUAL,437.6,117.6,1.0,,
21:08:22.655,5.5,MANUAL,0,0,0.0,0.0,0.0,4.17,6.89,CENTER_DUAL,439.6,119.6,1.0,,
21:08:23.676,6.0,MANUAL,0,0,0.0,0.0,0.0,4.17,6.89,CENTER_DUAL,444.1,124.1,1.0,,
21:08:24.855,5.5,MANUAL,0,0,0.0,0.0,0.0,4.17,6.89,CENTER_DUAL,444.9,124.9,1.0,,
21:08:25.895,5.8,MANUAL,0,0,0.0,0.0,0.0,4.17,6.89,CENTER_DUAL,444.3,124.3,1.0,,
21:08:26.995,6.2,MANUAL,0,0,0.0,0.0,0.0,4.17,6.89,CENTER_DUAL,446.4,126.4,1.0,,
21:08:28.058,7.0,MANUAL,0,0,0.0,0.0,0.0,4.17,6.89,CENTER_DUAL,453.3,133.3,1.0,,
21:08:29.120,6.8,MANUAL,0,0,0.0,0.0,0.0,4.17,6.89,CENTER_DUAL,454.0,134.0,1.0,,
21:08:30.249,5.7,MANUAL,0,0,0.0,0.0,0.0,4.17,6.89,LEFT_LANE_ONLY,454.4,134.4,0.5,,
21:08:31.307,7.2,MANUAL,0,0,0.0,0.0,0.0,4.17,6.89,LEFT_LANE_ONLY,456.6,136.6,0.5,,
21:08:32.366,7.1,MANUAL,0,0,0.0,0.0,0.0,4.17,6.89,LEFT_LANE_ONLY,465.7,145.7,0.5,,
21:08:33.481,6.7,MANUAL,0,0,0.0,0.0,0.0,4.17,6.89,CENTER_DUAL,457.4,137.4,1.0,,
21:08:34.543,6.2,MANUAL,0,0,0.0,0.0,0.0,4.17,6.89,CENTER_DUAL,454.9,134.9,1.0,,
21:08:35.676,6.1,MANUAL,0,0,0.0,0.0,0.0,4.17,6.89,CENTER_DUAL,450.5,130.5,1.0,,
21:08:36.735,6.8,MANUAL,0,0,0.0,0.0,0.0,4.17,6.89,CENTER_DUAL,450.3,130.3,1.0,,
21:08:37.837,5.9,MANUAL,0,0,0.0,0.0,0.0,4.17,6.89,CENTER_DUAL,444.3,124.3,1.0,,
21:08:38.925,6.3,MANUAL,0,0,0.0,0.0,0.0,4.17,6.89,CENTER_DUAL,444.8,124.8,1.0,,
21:08:39.926,5.6,MANUAL,0,0,0.0,0.0,0.0,4.17,6.89,CENTER_DUAL,444.2,124.2,1.0,,
21:08:41.046,6.7,MANUAL,0,0,0.0,0.0,0.0,4.17,6.89,CENTER_DUAL,444.0,124.0,1.0,,
21:08:42.161,5.7,MANUAL,0,0,0.0,0.0,0.0,4.17,6.89,CENTER_DUAL,444.7,124.7,1.0,,
21:08:43.268,6.3,MANUAL,0,0,0.0,0.0,0.0,4.17,6.89,CENTER_DUAL,445.2,125.2,1.0,,
21:08:44.300,7.0,MANUAL,0,0,0.0,0.0,0.0,4.17,6.89,CENTER_DUAL,444.8,124.8,1.0,,
21:08:45.361,7.0,MANUAL,0,0,0.0,0.0,0.0,4.17,6.89,CENTER_DUAL,458.6,138.6,1.0,,
21:08:46.407,6.7,MANUAL,0,0,0.0,0.0,0.0,4.17,6.89,CENTER_DUAL,464.3,144.3,1.0,,
21:08:47.451,7.0,MANUAL,0,0,0.0,0.0,0.0,4.17,6.89,CENTER_DUAL,464.6,144.6,1.0,,
21:08:48.491,7.0,MANUAL,0,0,0.0,0.0,0.0,4.17,6.89,CENTER_DUAL,465.6,145.6,1.0,,
21:08:49.598,6.1,MANUAL,0,0,0.0,0.0,0.0,4.17,6.89,CENTER_DUAL,463.3,143.3,1.0,,
21:08:50.730,6.5,MANUAL,0,0,0.0,0.0,0.0,4.17,6.89,CENTER_DUAL,468.8,148.8,1.0,,
21:08:51.865,7.0,MANUAL,0,0,0.0,0.0,0.0,4.17,6.89,CENTER_DUAL,470.1,150.1,1.0,,
21:08:52.929,5.9,MANUAL,0,0,0.0,0.0,0.0,4.17,6.89,CENTER_DUAL,470.8,150.8,1.0,,
21:08:53.983,6.8,MANUAL,0,0,0.0,0.0,0.0,4.17,6.89,CENTER_DUAL,468.7,148.7,1.0,,
21:08:55.029,6.4,MANUAL,0,0,0.0,0.0,0.0,4.17,6.89,CENTER_DUAL,482.2,162.2,1.0,,
21:08:56.041,6.8,MANUAL,0,0,0.0,0.0,0.0,4.17,6.89,CENTER_DUAL,492.7,172.7,1.0,,
21:08:57.076,7.4,MANUAL,0,0,0.0,0.0,0.0,4.17,6.89,CENTER_DUAL,489.3,169.3,1.0,,
21:08:58.135,6.3,MANUAL,0,0,0.0,0.0,0.0,4.17,6.89,CENTER_DUAL,484.9,164.9,1.0,,
21:08:59.206,6.3,MANUAL,0,0,0.0,0.0,0.0,4.17,6.89,CENTER_DUAL,488.8,168.8,1.0,,
21:09:00.300,5.9,MANUAL,0,0,0.0,0.0,0.0,4.17,6.89,CENTER_DUAL,489.0,169.0,1.0,,
21:09:01.439,7.6,MANUAL,0,0,0.0,0.0,0.0,4.17,6.89,CENTER_DUAL,504.1,184.1,1.0,,
21:09:02.584,6.9,MANUAL,0,0,0.0,0.0,0.0,4.17,6.89,CENTER_DUAL,493.6,173.6,1.0,,
21:09:03.619,6.8,MANUAL,0,0,0.0,0.0,0.0,4.17,6.89,CENTER_DUAL,487.6,167.6,1.0,,
21:09:04.728,6.7,MANUAL,0,0,0.0,0.0,0.0,4.17,6.89,CENTER_DUAL,478.6,158.6,1.0,,
21:09:05.771,7.1,MANUAL,0,0,0.0,0.0,0.0,4.17,6.89,CENTER_DUAL,534.8,214.8,1.0,,
21:09:06.812,7.6,MANUAL,0,0,0.0,0.0,0.0,4.17,6.89,CENTER_DUAL,559.9,239.9,1.0,,
21:09:07.833,6.1,MANUAL,0,0,0.0,0.0,0.0,4.17,6.89,LEFT_LANE_ONLY,586.2,266.2,0.5,,
21:09:08.955,7.6,MANUAL,0,0,0.0,0.0,0.0,4.17,6.89,LEFT_LANE_ONLY,601.9,281.9,0.5,,
21:09:10.071,6.8,MANUAL,0,0,0.0,0.0,0.0,4.17,6.89,LEFT_LANE_ONLY,602.7,282.7,0.5,,
21:09:11.158,8.1,MANUAL,0,0,0.0,0.0,0.0,4.17,6.89,LEFT_LANE_ONLY,554.1,234.1,0.5,,
21:09:12.199,7.6,MANUAL,0,0,0.0,0.0,0.0,4.17,6.89,LEFT_LANE_ONLY,563.2,243.2,0.5,,
21:09:13.236,6.7,MANUAL,0,0,0.0,0.0,0.0,4.17,6.89,LEFT_LANE_ONLY,594.3,274.3,0.5,,
21:09:14.326,7.5,MANUAL,0,0,0.0,0.0,0.0,4.17,6.89,LEFT_LANE_ONLY,579.5,259.5,0.5,,
21:09:15.415,6.1,MANUAL,0,0,0.0,0.0,0.0,4.17,6.89,LEFT_LANE_ONLY,591.7,271.7,0.5,,
21:09:16.545,7.5,MANUAL,0,0,0.0,0.0,0.0,4.17,6.89,LEFT_LANE_ONLY,623.1,303.1,0.5,,
21:09:17.689,7.6,MANUAL,0,0,0.0,0.0,0.0,4.17,6.89,LEFT_LANE_ONLY,606.4,286.4,0.5,,
21:09:18.721,6.5,MANUAL,0,0,0.0,0.0,0.0,4.17,6.89,LEFT_LANE_ONLY,587.7,267.7,0.5,,
21:09:19.820,6.5,MANUAL,0,0,0.0,0.0,0.0,4.17,6.89,LEFT_LANE_ONLY,601.3,281.3,0.5,,
21:09:20.917,6.3,MANUAL,0,0,0.0,0.0,0.0,4.17,6.89,LEFT_LANE_ONLY,612.2,292.2,0.5,,
21:09:21.919,7.0,MANUAL,0,0,0.0,0.0,0.0,4.17,6.89,LEFT_LANE_ONLY,606.8,286.8,0.5,,
21:09:22.926,6.9,MANUAL,0,0,0.0,0.0,0.0,4.17,6.89,LEFT_LANE_ONLY,621.1,301.1,0.5,,
21:09:24.007,6.7,MANUAL,0,0,0.0,0.0,0.0,4.17,6.89,LEFT_LANE_ONLY,616.9,296.9,0.5,,
21:09:25.100,5.6,MANUAL,0,0,0.0,0.0,0.0,4.17,6.89,LEFT_LANE_ONLY,614.7,294.7,0.5,,
21:09:26.163,6.3,MANUAL,0,0,0.0,0.0,0.0,4.17,6.89,LEFT_LANE_ONLY,578.8,258.8,0.5,,
21:09:27.297,7.5,MANUAL,0,0,0.0,0.0,0.0,4.17,6.89,LEFT_LANE_ONLY,614.6,294.6,0.5,,
21:09:28.366,7.5,MANUAL,0,0,0.0,0.0,0.0,4.17,6.89,LEFT_LANE_ONLY,604.5,284.5,0.5,,
21:09:29.486,7.0,MANUAL,0,0,0.0,0.0,0.0,4.17,6.89,LEFT_LANE_ONLY,586.3,266.3,0.5,,
21:09:30.508,6.6,MANUAL,0,0,0.0,0.0,0.0,4.17,6.89,LEFT_LANE_ONLY,594.9,274.9,0.5,,
21:09:31.606,7.2,MANUAL,0,0,0.0,0.0,0.0,4.17,6.89,CENTER_DUAL,510.5,190.5,1.0,,
21:09:32.614,7.5,MANUAL,0,0,0.0,0.0,0.0,4.17,6.89,CENTER_DUAL,503.0,183.0,1.0,,
21:09:33.730,7.1,MANUAL,0,0,0.0,0.0,0.0,4.17,6.89,LEFT_LANE_ONLY,533.9,213.9,0.5,,
21:09:34.792,7.8,MANUAL,0,0,0.0,0.0,0.0,4.17,6.89,LEFT_LANE_ONLY,560.3,240.3,0.5,,
21:09:35.850,6.3,MANUAL,0,0,0.0,0.0,0.0,4.17,6.89,LEFT_LANE_ONLY,635.9,315.9,0.5,,
21:09:36.933,6.5,MANUAL,0,0,0.0,0.0,0.0,4.17,6.89,LEFT_LANE_ONLY,609.2,289.2,0.5,,
21:09:38.044,7.2,MANUAL,0,0,0.0,0.0,0.0,4.17,6.89,LEFT_LANE_ONLY,623.9,303.9,0.5,,
21:09:39.045,7.1,MANUAL,0,0,0.0,0.0,0.0,4.17,6.89,LEFT_LANE_ONLY,590.6,270.6,0.5,,
21:09:40.161,7.3,MANUAL,0,0,0.0,0.0,0.0,4.17,6.89,LEFT_LANE_ONLY,598.0,278.0,0.5,,
21:09:41.288,7.1,MANUAL,0,0,0.0,0.0,0.0,4.17,6.89,LEFT_LANE_ONLY,614.1,294.1,0.5,,
21:09:42.303,7.4,MANUAL,0,0,0.0,0.0,0.0,4.17,6.89,LEFT_LANE_ONLY,606.3,286.3,0.5,,
21:09:43.303,6.1,MANUAL,0,0,0.0,0.0,0.0,4.17,6.89,LEFT_LANE_ONLY,582.8,262.8,0.5,,
21:09:44.403,7.7,MANUAL,0,0,0.0,0.0,0.0,4.17,6.89,LEFT_LANE_ONLY,563.6,243.6,0.5,,
21:09:45.409,6.6,MANUAL,0,0,0.0,0.0,0.0,4.17,6.89,LEFT_LANE_ONLY,562.4,242.4,0.5,,
21:09:46.520,8.0,MANUAL,0,0,0.0,0.0,0.0,4.17,6.89,LEFT_LANE_ONLY,578.6,258.6,0.5,,
21:09:47.579,7.3,MANUAL,0,0,0.0,0.0,0.0,4.17,6.89,LEFT_LANE_ONLY,583.8,263.8,0.5,,
21:09:48.642,7.5,MANUAL,0,0,0.0,0.0,0.0,4.17,6.89,LEFT_LANE_ONLY,563.1,243.1,0.5,,
21:09:49.765,7.8,MANUAL,0,0,0.0,0.0,0.0,4.17,6.89,LEFT_LANE_ONLY,627.1,307.1,0.5,,
21:09:50.879,7.6,MANUAL,0,0,0.0,0.0,0.0,4.17,6.89,LEFT_LANE_ONLY,634.4,314.4,0.5,,
21:09:51.973,7.5,MANUAL,0,0,0.0,0.0,0.0,4.17,6.89,LEFT_LANE_ONLY,615.1,295.1,0.5,,
21:09:53.062,6.9,MANUAL,0,0,0.0,0.0,0.0,4.17,6.89,LEFT_LANE_ONLY,585.1,265.1,0.5,,
21:09:54.074,7.3,MANUAL,0,0,0.0,0.0,0.0,4.17,6.89,LEFT_LANE_ONLY,572.6,252.6,0.5,,
21:09:55.133,7.8,MANUAL,0,0,0.0,0.0,0.0,4.17,6.89,LEFT_LANE_ONLY,563.7,243.7,0.5,,
21:09:56.171,7.6,MANUAL,0,0,0.0,0.0,0.0,4.17,6.89,LEFT_LANE_ONLY,542.1,222.1,0.5,,
21:09:57.220,7.5,MANUAL,0,0,0.0,0.0,0.0,4.17,6.89,LEFT_LANE_ONLY,539.6,219.6,0.5,,
21:09:58.342,6.9,MANUAL,0,0,0.0,0.0,0.0,4.17,6.89,LEFT_LANE_ONLY,523.6,203.6,0.5,,
21:09:59.462,7.2,MANUAL,0,0,0.0,0.0,0.0,4.17,6.89,LEFT_LANE_ONLY,511.3,191.3,0.5,,
21:10:00.567,6.9,MANUAL,0,0,0.0,0.0,0.0,4.17,6.89,LEFT_LANE_ONLY,501.1,181.1,0.5,,
21:10:01.679,7.6,MANUAL,0,0,0.0,0.0,0.0,4.17,6.89,LEFT_LANE_ONLY,536.4,216.4,0.5,,
21:10:02.700,6.9,MANUAL,0,0,0.0,0.0,0.0,4.17,6.89,LEFT_LANE_ONLY,557.9,237.9,0.5,,
21:10:03.789,6.3,MANUAL,0,0,0.0,0.0,0.0,4.17,6.89,CENTER_DUAL,471.5,151.5,1.0,,
21:10:04.814,7.0,MANUAL,0,0,0.0,0.0,0.0,4.17,6.89,LEFT_LANE_ONLY,436.1,116.1,0.5,,
21:10:05.898,7.6,MANUAL,0,0,0.0,0.0,0.0,4.17,6.89,LEFT_LANE_ONLY,485.9,165.9,0.5,,
21:10:07.023,7.7,MANUAL,0,0,0.0,0.0,0.0,4.17,6.89,LEFT_LANE_ONLY,480.6,160.6,0.5,,
21:10:08.119,7.6,MANUAL,0,0,0.0,0.0,0.0,4.17,6.89,LEFT_LANE_ONLY,465.3,145.3,0.5,,
21:10:09.211,7.1,MANUAL,0,0,0.0,0.0,0.0,4.17,6.89,LEFT_LANE_ONLY,462.5,142.5,0.5,,
21:10:10.237,6.9,MANUAL,0,0,0.0,0.0,0.0,4.17,6.89,LEFT_LANE_ONLY,456.6,136.6,0.5,,
21:10:11.368,6.1,MANUAL,0,0,0.0,0.0,0.0,4.17,6.89,LEFT_LANE_ONLY,462.1,142.1,0.5,,
21:10:12.460,7.2,MANUAL,0,0,0.0,0.0,0.0,4.17,6.89,LEFT_LANE_ONLY,484.3,164.3,0.5,,
21:10:13.511,5.8,MANUAL,0,0,0.0,0.0,0.0,4.17,6.89,LEFT_LANE_ONLY,524.9,204.9,0.5,,
21:10:14.536,6.8,MANUAL,0,0,0.0,0.0,0.0,4.17,6.89,LEFT_LANE_ONLY,541.8,221.8,0.5,,
21:10:15.642,6.6,MANUAL,0,0,0.0,0.0,0.0,4.17,6.89,CENTER_DUAL,519.0,199.0,1.0,,
21:10:16.798,6.6,MANUAL,0,0,0.0,0.0,0.0,4.17,6.89,CENTER_DUAL,499.2,179.2,1.0,,
21:10:17.957,5.9,MANUAL,0,0,0.0,0.0,0.0,4.17,6.89,CENTER_DUAL,474.3,154.3,1.0,,
21:10:19.076,6.6,MANUAL,0,0,0.0,0.0,0.0,4.17,6.89,CENTER_DUAL,466.6,146.6,1.0,,
21:10:20.077,6.5,MANUAL,0,0,0.0,0.0,0.0,4.17,6.89,CENTER_DUAL,459.6,139.6,1.0,,
21:10:21.141,6.8,MANUAL,0,0,0.0,0.0,0.0,4.17,6.89,CENTER_DUAL,324.8,4.8,1.0,,
21:10:22.282,6.9,MANUAL,0,0,0.0,0.0,0.0,4.17,6.89,CENTER_DUAL,348.9,28.9,1.0,,
21:10:23.305,7.1,MANUAL,0,0,0.0,0.0,0.0,4.17,6.89,CENTER_DUAL,358.8,38.8,1.0,,
21:10:24.363,6.2,MANUAL,0,0,0.0,0.0,0.0,4.17,6.89,CENTER_DUAL,364.3,44.3,1.0,,
21:10:25.450,7.1,MANUAL,0,0,0.0,0.0,0.0,4.17,6.89,CENTER_DUAL,366.8,46.8,1.0,,
21:10:26.467,6.7,MANUAL,0,0,0.0,0.0,0.0,4.17,6.89,CENTER_DUAL,366.9,46.9,1.0,,
21:10:27.609,6.7,MANUAL,0,0,0.0,0.0,0.0,4.17,6.89,CENTER_DUAL,366.7,46.7,1.0,,
21:10:28.688,7.0,MANUAL,0,0,0.0,0.0,0.0,4.17,6.89,CENTER_DUAL,366.7,46.7,1.0,,
21:10:29.691,7.1,MANUAL,0,0,0.0,0.0,0.0,4.17,6.89,CENTER_DUAL,367.3,47.3,1.0,,
21:10:30.762,6.2,MANUAL,0,0,0.0,0.0,0.0,4.17,6.89,CENTER_DUAL,367.9,47.9,1.0,,
21:10:31.824,7.4,MANUAL,0,0,0.0,0.0,0.0,4.17,6.89,CENTER_DUAL,368.2,48.2,1.0,,
21:10:32.827,7.2,MANUAL,0,0,0.0,0.0,0.0,4.17,6.89,CENTER_DUAL,367.4,47.4,1.0,,
21:10:33.963,7.1,MANUAL,0,0,0.0,0.0,0.0,4.17,6.89,CENTER_DUAL,366.7,46.7,1.0,,
21:10:35.096,7.4,MANUAL,0,0,0.0,0.0,0.0,4.17,6.89,CENTER_DUAL,366.4,46.4,1.0,,
21:10:36.239,7.3,MANUAL,0,0,0.0,0.0,0.0,4.17,6.89,CENTER_DUAL,366.7,46.7,1.0,,
21:10:37.240,7.2,MANUAL,0,0,0.0,0.0,0.0,4.17,6.89,CENTER_DUAL,367.2,47.2,1.0,,
21:10:38.256,6.9,MANUAL,0,0,0.0,0.0,0.0,4.17,6.89,CENTER_DUAL,367.7,47.7,1.0,,
21:10:39.421,5.7,MANUAL,0,0,0.0,0.0,0.0,4.17,6.89,CENTER_DUAL,343.1,23.1,1.0,,
21:10:40.543,6.4,MANUAL,0,0,0.0,0.0,0.0,4.17,6.89,CENTER_DUAL,321.3,1.3,1.0,,
21:10:41.679,6.5,MANUAL,0,0,0.0,0.0,0.0,4.17,6.89,CENTER_DUAL,276.7,-43.3,1.0,,
21:10:42.704,6.8,MANUAL,0,0,0.0,0.0,0.0,4.17,6.89,CENTER_DUAL,295.9,-24.1,1.0,,
21:10:43.730,7.1,MANUAL,0,0,0.0,0.0,0.0,4.17,6.89,CENTER_DUAL,298.6,-21.4,1.0,,
21:10:44.756,7.3,MANUAL,0,0,0.0,0.0,0.0,4.17,6.89,CENTER_DUAL,306.6,-13.4,1.0,,
21:10:45.880,7.1,MANUAL,0,0,0.0,0.0,0.0,4.17,6.89,CENTER_DUAL,300.1,-19.9,1.0,,
21:10:46.891,7.4,MANUAL,0,0,0.0,0.0,0.0,4.17,6.89,CENTER_DUAL,291.4,-28.6,1.0,,
21:10:47.902,6.5,MANUAL,0,0,0.0,0.0,0.0,4.17,6.89,CENTER_DUAL,291.4,-28.6,1.0,,
21:10:49.011,7.4,MANUAL,0,0,0.0,0.0,0.0,4.17,6.89,CENTER_DUAL,307.6,-12.4,1.0,,
21:10:50.028,6.7,MANUAL,0,0,0.0,0.0,0.0,4.17,6.89,CENTER_DUAL,291.8,-28.2,1.0,,
21:10:51.057,6.5,MANUAL,0,0,0.0,0.0,0.0,4.17,6.89,CENTER_DUAL,279.3,-40.7,1.0,,
21:10:52.065,6.9,MANUAL,0,0,0.0,0.0,0.0,4.17,6.89,RIGHT_LANE_ONLY,289.8,-30.2,0.5,,
21:10:53.112,4.7,MANUAL,0,0,0.0,0.0,0.0,4.17,6.89,CENTER_DUAL,288.3,-31.7,1.0,,
21:10:54.182,6.4,MANUAL,0,0,0.0,0.0,0.0,4.17,6.89,CENTER_DUAL,293.5,-26.5,1.0,,
21:10:55.292,6.5,MANUAL,0,0,0.0,0.0,0.0,4.17,6.89,CENTER_DUAL,274.5,-45.5,1.0,,
21:10:56.344,6.1,MANUAL,0,0,0.0,0.0,0.0,4.17,6.89,CENTER_DUAL,273.8,-46.2,1.0,,
21:10:57.360,6.9,MANUAL,0,0,0.0,0.0,0.0,4.17,6.89,CENTER_DUAL,280.0,-40.0,1.0,,
21:10:58.477,7.2,MANUAL,0,0,0.0,0.0,0.0,4.17,6.89,CENTER_DUAL,283.0,-37.0,1.0,,
21:10:59.564,6.8,MANUAL,0,0,0.0,0.0,0.0,4.17,6.89,CENTER_DUAL,283.3,-36.7,1.0,,
21:11:00.680,7.8,MANUAL,0,0,0.0,0.0,0.0,4.17,6.89,CENTER_DUAL,281.8,-38.2,1.0,,
21:11:01.824,7.1,MANUAL,0,0,0.0,0.0,0.0,4.17,6.89,CENTER_DUAL,277.1,-42.9,1.0,,
21:11:02.944,6.6,MANUAL,0,0,0.0,0.0,0.0,4.17,6.89,CENTER_DUAL,272.1,-47.9,1.0,,
21:11:03.994,6.7,MANUAL,0,0,0.0,0.0,0.0,4.17,6.89,CENTER_DUAL,269.2,-50.8,1.0,,
21:11:05.114,7.0,MANUAL,0,0,0.0,0.0,0.0,4.17,6.89,CENTER_DUAL,260.3,-59.7,1.0,,
21:11:06.193,7.7,MANUAL,0,0,0.0,0.0,0.0,4.17,6.89,RIGHT_LANE_ONLY,264.1,-55.9,0.5,,
21:11:07.254,7.8,MANUAL,0,0,0.0,0.0,0.0,4.17,6.89,RIGHT_LANE_ONLY,266.6,-53.4,0.5,,
21:11:08.315,7.3,MANUAL,0,0,0.0,0.0,0.0,4.17,6.89,RIGHT_LANE_ONLY,270.9,-49.1,0.5,,
21:11:09.477,6.5,MANUAL,0,0,0.0,0.0,0.0,4.17,6.89,CENTER_DUAL,272.2,-47.8,1.0,,
21:11:10.487,7.0,MANUAL,0,0,0.0,0.0,0.0,4.17,6.89,CENTER_DUAL,260.9,-59.1,1.0,,
21:11:11.532,7.3,MANUAL,0,0,0.0,0.0,0.0,4.17,6.89,CENTER_DUAL,260.9,-59.1,1.0,,
21:11:12.663,7.4,MANUAL,0,0,0.0,0.0,0.0,4.17,6.89,CENTER_DUAL,266.0,-54.0,1.0,,
21:11:13.748,7.5,MANUAL,0,0,0.0,0.0,0.0,4.17,6.89,CENTER_DUAL,267.2,-52.8,1.0,,
21:11:14.835,7.1,MANUAL,0,0,0.0,0.0,0.0,4.17,6.89,CENTER_DUAL,268.0,-52.0,1.0,,
21:11:15.956,7.2,MANUAL,0,0,0.0,0.0,0.0,4.17,6.89,CENTER_DUAL,264.8,-55.2,1.0,,
21:11:17.023,7.6,MANUAL,0,0,0.0,0.0,0.0,4.17,6.89,CENTER_DUAL,257.1,-62.9,1.0,,
21:11:18.164,6.9,MANUAL,0,0,0.0,0.0,0.0,4.17,6.89,CENTER_DUAL,257.1,-62.9,1.0,,
21:11:19.247,7.6,MANUAL,0,0,0.0,0.0,0.0,4.17,6.89,RIGHT_LANE_ONLY,262.5,-57.5,0.5,,
21:11:20.309,7.7,MANUAL,0,0,0.0,0.0,0.0,4.17,6.89,CENTER_DUAL,271.2,-48.8,1.0,,
21:11:21.374,7.5,MANUAL,0,0,0.0,0.0,0.0,4.17,6.89,CENTER_DUAL,389.9,69.9,1.0,,
21:11:22.482,5.6,MANUAL,0,0,0.0,0.0,0.0,4.17,6.89,CENTER_DUAL,448.8,128.8,1.0,,
21:11:23.585,6.2,MANUAL,0,0,0.0,0.0,0.0,4.17,6.89,LEFT_LANE_ONLY,449.2,129.2,0.5,,
21:11:24.689,5.3,MANUAL,0,0,0.0,0.0,0.0,4.17,6.89,CENTER_DUAL,434.8,114.8,1.0,,
21:11:25.741,7.2,MANUAL,0,0,0.0,0.0,0.0,4.17,6.89,LEFT_LANE_ONLY,496.4,176.4,0.5,,
21:11:26.776,6.0,MANUAL,0,0,0.0,0.0,0.0,4.17,6.89,RIGHT_LANE_ONLY,466.2,146.2,0.5,,
21:11:27.908,6.2,MANUAL,0,0,0.0,0.0,0.0,4.17,6.89,CENTER_DUAL,392.5,72.5,1.0,,
21:11:29.056,6.2,MANUAL,0,0,0.0,0.0,0.0,4.17,6.89,CENTER_DUAL,376.2,56.2,1.0,,
21:11:30.103,5.6,MANUAL,0,0,0.0,0.0,0.0,4.17,6.89,CENTER_DUAL,288.8,-31.2,1.0,,
21:11:31.242,5.8,MANUAL,0,0,0.0,0.0,0.0,4.17,6.89,CENTER_DUAL,288.2,-31.8,1.0,,
21:11:32.267,6.4,MANUAL,0,0,0.0,0.0,0.0,4.17,6.89,LEFT_LANE_ONLY,373.6,53.6,0.5,,
21:11:33.367,7.3,MANUAL,0,0,0.0,0.0,0.0,4.17,6.89,LEFT_LANE_ONLY,392.2,72.2,0.5,,
21:11:34.414,6.7,MANUAL,0,0,0.0,0.0,0.0,4.17,6.89,LEFT_LANE_ONLY,411.3,91.3,0.5,,
21:11:35.507,6.8,MANUAL,0,0,0.0,0.0,0.0,4.17,6.89,LEFT_LANE_ONLY,413.7,93.7,0.5,,
21:11:36.622,6.0,MANUAL,0,0,0.0,0.0,0.0,4.17,6.89,LEFT_LANE_ONLY,414.0,94.0,0.5,,
21:11:37.770,6.1,MANUAL,0,0,0.0,0.0,0.0,4.17,6.89,LEFT_LANE_ONLY,413.5,93.5,0.5,,
21:11:38.900,6.5,MANUAL,0,0,0.0,0.0,0.0,4.17,6.89,LEFT_LANE_ONLY,410.8,90.8,0.5,,
21:11:40.027,6.3,MANUAL,0,0,0.0,0.0,0.0,4.17,6.89,LEFT_LANE_ONLY,406.9,86.9,0.5,,
21:11:41.058,5.0,MANUAL,0,0,0.0,0.0,0.0,4.17,6.89,LEFT_LANE_ONLY,402.5,82.5,0.5,,
21:11:42.159,6.3,MANUAL,0,0,0.0,0.0,0.0,4.17,6.89,LEFT_LANE_ONLY,409.4,89.4,0.5,,
21:11:43.313,6.0,MANUAL,0,0,0.0,0.0,0.0,4.17,6.89,LEFT_LANE_ONLY,424.7,104.7,0.5,,
21:11:44.416,6.4,MANUAL,0,0,0.0,0.0,0.0,4.17,6.89,LEFT_LANE_ONLY,424.6,104.6,0.5,,
21:11:45.503,6.8,MANUAL,0,0,0.0,0.0,0.0,4.17,6.89,LEFT_LANE_ONLY,423.6,103.6,0.5,,
21:11:46.648,6.3,MANUAL,0,0,0.0,0.0,0.0,4.17,6.89,LEFT_LANE_ONLY,421.3,101.3,0.5,,
21:11:47.666,5.8,MANUAL,0,0,0.0,0.0,0.0,4.17,6.89,LEFT_LANE_ONLY,417.2,97.2,0.5,,
21:11:48.855,5.7,MANUAL,0,0,0.0,0.0,0.0,4.17,6.89,LEFT_LANE_ONLY,414.7,94.7,0.5,,
21:11:49.982,6.6,MANUAL,0,0,0.0,0.0,0.0,4.17,6.89,LEFT_LANE_ONLY,407.2,87.2,0.5,,
21:11:51.047,7.7,MANUAL,0,0,0.0,0.0,0.0,4.17,6.89,LEFT_LANE_ONLY,405.1,85.1,0.5,,
21:11:52.187,7.0,MANUAL,0,0,0.0,0.0,0.0,4.17,6.89,LEFT_LANE_ONLY,424.2,104.2,0.5,,
21:11:53.234,6.9,MANUAL,0,0,0.0,0.0,0.0,4.17,6.89,LEFT_LANE_ONLY,439.3,119.3,0.5,,
21:11:54.303,7.5,MANUAL,0,0,0.0,0.0,0.0,4.17,6.89,LEFT_LANE_ONLY,446.4,126.4,0.5,,
21:11:55.306,6.6,MANUAL,0,0,0.0,0.0,0.0,4.17,6.89,LEFT_LANE_ONLY,447.3,127.3,0.5,,
21:11:56.409,7.5,MANUAL,0,0,0.0,0.0,0.0,4.17,6.89,LEFT_LANE_ONLY,444.6,124.6,0.5,,
21:11:57.514,7.0,MANUAL,0,0,0.0,0.0,0.0,4.17,6.89,LEFT_LANE_ONLY,445.3,125.3,0.5,,
21:11:58.650,7.2,MANUAL,0,0,0.0,0.0,0.0,4.17,6.89,LEFT_LANE_ONLY,448.1,128.1,0.5,,
21:11:59.672,7.0,MANUAL,0,0,0.0,0.0,0.0,4.17,6.89,LEFT_LANE_ONLY,447.3,127.3,0.5,,
21:12:00.674,6.7,MANUAL,0,0,0.0,0.0,0.0,4.17,6.89,LEFT_LANE_ONLY,443.0,123.0,0.5,,
21:12:01.751,7.8,MANUAL,0,0,0.0,0.0,0.0,4.17,6.89,LEFT_LANE_ONLY,443.2,123.2,0.5,,
21:12:02.871,7.0,MANUAL,0,0,0.0,0.0,0.0,4.17,6.89,LEFT_LANE_ONLY,444.9,124.9,0.5,,
21:12:03.964,7.5,MANUAL,0,0,0.0,0.0,0.0,4.17,6.89,LEFT_LANE_ONLY,441.8,121.8,0.5,,
21:12:04.993,6.5,MANUAL,0,0,0.0,0.0,0.0,4.17,6.89,LEFT_LANE_ONLY,428.9,108.9,0.5,,
21:12:06.058,7.4,MANUAL,0,0,0.0,0.0,0.0,4.17,6.89,LEFT_LANE_ONLY,417.1,97.1,0.5,,
21:12:07.067,6.5,MANUAL,0,0,0.0,0.0,0.0,4.17,6.89,LEFT_LANE_ONLY,440.0,120.0,0.5,,
21:12:08.155,6.3,MANUAL,0,0,0.0,0.0,0.0,4.17,6.89,LEFT_LANE_ONLY,442.9,122.9,0.5,,
21:12:09.186,7.3,MANUAL,0,0,0.0,0.0,0.0,4.17,6.89,LEFT_LANE_ONLY,440.2,120.2,0.5,,
21:12:10.187,6.0,MANUAL,0,0,0.0,0.0,0.0,4.17,6.89,LEFT_LANE_ONLY,439.7,119.7,0.5,,
21:12:11.209,6.7,MANUAL,0,0,0.0,0.0,0.0,4.17,6.89,LEFT_LANE_ONLY,438.7,118.7,0.5,,
21:12:12.233,7.3,MANUAL,0,0,0.0,0.0,0.0,4.17,6.89,LEFT_LANE_ONLY,430.1,110.1,0.5,,
21:12:13.286,6.8,MANUAL,0,0,0.0,0.0,0.0,4.17,6.89,LEFT_LANE_ONLY,428.7,108.7,0.5,,
21:12:14.287,6.9,MANUAL,0,0,0.0,0.0,0.0,4.17,6.89,LEFT_LANE_ONLY,426.3,106.3,0.5,,
21:12:15.419,7.2,MANUAL,0,0,0.0,0.0,0.0,4.17,6.89,LEFT_LANE_ONLY,427.4,107.4,0.5,,
21:12:16.567,6.7,MANUAL,0,0,0.0,0.0,0.0,4.17,6.89,LEFT_LANE_ONLY,433.4,113.4,0.5,,
21:12:17.644,6.6,MANUAL,0,0,0.0,0.0,0.0,4.17,6.89,LEFT_LANE_ONLY,434.2,114.2,0.5,,
21:12:18.778,6.5,MANUAL,0,0,0.0,0.0,0.0,4.17,6.89,LEFT_LANE_ONLY,428.3,108.3,0.5,,
21:12:19.796,7.4,MANUAL,0,0,0.0,0.0,0.0,4.17,6.89,LEFT_LANE_ONLY,427.6,107.6,0.5,,
21:12:20.804,6.8,MANUAL,0,0,0.0,0.0,0.0,4.17,6.89,LEFT_LANE_ONLY,425.8,105.8,0.5,,
21:12:21.817,7.2,MANUAL,0,0,0.0,0.0,0.0,4.17,6.89,LEFT_LANE_ONLY,429.0,109.0,0.5,,
21:12:22.849,7.0,MANUAL,0,0,0.0,0.0,0.0,4.17,6.89,LEFT_LANE_ONLY,428.6,108.6,0.5,,
21:12:24.001,6.8,MANUAL,0,0,0.0,0.0,0.0,4.17,6.89,LEFT_LANE_ONLY,440.0,120.0,0.5,,
21:12:25.032,6.4,MANUAL,0,0,0.0,0.0,0.0,4.17,6.89,LEFT_LANE_ONLY,438.0,118.0,0.5,,
21:12:26.071,5.8,MANUAL,0,0,0.0,0.0,0.0,4.17,6.89,LEFT_LANE_ONLY,426.3,106.3,0.5,,
21:12:27.112,6.5,MANUAL,0,0,0.0,0.0,0.0,4.17,6.89,LEFT_LANE_ONLY,417.6,97.6,0.5,,
21:12:28.272,6.4,MANUAL,0,0,0.0,0.0,0.0,4.17,6.89,LEFT_LANE_ONLY,433.8,113.8,0.5,,
21:12:29.305,6.6,MANUAL,0,0,0.0,0.0,0.0,4.17,6.89,LEFT_LANE_ONLY,418.9,98.9,0.5,,
21:12:30.338,7.3,MANUAL,0,0,0.0,0.0,0.0,4.17,6.89,LEFT_LANE_ONLY,417.0,97.0,0.5,,
21:12:31.344,7.1,MANUAL,0,0,0.0,0.0,0.0,4.17,6.89,LEFT_LANE_ONLY,426.2,106.2,0.5,,
21:12:32.368,6.8,MANUAL,0,0,0.0,0.0,0.0,4.17,6.89,LEFT_LANE_ONLY,426.6,106.6,0.5,,
21:12:33.497,7.5,MANUAL,0,0,0.0,0.0,0.0,4.17,6.89,LEFT_LANE_ONLY,415.6,95.6,0.5,,
21:12:34.533,7.1,MANUAL,0,0,0.0,0.0,0.0,4.17,6.89,LEFT_LANE_ONLY,426.9,106.9,0.5,,
21:12:35.568,7.1,MANUAL,0,0,0.0,0.0,0.0,4.17,6.89,LEFT_LANE_ONLY,419.3,99.3,0.5,,
21:12:36.690,7.4,MANUAL,0,0,0.0,0.0,0.0,4.17,6.89,LEFT_LANE_ONLY,419.6,99.6,0.5,,
21:12:37.822,6.7,MANUAL,0,0,0.0,0.0,0.0,4.17,6.89,LEFT_LANE_ONLY,419.0,99.0,0.5,,
21:12:38.874,5.8,MANUAL,0,0,0.0,0.0,0.0,4.17,6.89,LEFT_LANE_ONLY,429.0,109.0,0.5,,
21:12:39.958,6.1,MANUAL,0,0,0.0,0.0,0.0,4.17,6.89,LEFT_LANE_ONLY,436.5,116.5,0.5,,
21:12:40.979,6.9,MANUAL,0,0,0.0,0.0,0.0,4.17,6.89,LEFT_LANE_ONLY,436.0,116.0,0.5,,
21:12:42.020,6.3,MANUAL,0,0,0.0,0.0,0.0,4.17,6.89,LEFT_LANE_ONLY,434.2,114.2,0.5,,
21:12:43.058,7.0,MANUAL,0,0,0.0,0.0,0.0,4.17,6.89,LEFT_LANE_ONLY,430.4,110.4,0.5,,
21:12:44.121,6.2,MANUAL,0,0,0.0,0.0,0.0,4.17,6.89,LEFT_LANE_ONLY,429.8,109.8,0.5,,
21:12:45.178,6.4,MANUAL,0,0,0.0,0.0,0.0,4.17,6.89,LEFT_LANE_ONLY,417.5,97.5,0.5,,
21:12:46.318,6.5,MANUAL,0,0,0.0,0.0,0.0,4.17,6.89,LEFT_LANE_ONLY,411.6,91.6,0.5,,
21:12:47.444,7.5,MANUAL,0,0,0.0,0.0,0.0,4.17,6.89,LEFT_LANE_ONLY,404.4,84.4,0.5,,
21:12:48.551,7.1,MANUAL,0,0,0.0,0.0,0.0,4.17,6.89,LEFT_LANE_ONLY,400.4,80.4,0.5,,
21:12:49.580,7.2,MANUAL,0,0,0.0,0.0,0.0,4.17,6.89,LEFT_LANE_ONLY,416.8,96.8,0.5,,
21:12:50.602,6.6,MANUAL,0,0,0.0,0.0,0.0,4.17,6.89,LEFT_LANE_ONLY,416.6,96.6,0.5,,
21:12:51.626,7.0,MANUAL,0,0,0.0,0.0,0.0,4.17,6.89,LEFT_LANE_ONLY,416.5,96.5,0.5,,
21:12:52.758,7.9,MANUAL,0,0,0.0,0.0,0.0,4.17,6.89,LEFT_LANE_ONLY,417.1,97.1,0.5,,
21:12:53.813,6.5,MANUAL,0,0,0.0,0.0,0.0,4.17,6.89,LEFT_LANE_ONLY,417.3,97.3,0.5,,
21:12:54.826,6.7,MANUAL,0,0,0.0,0.0,0.0,4.17,6.89,LEFT_LANE_ONLY,422.9,102.9,0.5,,
21:12:55.849,6.4,MANUAL,0,0,0.0,0.0,0.0,4.17,6.89,LEFT_LANE_ONLY,423.7,103.7,0.5,,
21:12:56.871,6.9,MANUAL,0,0,0.0,0.0,0.0,4.17,6.89,LEFT_LANE_ONLY,423.5,103.5,0.5,,
21:12:57.967,7.4,MANUAL,0,0,0.0,0.0,0.0,4.17,6.89,LEFT_LANE_ONLY,423.5,103.5,0.5,,
21:12:59.082,6.8,MANUAL,0,0,0.0,0.0,0.0,4.17,6.89,LEFT_LANE_ONLY,424.2,104.2,0.5,,
21:13:00.134,6.0,MANUAL,0,0,0.0,0.0,0.0,4.17,6.89,LEFT_LANE_ONLY,423.4,103.4,0.5,,
21:13:01.141,7.3,MANUAL,0,0,0.0,0.0,0.0,4.17,6.89,LEFT_LANE_ONLY,422.3,102.3,0.5,,
21:13:02.263,7.3,MANUAL,0,0,0.0,0.0,0.0,4.17,6.89,LEFT_LANE_ONLY,419.4,99.4,0.5,,
21:13:03.336,7.5,MANUAL,0,0,0.0,0.0,0.0,4.17,6.89,LEFT_LANE_ONLY,366.7,46.7,0.5,,
21:13:04.373,7.9,MANUAL,0,0,0.0,0.0,0.0,4.17,6.89,LEFT_LANE_ONLY,358.1,38.1,0.5,,
21:13:05.448,7.6,MANUAL,0,0,0.0,0.0,0.0,4.17,6.89,LEFT_LANE_ONLY,401.5,81.5,0.5,,
21:13:06.563,7.5,MANUAL,0,0,0.0,0.0,0.0,4.17,6.89,LEFT_LANE_ONLY,411.6,91.6,0.5,,
21:13:07.568,6.0,MANUAL,0,0,0.0,0.0,0.0,4.17,6.89,LEFT_LANE_ONLY,426.5,106.5,0.5,,
21:13:08.691,6.6,MANUAL,0,0,0.0,0.0,0.0,4.17,6.89,LEFT_LANE_ONLY,423.7,103.7,0.5,,
21:13:09.808,7.0,MANUAL,0,0,0.0,0.0,0.0,4.17,6.89,LEFT_LANE_ONLY,437.1,117.1,0.5,,
21:13:10.937,7.4,MANUAL,0,0,0.0,0.0,0.0,4.17,6.89,LEFT_LANE_ONLY,428.0,108.0,0.5,,
21:13:11.970,7.2,MANUAL,0,0,0.0,0.0,0.0,4.17,6.89,LEFT_LANE_ONLY,427.6,107.6,0.5,,
21:13:13.058,7.2,MANUAL,0,0,0.0,0.0,0.0,4.17,6.89,LEFT_LANE_ONLY,427.9,107.9,0.5,,
21:13:14.107,6.9,MANUAL,0,0,0.0,0.0,0.0,4.17,6.89,LEFT_LANE_ONLY,411.9,91.9,0.5,,
21:13:15.190,6.0,MANUAL,0,0,0.0,0.0,0.0,4.17,6.89,LEFT_LANE_ONLY,403.2,83.2,0.5,,
21:13:16.285,6.8,MANUAL,0,0,0.0,0.0,0.0,4.17,6.89,LEFT_LANE_ONLY,403.1,83.1,0.5,,
21:13:17.439,7.0,MANUAL,0,0,0.0,0.0,0.0,4.17,6.89,LEFT_LANE_ONLY,400.1,80.1,0.5,,
21:13:18.559,7.4,MANUAL,0,0,0.0,0.0,0.0,4.17,6.89,LEFT_LANE_ONLY,400.1,80.1,0.5,,
21:13:19.695,6.9,MANUAL,0,0,0.0,0.0,0.0,4.17,6.89,LEFT_LANE_ONLY,400.8,80.8,0.5,,
21:13:20.699,7.4,MANUAL,0,0,0.0,0.0,0.0,4.17,6.89,LEFT_LANE_ONLY,396.6,76.6,0.5,,
21:13:21.845,7.1,MANUAL,0,0,0.0,0.0,0.0,4.17,6.89,LEFT_LANE_ONLY,395.0,75.0,0.5,,
21:13:22.879,6.7,MANUAL,0,0,0.0,0.0,0.0,4.17,6.89,LEFT_LANE_ONLY,397.1,77.1,0.5,,
21:13:23.898,7.2,MANUAL,0,0,0.0,0.0,0.0,4.17,6.89,LEFT_LANE_ONLY,404.2,84.2,0.5,,
21:13:24.906,7.8,MANUAL,0,0,0.0,0.0,0.0,4.17,6.89,LEFT_LANE_ONLY,412.8,92.8,0.5,,
21:13:25.941,6.4,MANUAL,0,0,0.0,0.0,0.0,4.17,6.89,LEFT_LANE_ONLY,418.4,98.4,0.5,,
21:13:26.957,7.3,MANUAL,0,0,0.0,0.0,0.0,4.17,6.89,LEFT_LANE_ONLY,418.4,98.4,0.5,,
21:13:28.072,7.6,MANUAL,0,0,0.0,0.0,0.0,4.17,6.89,LEFT_LANE_ONLY,417.3,97.3,0.5,,
21:13:29.218,7.3,MANUAL,0,0,0.0,0.0,0.0,4.17,6.89,LEFT_LANE_ONLY,417.6,97.6,0.5,,
21:13:30.358,7.1,MANUAL,0,0,0.0,0.0,0.0,4.17,6.89,LEFT_LANE_ONLY,418.0,98.0,0.5,,
21:13:31.391,7.5,MANUAL,0,0,0.0,0.0,0.0,4.17,6.89,LEFT_LANE_ONLY,417.8,97.8,0.5,,
21:13:32.406,6.5,MANUAL,0,0,0.0,0.0,0.0,4.17,6.89,LEFT_LANE_ONLY,421.9,101.9,0.5,,
21:13:33.407,7.3,MANUAL,0,0,0.0,0.0,0.0,4.17,6.89,LEFT_LANE_ONLY,421.2,101.2,0.5,,
21:13:34.424,7.1,MANUAL,0,0,0.0,0.0,0.0,4.17,6.89,LEFT_LANE_ONLY,422.1,102.1,0.5,,
21:13:35.505,6.0,MANUAL,0,0,0.0,0.0,0.0,4.17,6.89,LEFT_LANE_ONLY,422.6,102.6,0.5,,
21:13:36.577,7.2,MANUAL,0,0,0.0,0.0,0.0,4.17,6.89,LEFT_LANE_ONLY,424.7,104.7,0.5,,
21:13:37.616,6.6,MANUAL,0,0,0.0,0.0,0.0,4.17,6.89,LEFT_LANE_ONLY,424.7,104.7,0.5,,
21:13:38.634,6.7,MANUAL,0,0,0.0,0.0,0.0,4.17,6.89,LEFT_LANE_ONLY,422.2,102.2,0.5,,
21:13:39.743,6.5,MANUAL,0,0,0.0,0.0,0.0,4.17,6.89,LEFT_LANE_ONLY,430.2,110.2,0.5,,
21:13:40.766,6.2,MANUAL,0,0,0.0,0.0,0.0,4.17,6.89,LEFT_LANE_ONLY,433.1,113.1,0.5,,
21:13:41.796,6.5,MANUAL,0,0,0.0,0.0,0.0,4.17,6.89,LEFT_LANE_ONLY,435.7,115.7,0.5,,
21:13:42.836,7.7,MANUAL,0,0,0.0,0.0,0.0,4.17,6.89,LEFT_LANE_ONLY,429.3,109.3,0.5,,
21:13:43.944,6.9,MANUAL,0,0,0.0,0.0,0.0,4.17,6.89,LEFT_LANE_ONLY,431.7,111.7,0.5,,
21:13:44.955,7.6,MANUAL,0,0,0.0,0.0,0.0,4.17,6.89,LEFT_LANE_ONLY,431.7,111.7,0.5,,
21:13:45.971,6.9,MANUAL,0,0,0.0,0.0,0.0,4.17,6.89,LEFT_LANE_ONLY,433.5,113.5,0.5,,
21:13:47.111,7.8,MANUAL,0,0,0.0,0.0,0.0,4.17,6.89,LEFT_LANE_ONLY,427.5,107.5,0.5,,
21:13:48.133,6.6,MANUAL,0,0,0.0,0.0,0.0,4.17,6.89,LEFT_LANE_ONLY,424.4,104.4,0.5,,
21:13:49.171,7.4,MANUAL,0,0,0.0,0.0,0.0,4.17,6.89,LEFT_LANE_ONLY,421.8,101.8,0.5,,
21:13:50.307,6.9,MANUAL,0,0,0.0,0.0,0.0,4.17,6.89,LEFT_LANE_ONLY,417.4,97.4,0.5,,
21:13:51.308,7.0,MANUAL,0,0,0.0,0.0,0.0,4.17,6.89,LEFT_LANE_ONLY,417.1,97.1,0.5,,
21:13:52.329,7.7,MANUAL,0,0,0.0,0.0,0.0,4.17,6.89,LEFT_LANE_ONLY,417.8,97.8,0.5,,
21:13:53.476,6.5,MANUAL,0,0,0.0,0.0,0.0,4.17,6.89,LEFT_LANE_ONLY,418.5,98.5,0.5,,
21:13:54.585,5.8,MANUAL,0,0,0.0,0.0,0.0,4.17,6.89,LEFT_LANE_ONLY,419.0,99.0,0.5,,
21:13:55.603,7.5,MANUAL,0,0,0.0,0.0,0.0,4.17,6.89,LEFT_LANE_ONLY,419.3,99.3,0.5,,
21:13:56.699,6.6,MANUAL,0,0,0.0,0.0,0.0,4.17,6.89,LEFT_LANE_ONLY,420.4,100.4,0.5,,
21:13:57.722,7.6,MANUAL,0,0,0.0,0.0,0.0,4.17,6.89,LEFT_LANE_ONLY,421.1,101.1,0.5,,
21:13:58.783,7.7,MANUAL,0,0,0.0,0.0,0.0,4.17,6.89,LEFT_LANE_ONLY,400.0,80.0,0.5,,
21:13:59.917,6.7,MANUAL,0,0,0.0,0.0,0.0,4.17,6.89,LEFT_LANE_ONLY,396.5,76.5,0.5,,
21:14:00.920,7.0,MANUAL,0,0,0.0,0.0,0.0,4.17,6.89,LEFT_LANE_ONLY,388.3,68.3,0.5,,
21:14:02.014,7.2,MANUAL,0,0,0.0,0.0,0.0,4.17,6.89,LEFT_LANE_ONLY,392.8,72.8,0.5,,
21:14:03.081,6.9,MANUAL,0,0,0.0,0.0,0.0,4.17,6.89,LEFT_LANE_ONLY,403.5,83.5,0.5,,
21:14:04.111,6.2,MANUAL,0,0,0.0,0.0,0.0,4.17,6.89,LEFT_LANE_ONLY,409.9,89.9,0.5,,
21:14:05.129,7.0,MANUAL,0,0,0.0,0.0,0.0,4.17,6.89,LEFT_LANE_ONLY,414.1,94.1,0.5,,
21:14:06.281,6.6,MANUAL,0,0,0.0,0.0,0.0,4.17,6.89,LEFT_LANE_ONLY,414.0,94.0,0.5,,
21:14:07.307,7.4,MANUAL,0,0,0.0,0.0,0.0,4.17,6.89,LEFT_LANE_ONLY,412.9,92.9,0.5,,
21:14:08.381,7.0,MANUAL,0,0,0.0,0.0,0.0,4.17,6.89,LEFT_LANE_ONLY,403.5,83.5,0.5,,
21:14:09.463,6.9,MANUAL,0,0,0.0,0.0,0.0,4.17,6.89,LEFT_LANE_ONLY,413.4,93.4,0.5,,
21:14:10.601,6.8,MANUAL,0,0,0.0,0.0,0.0,4.17,6.89,LEFT_LANE_ONLY,419.1,99.1,0.5,,
21:14:11.619,6.8,MANUAL,0,0,0.0,0.0,0.0,4.17,6.89,LEFT_LANE_ONLY,423.9,103.9,0.5,,
21:14:12.703,6.5,MANUAL,0,0,0.0,0.0,0.0,4.17,6.89,LEFT_LANE_ONLY,414.4,94.4,0.5,,
21:14:13.831,5.5,MANUAL,0,0,0.0,0.0,0.0,4.17,6.89,LEFT_LANE_ONLY,425.0,105.0,0.5,,
21:14:14.910,4.9,MANUAL,0,0,0.0,0.0,0.0,4.17,6.89,LEFT_LANE_ONLY,407.8,87.8,0.5,,
21:14:15.956,6.4,MANUAL,0,0,0.0,0.0,0.0,4.17,6.89,LEFT_LANE_ONLY,382.9,62.9,0.5,,
21:14:17.095,6.0,MANUAL,0,0,0.0,0.0,0.0,4.17,6.89,LEFT_LANE_ONLY,383.5,63.5,0.5,,
21:14:18.197,5.8,MANUAL,0,0,0.0,0.0,0.0,4.17,6.89,LEFT_LANE_ONLY,383.9,63.9,0.5,,
21:14:19.238,6.8,MANUAL,0,0,0.0,0.0,0.0,4.17,6.89,LEFT_LANE_ONLY,392.1,72.1,0.5,,
21:14:20.241,7.7,MANUAL,0,0,0.0,0.0,0.0,4.17,6.89,LEFT_LANE_ONLY,377.4,57.4,0.5,,
21:14:21.360,6.3,MANUAL,0,0,0.0,0.0,0.0,4.17,6.89,LEFT_LANE_ONLY,378.5,58.5,0.5,,
21:14:22.465,5.9,MANUAL,0,0,0.0,0.0,0.0,4.17,6.89,LEFT_LANE_ONLY,381.5,61.5,0.5,,
21:14:23.586,7.0,MANUAL,0,0,0.0,0.0,0.0,4.17,6.89,LEFT_LANE_ONLY,388.7,68.7,0.5,,
21:14:24.691,6.4,MANUAL,0,0,0.0,0.0,0.0,4.17,6.89,LEFT_LANE_ONLY,379.5,59.5,0.5,,
21:14:25.746,5.4,MANUAL,0,0,0.0,0.0,0.0,4.17,6.89,LEFT_LANE_ONLY,379.4,59.4,0.5,,
21:14:26.809,5.3,MANUAL,0,0,0.0,0.0,0.0,4.17,6.89,LEFT_LANE_ONLY,380.6,60.6,0.5,,
21:14:27.950,5.4,MANUAL,0,0,0.0,0.0,0.0,4.17,6.89,LEFT_LANE_ONLY,381.6,61.6,0.5,,
21:14:29.019,5.6,MANUAL,0,0,0.0,0.0,0.0,4.17,6.89,LEFT_LANE_ONLY,382.1,62.1,0.5,,
21:14:30.116,6.4,MANUAL,0,0,0.0,0.0,0.0,4.17,6.89,CENTER_DUAL,402.1,82.1,1.0,,
21:14:31.239,5.9,MANUAL,0,0,0.0,0.0,0.0,4.17,6.89,CENTER_DUAL,417.3,97.3,1.0,,
21:14:32.348,6.1,MANUAL,0,0,0.0,0.0,0.0,4.17,6.89,RIGHT_LANE_ONLY,426.5,106.5,0.5,,
21:14:33.382,7.5,MANUAL,0,0,0.0,0.0,0.0,4.17,6.89,RIGHT_LANE_ONLY,435.7,115.7,0.5,,
21:14:34.495,6.0,MANUAL,0,0,0.0,0.0,0.0,4.17,6.89,LEFT_LANE_ONLY,404.4,84.4,0.5,,
21:14:35.497,6.2,MANUAL,0,0,0.0,0.0,0.0,4.17,6.89,LEFT_LANE_ONLY,392.9,72.9,0.5,,
21:14:36.611,5.1,MANUAL,0,0,0.0,0.0,0.0,4.17,6.89,LEFT_LANE_ONLY,409.2,89.2,0.5,,
21:14:37.620,5.7,MANUAL,0,0,0.0,0.0,0.0,4.17,6.89,LEFT_LANE_ONLY,432.2,112.2,0.5,,
21:14:38.720,5.9,MANUAL,0,0,0.0,0.0,0.0,4.17,6.89,LEFT_LANE_ONLY,432.8,112.8,0.5,,
21:14:39.779,6.5,MANUAL,0,0,0.0,0.0,0.0,4.17,6.89,LEFT_LANE_ONLY,439.1,119.1,0.5,,
21:14:40.842,6.4,MANUAL,0,0,0.0,0.0,0.0,4.17,6.89,LEFT_LANE_ONLY,443.7,123.7,0.5,,
21:14:41.842,6.1,MANUAL,0,0,0.0,0.0,0.0,4.17,6.89,LEFT_LANE_ONLY,449.5,129.5,0.5,,
21:14:42.921,6.3,MANUAL,0,0,0.0,0.0,0.0,4.17,6.89,LEFT_LANE_ONLY,448.5,128.5,0.5,,
21:14:43.985,6.5,MANUAL,0,0,0.0,0.0,0.0,4.17,6.89,LEFT_LANE_ONLY,442.7,122.7,0.5,,
21:14:45.039,6.7,MANUAL,0,0,0.0,0.0,0.0,4.17,6.89,LEFT_LANE_ONLY,433.4,113.4,0.5,,
21:14:46.069,6.8,MANUAL,0,0,0.0,0.0,0.0,4.17,6.89,LEFT_LANE_ONLY,423.3,103.3,0.5,,
21:14:47.191,6.5,MANUAL,0,0,0.0,0.0,0.0,4.17,6.89,LEFT_LANE_ONLY,406.3,86.3,0.5,,
21:14:48.289,6.4,MANUAL,0,0,0.0,0.0,0.0,4.17,6.89,LEFT_LANE_ONLY,391.7,71.7,0.5,,
21:14:49.350,6.3,MANUAL,0,0,0.0,0.0,0.0,4.17,6.89,LEFT_LANE_ONLY,399.4,79.4,0.5,,
21:14:50.422,6.7,MANUAL,0,0,0.0,0.0,0.0,4.17,6.89,LEFT_LANE_ONLY,418.4,98.4,0.5,,
21:14:51.448,5.8,MANUAL,0,0,0.0,0.0,0.0,4.17,6.89,LEFT_LANE_ONLY,407.6,87.6,0.5,,
21:14:52.549,4.9,MANUAL,0,0,0.0,0.0,0.0,4.17,6.89,LEFT_LANE_ONLY,415.8,95.8,0.5,,
21:14:53.583,6.5,MANUAL,0,0,0.0,0.0,0.0,4.17,6.89,LEFT_LANE_ONLY,427.1,107.1,0.5,,
21:14:54.642,6.7,MANUAL,0,0,0.0,0.0,0.0,4.17,6.89,LEFT_LANE_ONLY,425.7,105.7,0.5,,
21:14:55.702,6.6,MANUAL,0,0,0.0,0.0,0.0,4.17,6.89,LEFT_LANE_ONLY,425.3,105.3,0.5,,
21:14:56.805,6.4,MANUAL,0,0,0.0,0.0,0.0,4.17,6.89,LEFT_LANE_ONLY,425.6,105.6,0.5,,
21:14:58.035,4.5,MANUAL,0,0,0.0,0.0,0.0,4.17,6.89,LEFT_LANE_ONLY,425.8,105.8,0.5,,
21:14:59.039,6.7,MANUAL,0,0,0.0,0.0,0.0,4.17,6.89,LEFT_LANE_ONLY,426.1,106.1,0.5,,
21:15:00.117,6.6,MANUAL,0,0,0.0,0.0,0.0,4.17,6.89,LEFT_LANE_ONLY,426.7,106.7,0.5,,
21:15:01.258,6.1,MANUAL,0,0,0.0,0.0,0.0,4.17,6.89,LEFT_LANE_ONLY,426.9,106.9,0.5,,
21:15:02.387,6.9,MANUAL,0,0,0.0,0.0,0.0,4.17,6.89,LEFT_LANE_ONLY,428.2,108.2,0.5,,
21:15:03.493,7.0,MANUAL,0,0,0.0,0.0,0.0,4.17,6.89,LEFT_LANE_ONLY,429.6,109.6,0.5,,
21:15:04.595,6.3,MANUAL,0,0,0.0,0.0,0.0,4.17,6.89,LEFT_LANE_ONLY,430.6,110.6,0.5,,
21:15:05.705,4.5,MANUAL,0,0,0.0,0.0,0.0,4.17,6.89,LEFT_LANE_ONLY,431.4,111.4,0.5,,
21:15:06.748,6.2,MANUAL,0,0,0.0,0.0,0.0,4.17,6.89,LEFT_LANE_ONLY,433.4,113.4,0.5,,
21:15:07.887,6.4,MANUAL,0,0,0.0,0.0,0.0,4.17,6.89,LEFT_LANE_ONLY,428.0,108.0,0.5,,
21:15:09.012,5.7,MANUAL,0,0,0.0,0.0,0.0,4.17,6.89,LEFT_LANE_ONLY,430.9,110.9,0.5,,
21:15:10.128,6.5,MANUAL,0,0,0.0,0.0,0.0,4.17,6.89,LEFT_LANE_ONLY,430.5,110.5,0.5,,
21:15:11.168,4.5,MANUAL,0,0,0.0,0.0,0.0,4.17,6.89,LEFT_LANE_ONLY,429.6,109.6,0.5,,
21:15:12.305,6.6,MANUAL,0,0,0.0,0.0,0.0,4.17,6.89,LEFT_LANE_ONLY,434.0,114.0,0.5,,
21:15:13.399,6.1,MANUAL,0,0,0.0,0.0,0.0,4.17,6.89,LEFT_LANE_ONLY,430.5,110.5,0.5,,
21:15:14.399,4.4,MANUAL,0,0,0.0,0.0,0.0,4.17,6.89,LEFT_LANE_ONLY,428.1,108.1,0.5,,
21:15:15.540,5.2,MANUAL,0,0,0.0,0.0,0.0,4.17,6.89,LEFT_LANE_ONLY,427.5,107.5,0.5,,
21:15:16.674,5.4,MANUAL,0,0,0.0,0.0,0.0,4.17,6.89,LEFT_LANE_ONLY,429.5,109.5,0.5,,
21:15:17.716,6.0,MANUAL,0,0,0.0,0.0,0.0,4.17,6.89,LEFT_LANE_ONLY,421.9,101.9,0.5,,
21:15:18.729,5.7,MANUAL,0,0,0.0,0.0,0.0,4.17,6.89,LEFT_LANE_ONLY,417.9,97.9,0.5,,
21:15:19.766,5.8,MANUAL,0,0,0.0,0.0,0.0,4.17,6.89,LEFT_LANE_ONLY,433.5,113.5,0.5,,
21:15:20.829,5.5,MANUAL,0,0,0.0,0.0,0.0,4.17,6.89,LEFT_LANE_ONLY,440.0,120.0,0.5,,
21:15:21.915,5.7,MANUAL,0,0,0.0,0.0,0.0,4.17,6.89,LEFT_LANE_ONLY,444.1,124.1,0.5,,
21:15:23.081,6.1,MANUAL,0,0,0.0,0.0,0.0,4.17,6.89,LEFT_LANE_ONLY,446.9,126.9,0.5,,
21:15:24.149,6.2,MANUAL,0,0,0.0,0.0,0.0,4.17,6.89,LEFT_LANE_ONLY,446.8,126.8,0.5,,
21:15:25.254,6.2,MANUAL,0,0,0.0,0.0,0.0,4.17,6.89,LEFT_LANE_ONLY,447.4,127.4,0.5,,
21:15:26.321,6.6,MANUAL,0,0,0.0,0.0,0.0,4.17,6.89,LEFT_LANE_ONLY,528.5,208.5,0.5,,
21:15:27.325,6.6,MANUAL,0,0,0.0,0.0,0.0,4.17,6.89,CENTER_DUAL,471.5,151.5,1.0,,
21:15:28.409,6.3,MANUAL,0,0,0.0,0.0,0.0,4.17,6.89,LEFT_LANE_ONLY,435.2,115.2,0.5,,
21:15:29.551,7.0,MANUAL,0,0,0.0,0.0,0.0,4.17,6.89,LEFT_LANE_ONLY,441.1,121.1,0.5,,
21:15:30.627,8.1,MANUAL,0,0,0.0,0.0,0.0,4.17,6.89,CENTER_DUAL,378.5,58.5,1.0,,
21:15:31.662,7.0,MANUAL,0,0,0.0,0.0,0.0,4.17,6.89,CENTER_DUAL,337.2,17.2,1.0,,
21:15:32.786,7.1,MANUAL,0,0,0.0,0.0,0.0,4.17,6.89,CENTER_DUAL,334.3,14.3,1.0,,
21:15:33.940,4.8,MANUAL,0,0,0.0,0.0,0.0,4.17,6.89,LEFT_LANE_ONLY,451.9,131.9,0.5,,
21:15:35.066,7.3,MANUAL,0,0,0.0,0.0,0.0,4.17,6.89,CENTER_DUAL,488.0,168.0,1.0,,
21:15:36.153,6.1,MANUAL,0,0,0.0,0.0,0.0,4.17,6.89,LEFT_LANE_ONLY,536.5,216.5,0.5,,
21:15:37.247,6.0,MANUAL,0,0,0.0,0.0,0.0,4.17,6.89,LEFT_LANE_ONLY,519.8,199.8,0.5,,
21:15:38.336,7.3,MANUAL,0,0,0.0,0.0,0.0,4.17,6.89,LEFT_LANE_ONLY,520.8,200.8,0.5,,
21:15:39.414,7.5,MANUAL,0,0,0.0,0.0,0.0,4.17,6.89,LEFT_LANE_ONLY,520.1,200.1,0.5,,
21:15:40.518,7.2,MANUAL,0,0,0.0,0.0,0.0,4.17,6.89,LEFT_LANE_ONLY,534.9,214.9,0.5,,
21:15:41.530,6.6,MANUAL,0,0,0.0,0.0,0.0,4.17,6.89,LEFT_LANE_ONLY,546.1,226.1,0.5,,
21:15:42.547,4.8,MANUAL,0,0,0.0,0.0,0.0,4.17,6.89,LEFT_LANE_ONLY,546.6,226.6,0.5,,
21:15:43.644,6.2,MANUAL,0,0,0.0,0.0,0.0,4.17,6.89,LEFT_LANE_ONLY,555.6,235.6,0.5,,
21:15:44.668,5.0,MANUAL,0,0,0.0,0.0,0.0,4.17,6.89,LEFT_LANE_ONLY,555.7,235.7,0.5,,
21:15:45.678,7.0,MANUAL,0,0,0.0,0.0,0.0,4.17,6.89,LEFT_LANE_ONLY,545.6,225.6,0.5,,
21:15:46.816,6.5,MANUAL,0,0,0.0,0.0,0.0,4.17,6.89,CENTER_DUAL,461.8,141.8,1.0,,
21:15:47.948,5.5,MANUAL,0,0,0.0,0.0,0.0,4.17,6.89,CENTER_DUAL,463.9,143.9,1.0,,
21:15:49.055,7.8,MANUAL,0,0,0.0,0.0,0.0,4.17,6.89,CENTER_DUAL,466.5,146.5,1.0,,
21:15:50.210,5.9,MANUAL,0,0,0.0,0.0,0.0,4.17,6.89,CENTER_DUAL,474.6,154.6,1.0,,
21:15:51.368,5.0,MANUAL,0,0,0.0,0.0,0.0,4.17,6.89,CENTER_DUAL,380.8,60.8,1.0,,
21:15:52.478,7.6,MANUAL,0,0,0.0,0.0,0.0,4.17,6.89,CENTER_DUAL,377.5,57.5,1.0,,
21:15:53.509,8.4,MANUAL,0,0,0.0,0.0,0.0,4.17,6.89,LEFT_LANE_ONLY,543.8,223.8,0.5,,
21:15:54.649,6.6,MANUAL,0,0,0.0,0.0,0.0,4.17,6.89,LEFT_LANE_ONLY,540.5,220.5,0.5,,
21:15:55.746,6.2,MANUAL,0,0,0.0,0.0,0.0,4.17,6.89,LEFT_LANE_ONLY,528.6,208.6,0.5,,
21:15:56.750,5.9,MANUAL,0,0,0.0,0.0,0.0,4.17,6.89,LEFT_LANE_ONLY,514.9,194.9,0.5,,
21:15:57.838,7.2,MANUAL,0,0,0.0,0.0,0.0,4.17,6.89,CENTER_DUAL,500.2,180.2,1.0,,
21:15:58.942,7.8,MANUAL,0,0,0.0,0.0,0.0,4.17,6.89,CENTER_DUAL,482.4,162.4,1.0,,
21:15:59.958,7.4,MANUAL,0,0,0.0,0.0,0.0,4.17,6.89,LEFT_LANE_ONLY,440.5,120.5,0.5,,
21:16:01.056,7.3,MANUAL,0,0,0.0,0.0,0.0,4.17,6.89,LEFT_LANE_ONLY,437.9,117.9,0.5,,
21:16:02.057,7.2,MANUAL,0,0,0.0,0.0,0.0,4.17,6.89,LEFT_LANE_ONLY,437.4,117.4,0.5,,
21:16:03.152,7.3,MANUAL,0,0,0.0,0.0,0.0,4.17,6.89,LEFT_LANE_ONLY,437.0,117.0,0.5,,
21:16:04.267,6.9,MANUAL,0,0,0.0,0.0,0.0,4.17,6.89,LEFT_LANE_ONLY,436.9,116.9,0.5,,
21:16:05.393,7.6,MANUAL,0,0,0.0,0.0,0.0,4.17,6.89,LEFT_LANE_ONLY,436.9,116.9,0.5,,
21:16:06.459,6.1,MANUAL,0,0,0.0,0.0,0.0,4.17,6.89,LEFT_LANE_ONLY,422.5,102.5,0.5,,
21:16:07.518,6.9,MANUAL,0,0,0.0,0.0,0.0,4.17,6.89,LEFT_LANE_ONLY,416.9,96.9,0.5,,
21:16:08.652,6.5,MANUAL,0,0,0.0,0.0,0.0,4.17,6.89,LEFT_LANE_ONLY,420.7,100.7,0.5,,
21:16:09.768,6.7,MANUAL,0,0,0.0,0.0,0.0,4.17,6.89,LEFT_LANE_ONLY,413.6,93.6,0.5,,
21:16:10.881,7.0,MANUAL,0,0,0.0,0.0,0.0,4.17,6.89,LEFT_LANE_ONLY,418.9,98.9,0.5,,
21:16:11.890,7.4,MANUAL,0,0,0.0,0.0,0.0,4.17,6.89,LEFT_LANE_ONLY,423.2,103.2,0.5,,
21:16:12.939,6.2,MANUAL,0,0,0.0,0.0,0.0,4.17,6.89,LEFT_LANE_ONLY,444.1,124.1,0.5,,
21:16:13.959,6.7,MANUAL,0,0,0.0,0.0,0.0,4.17,6.89,LEFT_LANE_ONLY,444.2,124.2,0.5,,
21:16:15.000,5.5,MANUAL,0,0,0.0,0.0,0.0,4.17,6.89,LEFT_LANE_ONLY,445.0,125.0,0.5,,
21:16:16.002,6.5,MANUAL,0,0,0.0,0.0,0.0,4.17,6.89,LEFT_LANE_ONLY,440.2,120.2,0.5,,
21:16:17.051,5.9,MANUAL,0,0,0.0,0.0,0.0,4.17,6.89,LEFT_LANE_ONLY,448.7,128.7,0.5,,
21:16:18.158,6.5,MANUAL,0,0,0.0,0.0,0.0,4.17,6.89,LEFT_LANE_ONLY,450.3,130.3,0.5,,
21:16:19.195,7.4,MANUAL,0,0,0.0,0.0,0.0,4.17,6.89,LEFT_LANE_ONLY,451.7,131.7,0.5,,
21:16:20.278,5.7,MANUAL,0,0,0.0,0.0,0.0,4.17,6.89,LEFT_LANE_ONLY,459.2,139.2,0.5,,
21:16:21.363,6.5,MANUAL,0,0,0.0,0.0,0.0,4.17,6.89,LEFT_LANE_ONLY,453.7,133.7,0.5,,
21:16:22.436,6.9,MANUAL,0,0,0.0,0.0,0.0,4.17,6.89,LEFT_LANE_ONLY,440.6,120.6,0.5,,
21:16:23.487,6.3,MANUAL,0,0,0.0,0.0,0.0,4.17,6.89,LEFT_LANE_ONLY,436.1,116.1,0.5,,
21:16:24.522,6.5,MANUAL,0,0,0.0,0.0,0.0,4.17,6.89,LEFT_LANE_ONLY,440.2,120.2,0.5,,
21:16:25.619,5.3,MANUAL,0,0,0.0,0.0,0.0,4.17,6.89,LEFT_LANE_ONLY,439.2,119.2,0.5,,
21:16:26.675,7.2,MANUAL,0,0,0.0,0.0,0.0,4.17,6.89,LEFT_LANE_ONLY,436.3,116.3,0.5,,
21:16:27.819,4.8,MANUAL,0,0,0.0,0.0,0.0,4.17,6.89,LEFT_LANE_ONLY,437.7,117.7,0.5,,
21:16:28.953,6.7,MANUAL,0,0,0.0,0.0,0.0,4.17,6.89,LEFT_LANE_ONLY,442.4,122.4,0.5,,
21:16:29.972,5.4,MANUAL,0,0,0.0,0.0,0.0,4.17,6.89,LEFT_LANE_ONLY,442.8,122.8,0.5,,
21:16:30.997,6.8,MANUAL,0,0,0.0,0.0,0.0,4.17,6.89,LEFT_LANE_ONLY,442.5,122.5,0.5,,
21:16:32.159,6.0,MANUAL,0,0,0.0,0.0,0.0,4.17,6.89,LEFT_LANE_ONLY,443.5,123.5,0.5,,
21:16:33.161,6.7,MANUAL,0,0,0.0,0.0,0.0,4.17,6.89,LEFT_LANE_ONLY,444.2,124.2,0.5,,
21:16:34.246,6.9,MANUAL,0,0,0.0,0.0,0.0,4.17,6.89,LEFT_LANE_ONLY,443.5,123.5,0.5,,
21:16:35.369,6.1,MANUAL,0,0,0.0,0.0,0.0,4.17,6.89,LEFT_LANE_ONLY,442.9,122.9,0.5,,
21:16:36.411,7.4,MANUAL,0,0,0.0,0.0,0.0,4.17,6.89,LEFT_LANE_ONLY,441.8,121.8,0.5,,
21:16:37.568,5.3,MANUAL,0,0,0.0,0.0,0.0,4.17,6.89,LEFT_LANE_ONLY,441.7,121.7,0.5,,
21:16:38.659,6.7,MANUAL,0,0,0.0,0.0,0.0,4.17,6.89,LEFT_LANE_ONLY,441.5,121.5,0.5,,
21:16:39.662,5.6,MANUAL,0,0,0.0,0.0,0.0,4.17,6.89,LEFT_LANE_ONLY,441.2,121.2,0.5,,
21:16:40.719,6.4,MANUAL,0,0,0.0,0.0,0.0,4.17,6.89,LEFT_LANE_ONLY,440.5,120.5,0.5,,
21:16:41.739,4.9,MANUAL,0,0,0.0,0.0,0.0,4.17,6.89,LEFT_LANE_ONLY,443.1,123.1,0.5,,
21:16:42.742,6.7,MANUAL,0,0,0.0,0.0,0.0,4.17,6.89,CENTER_DUAL,662.3,342.3,1.0,,
21:16:43.798,6.3,MANUAL,0,0,0.0,0.0,0.0,4.17,6.89,CENTER_DUAL,657.6,337.6,1.0,,
21:16:44.915,8.2,MANUAL,0,0,0.0,0.0,0.0,4.17,6.89,CENTER_DUAL,615.2,295.2,1.0,,
21:16:46.019,6.4,MANUAL,0,0,0.0,0.0,0.0,4.17,6.89,RIGHT_LANE_ONLY,648.3,328.3,0.5,,
21:16:47.143,7.6,MANUAL,0,0,0.0,0.0,0.0,4.17,6.89,RIGHT_LANE_ONLY,658.1,338.1,0.5,,
21:16:48.237,6.9,MANUAL,0,0,0.0,0.0,0.0,4.17,6.89,RIGHT_LANE_ONLY,660.1,340.1,0.5,,
21:16:49.299,6.0,MANUAL,0,0,0.0,0.0,0.0,4.17,6.89,RIGHT_LANE_ONLY,663.9,343.9,0.5,,
21:16:50.378,7.7,MANUAL,0,0,0.0,0.0,0.0,4.17,6.89,RIGHT_LANE_ONLY,664.6,344.6,0.5,,
21:16:51.453,7.5,MANUAL,0,0,0.0,0.0,0.0,4.17,6.89,RIGHT_LANE_ONLY,663.4,343.4,0.5,,
21:16:52.617,5.8,MANUAL,0,0,0.0,0.0,0.0,4.17,6.89,RIGHT_LANE_ONLY,649.5,329.5,0.5,,
21:16:53.659,7.3,MANUAL,0,0,0.0,0.0,0.0,4.17,6.89,RIGHT_LANE_ONLY,653.3,333.3,0.5,,
21:16:54.795,6.2,MANUAL,0,0,0.0,0.0,0.0,4.17,6.89,RIGHT_LANE_ONLY,640.4,320.4,0.5,,
21:16:55.864,5.7,MANUAL,0,0,0.0,0.0,0.0,4.17,6.89,RIGHT_LANE_ONLY,631.6,311.6,0.5,,
21:16:56.923,7.1,MANUAL,0,0,0.0,0.0,0.0,4.17,6.89,RIGHT_LANE_ONLY,630.7,310.7,0.5,,
21:16:58.009,5.8,MANUAL,0,0,0.0,0.0,0.0,4.17,6.89,RIGHT_LANE_ONLY,572.8,252.8,0.5,,
21:16:59.037,5.7,MANUAL,0,0,0.0,0.0,0.0,4.17,6.89,RIGHT_LANE_ONLY,535.6,215.6,0.5,,
21:17:00.238,4.3,MANUAL,0,0,0.0,0.0,0.0,4.17,6.89,RIGHT_LANE_ONLY,529.6,209.6,0.5,,
21:17:01.338,5.8,MANUAL,0,0,0.0,0.0,0.0,4.17,6.89,RIGHT_LANE_ONLY,511.4,191.4,0.5,,
21:17:02.419,5.2,MANUAL,0,0,0.0,0.0,0.0,4.17,6.89,RIGHT_LANE_ONLY,496.5,176.5,0.5,,
21:17:03.470,5.3,MANUAL,0,0,0.0,0.0,0.0,4.17,6.89,RIGHT_LANE_ONLY,516.7,196.7,0.5,,
21:17:04.481,4.7,MANUAL,0,0,0.0,0.0,0.0,4.17,6.89,RIGHT_LANE_ONLY,516.9,196.9,0.5,,
21:17:05.502,5.7,MANUAL,0,0,0.0,0.0,0.0,4.17,6.89,RIGHT_LANE_ONLY,546.0,226.0,0.5,,
21:17:06.577,5.1,MANUAL,0,0,0.0,0.0,0.0,4.17,6.89,RIGHT_LANE_ONLY,548.1,228.1,0.5,,
21:17:07.609,4.7,MANUAL,0,0,0.0,0.0,0.0,4.17,6.89,RIGHT_LANE_ONLY,555.5,235.5,0.5,,
21:17:08.767,5.4,MANUAL,0,0,0.0,0.0,0.0,4.17,6.89,RIGHT_LANE_ONLY,562.6,242.6,0.5,,
21:17:09.901,5.0,MANUAL,0,0,0.0,0.0,0.0,4.17,6.89,RIGHT_LANE_ONLY,565.4,245.4,0.5,,
21:17:11.036,6.7,MANUAL,0,0,0.0,0.0,0.0,4.17,6.89,RIGHT_LANE_ONLY,571.0,251.0,0.5,,
21:17:12.111,6.7,MANUAL,0,0,0.0,0.0,0.0,4.17,6.89,RIGHT_LANE_ONLY,578.5,258.5,0.5,,
21:17:13.208,5.3,MANUAL,0,0,0.0,0.0,0.0,4.17,6.89,RIGHT_LANE_ONLY,583.9,263.9,0.5,,
21:17:14.248,6.4,MANUAL,0,0,0.0,0.0,0.0,4.17,6.89,RIGHT_LANE_ONLY,586.6,266.6,0.5,,
21:17:15.357,4.8,MANUAL,0,0,0.0,0.0,0.0,4.17,6.89,RIGHT_LANE_ONLY,591.4,271.4,0.5,,
21:17:16.494,5.0,MANUAL,0,0,0.0,0.0,0.0,4.17,6.89,RIGHT_LANE_ONLY,591.0,271.0,0.5,,
21:17:17.560,5.5,MANUAL,0,0,0.0,0.0,0.0,4.17,6.89,RIGHT_LANE_ONLY,591.5,271.5,0.5,,
21:17:18.632,5.0,MANUAL,0,0,0.0,0.0,0.0,4.17,6.89,RIGHT_LANE_ONLY,572.8,252.8,0.5,,
21:17:19.928,3.5,MANUAL,0,0,0.0,0.0,0.0,4.17,6.89,RIGHT_LANE_ONLY,560.8,240.8,0.5,,
21:17:21.039,3.4,MANUAL,0,0,0.0,0.0,0.0,4.17,6.89,RIGHT_LANE_ONLY,558.6,238.6,0.5,,
21:17:22.146,4.6,MANUAL,0,0,0.0,0.0,0.0,4.17,6.89,RIGHT_LANE_ONLY,553.4,233.4,0.5,,
21:17:23.264,4.6,MANUAL,0,0,0.0,0.0,0.0,4.17,6.89,RIGHT_LANE_ONLY,554.1,234.1,0.5,,
21:17:24.325,4.4,MANUAL,0,0,0.0,0.0,0.0,4.17,6.89,RIGHT_LANE_ONLY,561.5,241.5,0.5,,
21:17:25.383,5.4,MANUAL,0,0,0.0,0.0,0.0,4.17,6.89,RIGHT_LANE_ONLY,570.5,250.5,0.5,,
21:17:26.517,5.4,MANUAL,0,0,0.0,0.0,0.0,4.17,6.89,RIGHT_LANE_ONLY,570.1,250.1,0.5,,
21:17:27.617,4.4,MANUAL,0,0,0.0,0.0,0.0,4.17,6.89,RIGHT_LANE_ONLY,576.2,256.2,0.5,,
21:17:28.623,5.3,MANUAL,0,0,0.0,0.0,0.0,4.17,6.89,RIGHT_LANE_ONLY,575.2,255.2,0.5,,
21:17:29.738,4.8,MANUAL,0,0,0.0,0.0,0.0,4.17,6.89,RIGHT_LANE_ONLY,570.1,250.1,0.5,,
21:17:30.931,4.2,MANUAL,0,0,0.0,0.0,0.0,4.17,6.89,RIGHT_LANE_ONLY,567.9,247.9,0.5,,
21:17:32.045,4.0,MANUAL,0,0,0.0,0.0,0.0,4.17,6.89,RIGHT_LANE_ONLY,567.0,247.0,0.5,,
21:17:33.269,5.5,MANUAL,0,0,0.0,0.0,0.0,4.17,6.89,RIGHT_LANE_ONLY,562.9,242.9,0.5,,
21:17:34.346,3.8,MANUAL,0,0,0.0,0.0,0.0,4.17,6.89,RIGHT_LANE_ONLY,562.5,242.5,0.5,,
21:17:35.405,4.2,MANUAL,0,0,0.0,0.0,0.0,4.17,6.89,RIGHT_LANE_ONLY,557.8,237.8,0.5,,
21:17:36.547,6.4,MANUAL,0,0,0.0,0.0,0.0,4.17,6.89,RIGHT_LANE_ONLY,486.6,166.6,0.5,,
21:17:37.640,6.4,MANUAL,0,0,0.0,0.0,0.0,4.17,6.89,RIGHT_LANE_ONLY,511.1,191.1,0.5,,
21:17:38.792,5.7,MANUAL,0,0,0.0,0.0,0.0,4.17,6.89,RIGHT_LANE_ONLY,559.8,239.8,0.5,,
21:17:39.904,4.5,MANUAL,0,0,0.0,0.0,0.0,4.17,6.89,RIGHT_LANE_ONLY,571.9,251.9,0.5,,
21:17:40.990,6.3,MANUAL,0,0,0.0,0.0,0.0,4.17,6.89,RIGHT_LANE_ONLY,580.3,260.3,0.5,,
21:17:42.049,4.6,MANUAL,0,0,0.0,0.0,0.0,4.17,6.89,RIGHT_LANE_ONLY,583.6,263.6,0.5,,
21:17:43.174,6.3,MANUAL,0,0,0.0,0.0,0.0,4.17,6.89,RIGHT_LANE_ONLY,487.4,167.4,0.5,,
21:17:44.350,5.1,MANUAL,0,0,0.0,0.0,0.0,4.17,6.89,RIGHT_LANE_ONLY,308.4,-11.6,0.5,,
21:17:45.357,7.1,MANUAL,0,0,0.0,0.0,0.0,4.17,6.89,LEFT_LANE_ONLY,446.8,126.8,0.5,,
21:17:46.419,5.8,MANUAL,0,0,0.0,0.0,0.0,4.17,6.89,LEFT_LANE_ONLY,384.4,64.4,0.5,,
21:17:47.496,6.5,MANUAL,0,0,0.0,0.0,0.0,4.17,6.89,CENTER_DUAL,375.5,55.5,1.0,,
21:17:48.693,6.9,MANUAL,0,0,0.0,0.0,0.0,4.17,6.89,CENTER_DUAL,376.0,56.0,1.0,,
21:17:49.714,6.4,MANUAL,0,0,0.0,0.0,0.0,4.17,6.89,LEFT_LANE_ONLY,364.0,44.0,0.5,,
21:17:50.829,5.0,MANUAL,0,0,0.0,0.0,0.0,4.17,6.89,LEFT_LANE_ONLY,361.2,41.2,0.5,,
21:17:51.851,5.9,MANUAL,0,0,0.0,0.0,0.0,4.17,6.89,LEFT_LANE_ONLY,360.5,40.5,0.5,,
21:17:52.916,4.6,MANUAL,0,0,0.0,0.0,0.0,4.17,6.89,LEFT_LANE_ONLY,360.2,40.2,0.5,,
21:17:54.073,5.7,MANUAL,0,0,0.0,0.0,0.0,4.17,6.89,LEFT_LANE_ONLY,360.0,40.0,0.5,,
21:17:55.086,6.4,MANUAL,0,0,0.0,0.0,0.0,4.17,6.89,LEFT_LANE_ONLY,359.9,39.9,0.5,,
21:17:56.137,6.4,MANUAL,0,0,0.0,0.0,0.0,4.17,6.89,LEFT_LANE_ONLY,359.9,39.9,0.5,,
21:17:57.172,3.8,MANUAL,0,0,0.0,0.0,0.0,4.17,6.89,LEFT_LANE_ONLY,360.0,40.0,0.5,,
21:17:58.325,4.9,MANUAL,0,0,0.0,0.0,0.0,4.17,6.89,LEFT_LANE_ONLY,360.3,40.3,0.5,,
21:17:59.436,4.4,MANUAL,0,0,0.0,0.0,0.0,4.17,6.89,LEFT_LANE_ONLY,360.5,40.5,0.5,,
21:18:00.442,5.4,MANUAL,0,0,0.0,0.0,0.0,4.17,6.89,LEFT_LANE_ONLY,360.9,40.9,0.5,,
21:18:01.465,5.9,MANUAL,0,0,0.0,0.0,0.0,4.17,6.89,CENTER_DUAL,373.7,53.7,1.0,,
21:18:02.562,6.4,MANUAL,0,0,0.0,0.0,0.0,4.17,6.89,CENTER_DUAL,391.3,71.3,1.0,,
21:18:03.607,4.5,MANUAL,0,0,0.0,0.0,0.0,4.17,6.89,CENTER_DUAL,394.3,74.3,1.0,,
21:18:04.630,5.4,MANUAL,0,0,0.0,0.0,0.0,4.17,6.89,RIGHT_LANE_ONLY,408.3,88.3,0.5,,
21:18:05.733,6.7,MANUAL,0,0,0.0,0.0,0.0,4.17,6.89,RIGHT_LANE_ONLY,409.6,89.6,0.5,,
21:18:06.797,5.1,MANUAL,0,0,0.0,0.0,0.0,4.17,6.89,CENTER_DUAL,406.3,86.3,1.0,,
21:18:07.980,3.6,MANUAL,0,0,0.0,0.0,0.0,4.17,6.89,CENTER_DUAL,400.7,80.7,1.0,,
21:18:09.071,4.3,MANUAL,0,0,0.0,0.0,0.0,4.17,6.89,CENTER_DUAL,399.8,79.8,1.0,,
21:18:10.118,7.1,MANUAL,0,0,0.0,0.0,0.0,4.17,6.89,RIGHT_LANE_ONLY,399.3,79.3,0.5,,
21:18:11.236,7.2,MANUAL,0,0,0.0,0.0,0.0,4.17,6.89,RIGHT_LANE_ONLY,398.9,78.9,0.5,,
21:18:12.241,7.1,MANUAL,0,0,0.0,0.0,0.0,4.17,6.89,RIGHT_LANE_ONLY,398.7,78.7,0.5,,
21:18:13.322,5.9,MANUAL,0,0,0.0,0.0,0.0,4.17,6.89,RIGHT_LANE_ONLY,398.2,78.2,0.5,,
21:18:14.481,6.5,MANUAL,0,0,0.0,0.0,0.0,4.17,6.89,RIGHT_LANE_ONLY,397.2,77.2,0.5,,
21:18:15.583,5.5,MANUAL,0,0,0.0,0.0,0.0,4.17,6.89,RIGHT_LANE_ONLY,396.3,76.3,0.5,,
21:18:16.688,5.9,MANUAL,0,0,0.0,0.0,0.0,4.17,6.89,RIGHT_LANE_ONLY,395.6,75.6,0.5,,
21:18:17.708,5.1,MANUAL,0,0,0.0,0.0,0.0,4.17,6.89,CENTER_DUAL,393.4,73.4,1.0,,
21:18:18.860,5.8,MANUAL,0,0,0.0,0.0,0.0,4.17,6.89,CENTER_DUAL,520.1,200.1,1.0,,
21:18:19.890,5.9,MANUAL,0,0,0.0,0.0,0.0,4.17,6.89,CENTER_DUAL,502.0,182.0,1.0,,
21:18:20.923,5.3,MANUAL,0,0,0.0,0.0,0.0,4.17,6.89,RIGHT_LANE_ONLY,391.5,71.5,0.5,,
21:18:21.931,6.3,MANUAL,0,0,0.0,0.0,0.0,4.17,6.89,RIGHT_LANE_ONLY,371.4,51.4,0.5,,
21:18:23.021,5.7,MANUAL,0,0,0.0,0.0,0.0,4.17,6.89,RIGHT_LANE_ONLY,377.8,57.8,0.5,,
21:18:24.171,6.3,MANUAL,0,0,0.0,0.0,0.0,4.17,6.89,RIGHT_LANE_ONLY,391.3,71.3,0.5,,
21:18:25.304,6.1,MANUAL,0,0,0.0,0.0,0.0,4.17,6.89,RIGHT_LANE_ONLY,392.1,72.1,0.5,,
21:18:26.382,5.1,MANUAL,0,0,0.0,0.0,0.0,4.17,6.89,RIGHT_LANE_ONLY,388.2,68.2,0.5,,
21:18:27.416,6.6,MANUAL,0,0,0.0,0.0,0.0,4.17,6.89,RIGHT_LANE_ONLY,385.8,65.8,0.5,,
21:18:28.584,5.4,MANUAL,0,0,0.0,0.0,0.0,4.17,6.89,CENTER_DUAL,387.5,67.5,1.0,,
21:18:29.633,4.9,MANUAL,0,0,0.0,0.0,0.0,4.17,6.89,CENTER_DUAL,357.9,37.9,1.0,,
21:18:30.710,6.5,MANUAL,0,0,0.0,0.0,0.0,4.17,6.89,CENTER_DUAL,337.6,17.6,1.0,,
21:18:31.836,6.4,MANUAL,0,0,0.0,0.0,0.0,4.17,6.89,CENTER_DUAL,332.1,12.1,1.0,,
21:18:32.948,8.1,MANUAL,0,0,0.0,0.0,0.0,4.17,6.89,LEFT_LANE_ONLY,240.6,-79.4,0.5,,
21:18:34.122,4.3,MANUAL,0,0,0.0,0.0,0.0,4.17,6.89,LEFT_LANE_ONLY,299.0,-21.0,0.5,,
21:18:35.242,6.8,MANUAL,0,0,0.0,0.0,0.0,4.17,6.89,CENTER_DUAL,431.7,111.7,1.0,,
21:18:36.293,6.5,MANUAL,0,0,0.0,0.0,0.0,4.17,6.89,CENTER_DUAL,425.2,105.2,1.0,,
21:18:37.359,7.1,MANUAL,0,0,0.0,0.0,0.0,4.17,6.89,RIGHT_LANE_ONLY,437.0,117.0,0.5,,
21:18:38.504,6.5,MANUAL,0,0,0.0,0.0,0.0,4.17,6.89,RIGHT_LANE_ONLY,438.2,118.2,0.5,,
21:18:39.618,7.0,MANUAL,0,0,0.0,0.0,0.0,4.17,6.89,RIGHT_LANE_ONLY,439.2,119.2,0.5,,
21:18:40.734,7.3,MANUAL,0,0,0.0,0.0,0.0,4.17,6.89,RIGHT_LANE_ONLY,439.6,119.6,0.5,,
21:18:41.815,7.0,MANUAL,0,0,0.0,0.0,0.0,4.17,6.89,RIGHT_LANE_ONLY,439.9,119.9,0.5,,
21:18:42.836,6.5,MANUAL,0,0,0.0,0.0,0.0,4.17,6.89,RIGHT_LANE_ONLY,442.6,122.6,0.5,,
21:18:43.951,6.4,MANUAL,0,0,0.0,0.0,0.0,4.17,6.89,RIGHT_LANE_ONLY,445.4,125.4,0.5,,
21:18:45.072,7.2,MANUAL,0,0,0.0,0.0,0.0,4.17,6.89,RIGHT_LANE_ONLY,445.9,125.9,0.5,,
21:18:46.076,4.6,MANUAL,0,0,0.0,0.0,0.0,4.17,6.89,RIGHT_LANE_ONLY,446.1,126.1,0.5,,
21:18:47.193,4.3,MANUAL,0,0,0.0,0.0,0.0,4.17,6.89,RIGHT_LANE_ONLY,445.7,125.7,0.5,,
21:18:48.308,7.1,MANUAL,0,0,0.0,0.0,0.0,4.17,6.89,RIGHT_LANE_ONLY,445.2,125.2,0.5,,
21:18:49.431,7.1,MANUAL,0,0,0.0,0.0,0.0,4.17,6.89,RIGHT_LANE_ONLY,444.8,124.8,0.5,,
21:18:50.462,4.6,MANUAL,0,0,0.0,0.0,0.0,4.17,6.89,RIGHT_LANE_ONLY,449.0,129.0,0.5,,
21:18:51.557,7.9,MANUAL,0,0,0.0,0.0,0.0,4.17,6.89,RIGHT_LANE_ONLY,447.3,127.3,0.5,,
21:18:52.664,8.1,MANUAL,0,0,0.0,0.0,0.0,4.17,6.89,CENTER_DUAL,372.9,52.9,1.0,,
21:18:53.715,7.1,MANUAL,0,0,0.0,0.0,0.0,4.17,6.89,CENTER_DUAL,286.0,-34.0,1.0,,
21:18:54.791,5.4,MANUAL,0,0,0.0,0.0,0.0,4.17,6.89,CENTER_DUAL,87.4,-232.6,1.0,,
21:18:55.799,6.4,MANUAL,0,0,0.0,0.0,0.0,4.17,6.89,CENTER_DUAL,155.2,-164.8,1.0,,
21:18:56.928,7.0,MANUAL,0,0,0.0,0.0,0.0,4.17,6.89,LEFT_LANE_ONLY,310.7,-9.3,0.5,,
21:18:58.089,6.4,MANUAL,0,0,0.0,0.0,0.0,4.17,6.89,LEFT_LANE_ONLY,315.1,-4.9,0.5,,
21:18:59.108,6.1,MANUAL,0,0,0.0,0.0,0.0,4.17,6.89,LEFT_LANE_ONLY,323.1,3.1,0.5,,
21:19:00.109,5.9,MANUAL,0,0,0.0,0.0,0.0,4.17,6.89,CENTER_DUAL,327.6,7.6,1.0,,
21:19:01.239,6.5,MANUAL,0,0,0.0,0.0,0.0,4.17,6.89,CENTER_DUAL,329.2,9.2,1.0,,
21:19:02.369,6.3,MANUAL,0,0,0.0,0.0,0.0,4.17,6.89,LEFT_LANE_ONLY,323.9,3.9,0.5,,
21:19:03.378,7.2,MANUAL,0,0,0.0,0.0,0.0,4.17,6.89,LEFT_LANE_ONLY,322.8,2.8,0.5,,
21:19:04.488,6.5,MANUAL,0,0,0.0,0.0,0.0,4.17,6.89,LEFT_LANE_ONLY,322.1,2.1,0.5,,
21:19:05.598,5.9,MANUAL,0,0,0.0,0.0,0.0,4.17,6.89,LEFT_LANE_ONLY,321.7,1.7,0.5,,
21:19:06.610,7.2,MANUAL,0,0,0.0,0.0,0.0,4.17,6.89,LEFT_LANE_ONLY,321.4,1.4,0.5,,
21:19:07.734,7.1,MANUAL,0,0,0.0,0.0,0.0,4.17,6.89,LEFT_LANE_ONLY,321.2,1.2,0.5,,
21:19:08.743,7.9,MANUAL,0,0,0.0,0.0,0.0,4.17,6.89,LEFT_LANE_ONLY,321.1,1.1,0.5,,
21:19:09.870,6.4,MANUAL,0,0,0.0,0.0,0.0,4.17,6.89,LEFT_LANE_ONLY,337.0,17.0,0.5,,
21:19:10.910,7.1,MANUAL,0,0,0.0,0.0,0.0,4.17,6.89,LEFT_LANE_ONLY,493.8,173.8,0.5,,
21:19:12.021,7.1,MANUAL,0,0,0.0,0.0,0.0,4.17,6.89,RIGHT_LANE_ONLY,461.3,141.3,0.5,,
21:19:13.023,7.0,MANUAL,0,0,0.0,0.0,0.0,4.17,6.89,RIGHT_LANE_ONLY,360.4,40.4,0.5,,
21:19:14.172,7.1,MANUAL,0,0,0.0,0.0,0.0,4.17,6.89,RIGHT_LANE_ONLY,346.7,26.7,0.5,,
21:19:15.189,5.4,MANUAL,0,0,0.0,0.0,0.0,4.17,6.89,RIGHT_LANE_ONLY,215.6,-104.4,0.5,,
21:19:16.292,5.8,MANUAL,0,0,0.0,0.0,0.0,4.17,6.89,RIGHT_LANE_ONLY,121.4,-198.6,0.5,,
21:19:17.388,5.8,MANUAL,0,0,0.0,0.0,0.0,4.17,6.89,RIGHT_LANE_ONLY,101.7,-218.3,0.5,,
21:19:18.531,5.8,MANUAL,0,0,0.0,0.0,0.0,4.17,6.89,CENTER_DUAL,75.8,-244.2,1.0,,
21:19:19.572,5.3,MANUAL,0,0,0.0,0.0,0.0,4.17,6.89,CENTER_DUAL,68.7,-251.3,1.0,,
21:19:20.600,5.4,MANUAL,0,0,0.0,0.0,0.0,4.17,6.89,CENTER_DUAL,297.6,-22.4,1.0,,
21:19:21.696,5.6,MANUAL,0,0,0.0,0.0,0.0,4.17,6.89,CENTER_DUAL,294.5,-25.5,1.0,,
21:19:22.756,5.2,MANUAL,0,0,0.0,0.0,0.0,4.17,6.89,RIGHT_LANE_ONLY,150.6,-169.4,0.5,,
21:19:23.818,7.0,MANUAL,0,0,0.0,0.0,0.0,4.17,6.89,RIGHT_LANE_ONLY,107.1,-212.9,0.5,,
21:19:24.954,5.3,MANUAL,0,0,0.0,0.0,0.0,4.17,6.89,RIGHT_LANE_ONLY,169.3,-150.7,0.5,,
21:19:26.112,5.4,MANUAL,0,0,0.0,0.0,0.0,4.17,6.89,CENTER_DUAL,180.5,-139.5,1.0,,
21:19:27.308,4.3,MANUAL,0,0,0.0,0.0,0.0,4.17,6.89,CENTER_DUAL,174.7,-145.3,1.0,,
21:19:28.434,5.3,MANUAL,0,0,0.0,0.0,0.0,4.17,6.89,LEFT_LANE_ONLY,209.4,-110.6,0.5,,
21:19:29.568,1.3,MANUAL,0,0,0.0,0.0,0.0,4.17,6.89,CENTER_DUAL,216.6,-103.4,1.0,,
21:19:30.600,4.0,MANUAL,0,0,0.0,0.0,0.0,4.17,6.89,CENTER_DUAL,196.1,-123.9,1.0,,
21:19:31.900,3.3,MANUAL,0,0,0.0,0.0,0.0,4.17,6.89,CENTER_DUAL,187.8,-132.2,1.0,,
21:19:33.167,2.6,MANUAL,0,0,0.0,0.0,0.0,4.17,6.89,CENTER_DUAL,188.5,-131.5,1.0,,
21:19:34.186,6.3,MANUAL,0,0,0.0,0.0,0.0,4.17,6.89,LEFT_LANE_ONLY,210.8,-109.2,0.5,,
21:19:35.254,5.8,MANUAL,0,0,0.0,0.0,0.0,4.17,6.89,CENTER_DUAL,195.6,-124.4,1.0,,
21:19:36.434,5.3,MANUAL,0,0,0.0,0.0,0.0,4.17,6.89,RIGHT_LANE_ONLY,121.6,-198.4,0.5,,
21:19:37.594,5.2,MANUAL,0,0,0.0,0.0,0.0,4.17,6.89,CENTER_DUAL,124.4,-195.6,1.0,,
21:19:38.776,4.3,MANUAL,0,0,0.0,0.0,0.0,4.17,6.89,LEFT_LANE_ONLY,158.4,-161.6,0.5,,
21:19:39.891,5.7,MANUAL,0,0,0.0,0.0,0.0,4.17,6.89,LEFT_LANE_ONLY,201.1,-118.9,0.5,,
21:19:40.921,5.0,MANUAL,0,0,0.0,0.0,0.0,4.17,6.89,LEFT_LANE_ONLY,173.2,-146.8,0.5,,
21:19:42.067,4.6,MANUAL,0,0,0.0,0.0,0.0,4.17,6.89,LEFT_LANE_ONLY,178.7,-141.3,0.5,,
21:19:43.214,5.4,MANUAL,0,0,0.0,0.0,0.0,4.17,6.89,LEFT_LANE_ONLY,203.2,-116.8,0.5,,
21:19:44.339,5.4,MANUAL,0,0,0.0,0.0,0.0,4.17,6.89,CENTER_DUAL,217.9,-102.1,1.0,,
21:19:45.405,4.9,MANUAL,0,0,0.0,0.0,0.0,4.17,6.89,CENTER_DUAL,225.6,-94.4,1.0,,
21:19:46.415,5.0,MANUAL,0,0,0.0,0.0,0.0,4.17,6.89,CENTER_DUAL,227.8,-92.2,1.0,,
21:19:47.572,5.0,MANUAL,0,0,0.0,0.0,0.0,4.17,6.89,CENTER_DUAL,280.3,-39.7,1.0,,
21:19:48.774,5.4,MANUAL,0,0,0.0,0.0,0.0,4.17,6.89,CENTER_DUAL,303.9,-16.1,1.0,,
21:19:49.963,4.0,MANUAL,0,0,0.0,0.0,0.0,4.17,6.89,CENTER_DUAL,357.7,37.7,1.0,,
21:19:51.065,3.2,MANUAL,0,0,0.0,0.0,0.0,4.17,6.89,CENTER_DUAL,376.6,56.6,1.0,,
21:19:52.101,5.1,MANUAL,0,0,0.0,0.0,0.0,4.17,6.89,CENTER_DUAL,370.7,50.7,1.0,,
21:19:53.406,1.8,MANUAL,0,0,0.0,0.0,0.0,4.17,6.89,CENTER_DUAL,360.9,40.9,1.0,,
21:19:54.474,3.5,MANUAL,0,0,0.0,0.0,0.0,4.17,6.89,CENTER_DUAL,289.7,-30.3,1.0,,
21:19:55.557,6.4,MANUAL,0,0,0.0,0.0,0.0,4.17,6.89,LEFT_LANE_ONLY,364.6,44.6,0.5,,
21:19:56.673,6.0,MANUAL,0,0,0.0,0.0,0.0,4.17,6.89,LEFT_LANE_ONLY,380.0,60.0,0.5,,
21:19:57.714,7.0,MANUAL,0,0,0.0,0.0,0.0,4.17,6.89,LEFT_LANE_ONLY,417.8,97.8,0.5,,
21:19:58.841,5.3,MANUAL,0,0,0.0,0.0,0.0,4.17,6.89,LEFT_LANE_ONLY,416.0,96.0,0.5,,
21:19:59.986,5.8,MANUAL,0,0,0.0,0.0,0.0,4.17,6.89,LEFT_LANE_ONLY,384.9,64.9,0.5,,
21:20:01.130,6.4,MANUAL,0,0,0.0,0.0,0.0,4.17,6.89,LEFT_LANE_ONLY,347.6,27.6,0.5,,
21:20:02.283,7.1,MANUAL,0,0,0.0,0.0,0.0,4.17,6.89,CENTER_DUAL,335.7,15.7,1.0,,
21:20:03.412,7.1,MANUAL,0,0,0.0,0.0,0.0,4.17,6.89,CENTER_DUAL,354.3,34.3,1.0,,
21:20:04.583,5.8,MANUAL,0,0,0.0,0.0,0.0,4.17,6.89,RIGHT_LANE_ONLY,352.0,32.0,0.5,,
21:20:05.623,6.4,MANUAL,0,0,0.0,0.0,0.0,4.17,6.89,RIGHT_LANE_ONLY,349.7,29.7,0.5,,
21:20:06.638,7.0,MANUAL,0,0,0.0,0.0,0.0,4.17,6.89,RIGHT_LANE_ONLY,366.3,46.3,0.5,,
21:20:07.805,3.7,MANUAL,0,0,0.0,0.0,0.0,4.17,6.89,RIGHT_LANE_ONLY,360.0,40.0,0.5,,
21:20:08.913,7.2,MANUAL,0,0,0.0,0.0,0.0,4.17,6.89,RIGHT_LANE_ONLY,351.7,31.7,0.5,,
21:20:09.971,5.9,MANUAL,0,0,0.0,0.0,0.0,4.17,6.89,RIGHT_LANE_ONLY,349.0,29.0,0.5,,
21:20:11.037,5.7,MANUAL,0,0,0.0,0.0,0.0,4.17,6.89,RIGHT_LANE_ONLY,338.6,18.6,0.5,,
21:20:12.098,6.3,MANUAL,0,0,0.0,0.0,0.0,4.17,6.89,RIGHT_LANE_ONLY,301.0,-19.0,0.5,,
21:20:13.145,5.3,MANUAL,0,0,0.0,0.0,0.0,4.17,6.89,CENTER_DUAL,296.3,-23.7,1.0,,
21:20:14.236,4.6,MANUAL,0,0,0.0,0.0,0.0,4.17,6.89,CENTER_DUAL,296.9,-23.1,1.0,,
21:20:15.292,4.7,MANUAL,0,0,0.0,0.0,0.0,4.17,6.89,CENTER_DUAL,300.6,-19.4,1.0,,
21:20:16.453,4.5,MANUAL,0,0,0.0,0.0,0.0,4.17,6.89,LEFT_LANE_ONLY,309.4,-10.6,0.5,,
21:20:17.512,5.4,MANUAL,0,0,0.0,0.0,0.0,4.17,6.89,LEFT_LANE_ONLY,316.9,-3.1,0.5,,
21:20:18.527,4.2,MANUAL,0,0,0.0,0.0,0.0,4.17,6.89,LEFT_LANE_ONLY,317.9,-2.1,0.5,,
21:20:19.686,4.5,MANUAL,0,0,0.0,0.0,0.0,4.17,6.89,LEFT_LANE_ONLY,319.0,-1.0,0.5,,
21:20:20.706,5.2,MANUAL,0,0,0.0,0.0,0.0,4.17,6.89,LEFT_LANE_ONLY,321.5,1.5,0.5,,
21:20:21.863,4.6,MANUAL,0,0,0.0,0.0,0.0,4.17,6.89,LEFT_LANE_ONLY,323.9,3.9,0.5,,
21:20:22.896,4.6,MANUAL,0,0,0.0,0.0,0.0,4.17,6.89,LEFT_LANE_ONLY,329.3,9.3,0.5,,
21:20:23.930,5.8,MANUAL,0,0,0.0,0.0,0.0,4.17,6.89,CENTER_DUAL,330.3,10.3,1.0,,
21:20:24.992,4.6,MANUAL,0,0,0.0,0.0,0.0,4.17,6.89,CENTER_DUAL,314.3,-5.7,1.0,,
21:20:25.995,4.6,MANUAL,0,0,0.0,0.0,0.0,4.17,6.89,CENTER_DUAL,312.0,-8.0,1.0,,
21:20:29.777,1.0,MANUAL,0,0,0.0,0.0,0.0,4.17,6.89,RIGHT_LANE_ONLY,298.9,-21.1,0.5,,
21:20:30.885,3.6,MANUAL,0,0,0.0,0.0,0.0,4.17,6.89,CENTER_DUAL,302.6,-17.4,1.0,,
21:20:32.931,1.1,MANUAL,0,0,0.0,0.0,0.0,4.17,6.89,LEFT_LANE_ONLY,299.1,-20.9,0.5,,
21:20:34.994,0.4,MANUAL,0,0,0.0,0.0,0.0,4.17,6.89,LEFT_LANE_ONLY,316.9,-3.1,0.5,,
21:20:36.337,1.9,MANUAL,0,0,0.0,0.0,0.0,4.17,6.89,LEFT_LANE_ONLY,425.7,105.7,0.5,,
21:20:37.534,2.7,MANUAL,0,0,0.0,0.0,0.0,4.17,6.89,LEFT_LANE_ONLY,408.4,88.4,0.5,,
21:20:38.774,3.8,MANUAL,0,0,0.0,0.0,0.0,4.17,6.89,CENTER_DUAL,429.9,109.9,1.0,,
21:20:40.583,1.3,MANUAL,0,0,0.0,0.0,0.0,4.17,6.89,CENTER_DUAL,429.6,109.6,1.0,,
21:20:41.940,1.7,MANUAL,0,0,0.0,0.0,0.0,4.17,6.89,CENTER_DUAL,429.1,109.1,1.0,,
21:20:43.202,2.6,MANUAL,0,0,0.0,0.0,0.0,4.17,6.89,RIGHT_LANE_ONLY,401.8,81.8,0.5,,
21:20:44.569,2.2,MANUAL,0,0,0.0,0.0,0.0,4.17,6.89,CENTER_DUAL,399.9,79.9,1.0,,
21:20:45.735,2.4,MANUAL,0,0,0.0,0.0,0.0,4.17,6.89,CENTER_DUAL,396.6,76.6,1.0,,
21:20:46.969,4.9,MANUAL,0,0,0.0,0.0,0.0,4.17,6.89,CENTER_DUAL,477.2,157.2,1.0,,
21:20:48.010,4.9,MANUAL,0,0,0.0,0.0,0.0,4.17,6.89,CENTER_DUAL,425.6,105.6,1.0,,
21:20:49.256,2.9,MANUAL,0,0,0.0,0.0,0.0,4.17,6.89,CENTER_DUAL,419.9,99.9,1.0,,
21:20:50.385,1.5,MANUAL,0,0,0.0,0.0,0.0,4.17,6.89,CENTER_DUAL,417.5,97.5,1.0,,
21:20:51.530,2.9,MANUAL,0,0,0.0,0.0,0.0,4.17,6.89,LEFT_LANE_ONLY,476.5,156.5,0.5,,
21:20:52.907,2.3,MANUAL,0,0,0.0,0.0,0.0,4.17,6.89,CENTER_DUAL,490.4,170.4,1.0,,
21:20:54.025,3.8,MANUAL,0,0,0.0,0.0,0.0,4.17,6.89,CENTER_DUAL,488.6,168.6,1.0,,
21:20:55.144,3.8,MANUAL,0,0,0.0,0.0,0.0,4.17,6.89,CENTER_DUAL,505.0,185.0,1.0,,
21:20:56.197,4.0,MANUAL,0,0,0.0,0.0,0.0,4.17,6.89,CENTER_DUAL,511.9,191.9,1.0,,
21:20:57.251,3.8,MANUAL,0,0,0.0,0.0,0.0,4.17,6.89,RIGHT_LANE_ONLY,495.9,175.9,0.5,,
21:20:58.332,4.0,MANUAL,0,0,0.0,0.0,0.0,4.17,6.89,RIGHT_LANE_ONLY,488.2,168.2,0.5,,
21:20:59.477,3.4,MANUAL,0,0,0.0,0.0,0.0,4.17,6.89,RIGHT_LANE_ONLY,495.6,175.6,0.5,,
21:21:00.698,4.1,MANUAL,0,0,0.0,0.0,0.0,4.17,6.89,RIGHT_LANE_ONLY,503.1,183.1,0.5,,
21:21:01.789,3.8,MANUAL,0,0,0.0,0.0,0.0,4.17,6.89,CENTER_DUAL,502.9,182.9,1.0,,
21:21:02.897,3.0,MANUAL,0,0,0.0,0.0,0.0,4.17,6.89,CENTER_DUAL,500.6,180.6,1.0,,
21:21:03.903,4.0,MANUAL,0,0,0.0,0.0,0.0,4.17,6.89,CENTER_DUAL,489.9,169.9,1.0,,
21:21:05.087,4.0,MANUAL,0,0,0.0,0.0,0.0,4.17,6.89,CENTER_DUAL,490.1,170.1,1.0,,
21:21:06.215,4.0,MANUAL,0,0,0.0,0.0,0.0,4.17,6.89,RIGHT_LANE_ONLY,496.0,176.0,0.5,,
21:21:07.863,2.2,MANUAL,0,0,0.0,0.0,0.0,4.17,6.89,RIGHT_LANE_ONLY,504.8,184.8,0.5,,
21:21:09.240,2.3,MANUAL,0,0,0.0,0.0,0.0,4.17,6.89,RIGHT_LANE_ONLY,530.7,210.7,0.5,,
21:21:10.649,1.7,MANUAL,0,0,0.0,0.0,0.0,4.17,6.89,RIGHT_LANE_ONLY,480.9,160.9,0.5,,
21:21:11.750,2.1,MANUAL,0,0,0.0,0.0,0.0,4.17,6.89,RIGHT_LANE_ONLY,394.1,74.1,0.5,,
21:21:12.770,3.7,MANUAL,0,0,0.0,0.0,0.0,4.17,6.89,RIGHT_LANE_ONLY,389.0,69.0,0.5,,
21:21:13.777,4.1,MANUAL,0,0,0.0,0.0,0.0,4.17,6.89,RIGHT_LANE_ONLY,271.7,-48.3,0.5,,
21:21:14.848,3.8,MANUAL,0,0,0.0,0.0,0.0,4.17,6.89,RIGHT_LANE_ONLY,241.6,-78.4,0.5,,
21:21:15.973,3.2,MANUAL,0,0,0.0,0.0,0.0,4.17,6.89,RIGHT_LANE_ONLY,209.9,-110.1,0.5,,
21:21:17.174,3.7,MANUAL,0,0,0.0,0.0,0.0,4.17,6.89,CENTER_DUAL,195.1,-124.9,1.0,,
21:21:18.180,3.8,MANUAL,0,0,0.0,0.0,0.0,4.17,6.89,CENTER_DUAL,190.4,-129.6,1.0,,
21:21:19.246,3.6,MANUAL,0,0,0.0,0.0,0.0,4.17,6.89,CENTER_DUAL,190.4,-129.6,1.0,,
21:21:20.387,4.0,MANUAL,0,0,0.0,0.0,0.0,4.17,6.89,CENTER_DUAL,190.6,-129.4,1.0,,
21:21:21.463,2.3,MANUAL,0,0,0.0,0.0,0.0,4.17,6.89,CENTER_DUAL,190.7,-129.3,1.0,,
21:21:23.163,2.2,MANUAL,0,0,0.0,0.0,0.0,4.17,6.89,CENTER_DUAL,190.6,-129.4,1.0,,
21:21:24.256,1.2,MANUAL,0,0,0.0,0.0,0.0,4.17,6.89,CENTER_DUAL,182.5,-137.5,1.0,,
21:21:25.381,4.3,MANUAL,0,0,0.0,0.0,0.0,4.17,6.89,CENTER_DUAL,182.4,-137.6,1.0,,
21:21:26.612,3.2,MANUAL,0,0,0.0,0.0,0.0,4.17,6.89,CENTER_DUAL,177.6,-142.4,1.0,,
21:21:27.862,3.6,MANUAL,0,0,0.0,0.0,0.0,4.17,6.89,CENTER_DUAL,160.6,-159.4,1.0,,
21:21:29.194,3.4,MANUAL,0,0,0.0,0.0,0.0,4.17,6.89,CENTER_DUAL,110.5,-209.5,1.0,,
21:21:30.492,2.9,MANUAL,0,0,0.0,0.0,0.0,4.17,6.89,CENTER_DUAL,80.3,-239.7,1.0,,
21:21:31.722,4.3,MANUAL,0,0,0.0,0.0,0.0,4.17,6.89,CENTER_DUAL,83.4,-236.6,1.0,,
21:21:32.743,3.6,MANUAL,0,0,0.0,0.0,0.0,4.17,6.89,CENTER_DUAL,78.3,-241.7,1.0,,
21:21:33.886,2.9,MANUAL,0,0,0.0,0.0,0.0,4.17,6.89,RIGHT_LANE_ONLY,117.4,-202.6,0.5,,
